{"numero":"79","stations":[{"id":"79230004","commune":"AIFFRES","cp":"79230","adresse":"A10 aire de poitou charentes","nom":"Dupe Troll Station SHELL","marque":"Shell"},{"id":"79230003","commune":"AIFFRES","cp":"79230","adresse":"1675 route de niort","nom":"FIEF JOLY","marque":"Elan"},{"id":"79600003","commune":"AIRVAULT","cp":"79600","adresse":"Route de poitiers","nom":"INTERMARCHE AIRVAULT","marque":"Intermarche"},{"id":"79510002","commune":"ARGENTON-LES-VALLEES","cp":"79150","adresse":"Rue du pont cadoret","nom":"ESTENOZA","marque":"Elan"},{"id":"79150002","commune":"ARGENTONNAY","cp":"79150","adresse":"26 av camille jouffrault - argenton les vallees","nom":"carrefour contact","marque":"Carrefour Contact"},{"id":"79400003","commune":"AZAY-LE-BRULE","cp":"79400","adresse":"La plaine d'azia","nom":"SAINT-MAIXENT-DIS","marque":"Leclerc"},{"id":"79360001","commune":"BEAUVOIR-SUR-NIORT","cp":"79360","adresse":"1 impasse des acacias","nom":"INTERMARCHE BEAUVOIR SUR NIORT","marque":"Intermarche"},{"id":"79000014","commune":"BESSINES","cp":"79000","adresse":"Route de la rochelle, lieu-dit \"les grues\"","nom":"STATION E.LECLERC BESSINES","marque":"Leclerc"},{"id":"79300005","commune":"BRESSUIRE","cp":"79300","adresse":"13 rue des joncs","nom":"Bocage distribution","marque":"Leclerc"},{"id":"79300006","commune":"BRESSUIRE","cp":"79300","adresse":"Boulevard de thouars","nom":"Bocage distribution","marque":"Leclerc"},{"id":"79300001","commune":"BRESSUIRE","cp":"79300","adresse":"27 boulevard de l'europe","nom":"Carrefour Market","marque":"Carrefour Market"},{"id":"79300007","commune":"BRESSUIRE","cp":"79300","adresse":"1 rue jean giono","nom":"RELAIS BOCAPOLE","marque":"TotalEnergies Access"},{"id":"79170001","commune":"BRIOUX-SUR-BOUTONNE","cp":"79170","adresse":"Avenue de royan","nom":"INTERMARCHE BRIOUX SUR BOUTONNE","marque":"Intermarche"},{"id":"79370001","commune":"CELLES-SUR-BELLE","cp":"79370","adresse":"22 rue des acacias","nom":"INTERMARCHE CELLES SUR BELLE","marque":"Intermarche"},{"id":"79140002","commune":"CERIZAY","cp":"79140","adresse":"Avenue de la gare","nom":"Mme RIVELON Marie line","marque":"TotalEnergies"},{"id":"79140001","commune":"CERIZAY","cp":"79140","adresse":"Boulevard georges pompidou","nom":"Super U CERIZAY","marque":"Systeme U"},{"id":"79500003","commune":"CHAIL","cp":"79500","adresse":"D948","nom":"GARAGE CHAILLOIS","marque":"Avia"},{"id":"79220001","commune":"CHAMPDENIERS-SAINT-DENIS","cp":"79220","adresse":"50, rue de la grange lucas","nom":"Super U CHAMPDENIERS","marque":"Systeme U"},{"id":"79200009","commune":"CHATILLON SUR THOUET","cp":"79200","adresse":"Bd du thouet","nom":"SARL SIGESS CLD","marque":"Esso"},{"id":"79200003","commune":"CHATILLON-SUR-THOUET","cp":"79200","adresse":"Route de bressuire","nom":"Station route de Bressuire","marque":"Leclerc"},{"id":"79180005","commune":"CHAURAY","cp":"79180","adresse":"245 avenue des tilleuls","nom":"CARREFOUR CONTACT CHAURAY","marque":"Carrefour Contact"},{"id":"79180002","commune":"CHAURAY","cp":"79180","adresse":"659, rte de paris","nom":"RELAIS NIORT CHAURAY","marque":"TotalEnergies Access"},{"id":"79110003","commune":"CHEF-BOUTONNE","cp":"79110","adresse":"6 avenue louis doignon","nom":"INTERMARCHE CHEF BOUTONNE","marque":"Intermarche"},{"id":"79110001","commune":"CHEF-BOUTONNE","cp":"79110","adresse":"17 place cail","nom":"U Express Coop Atlantique Chef-Boutonne","marque":"Systeme U"},{"id":"79160001","commune":"COULONGES-SUR-L'AUTIZE","cp":"79160","adresse":"16 route de niort","nom":"Super U COULONGES SUR L'AUTIZE","marque":"Systeme U"},{"id":"79410001","commune":"ECHIRE","cp":"79410","adresse":"Rue de la sabliere","nom":"Super U ECHIRE","marque":"Systeme U"},{"id":"79160002","commune":"FAYE-SUR-ARDIN","cp":"79160","adresse":"A83 - aire de la parthenaise","nom":"SODIPLEC Niort La Parthenaise","marque":"Leclerc"},{"id":"79110002","commune":"FONTENILLE-ST-MARTIN-D'ENTRAIGUE","cp":"79110","adresse":"55 route de niort","nom":"AVIA STATION SERVICE BECHON","marque":"Avia"},{"id":"79240003","commune":"L'ABSIE","cp":"79240","adresse":"2 rue de la taillee","nom":"magabsie","marque":"Carrefour Contact"},{"id":"79430001","commune":"LA CHAPELLE-SAINT-LAURENT","cp":"79430","adresse":"23 route de bressuire","nom":"GARAGE DE LA CHAPELLE","marque":"TOTAL"},{"id":"79260004","commune":"LA CRECHE","cp":"79260","adresse":" allee de la communaute","nom":"LA CRECHE","marque":"Carrefour Contact"},{"id":"79800012","commune":"LA MOTHE-SAINT-HERAY","cp":"79800","adresse":"Route de saint-maixent","nom":"Carrefour Contact","marque":"Carrefour Contact"},{"id":"79120002","commune":"LEZAY","cp":"79120","adresse":"23 route de melle","nom":"SAS GELUSA","marque":"Intermarche"},{"id":"79460001","commune":"MAGNE","cp":"79460","adresse":"Av du marais poitevin","nom":"Super U MAGNE","marque":"Systeme U"},{"id":"79700001","commune":"MAULEON","cp":"79700","adresse":"38 route de poitiers","nom":"Super U MAULEON","marque":"Systeme U"},{"id":"79210001","commune":"MAUZE-SUR-LE-MIGNON","cp":"79210","adresse":"Rue de la distillerie","nom":"INTERMARCHE MAUZE SUR LE MIGNON","marque":"Intermarche"},{"id":"79310001","commune":"MAZIERES-EN-GATINE","cp":"79310","adresse":"Echangeur nord","nom":"SARL MARTIN SERVICE AUTO","marque":"TotalEnergies"},{"id":"79500004","commune":"MELLE","cp":"79500","adresse":"La colonne","nom":"MR RAFFOUX - GARAGE DE LA COLONNE","marque":"TotalEnergies"},{"id":"79320001","commune":"MONCOUTANT","cp":"79320","adresse":"20 avenue de paris","nom":"Super U MONCOUTANT","marque":"Systeme U"},{"id":"79000001","commune":"NIORT","cp":"79000","adresse":"80 avenue saint-jean d'angely","nom":"Carrefour Market","marque":"Carrefour Market"},{"id":"79000002","commune":"NIORT","cp":"79000","adresse":"Boulevard de l'atlantique","nom":"CARREFOUR NIORT","marque":"Carrefour"},{"id":"79000012","commune":"NIORT","cp":"79000","adresse":"202 avenue de la rochelle","nom":"ESSO EXPRESS NIORT OCEAN","marque":"Esso Express"},{"id":"79000015","commune":"NIORT","cp":"79000","adresse":"130 avenue de nantes","nom":"INTERMARCHE NIORT","marque":"Intermarche"},{"id":"79000008","commune":"NIORT","cp":"79000","adresse":"358 route d'aiffres","nom":"INTERMARCHE NIORT AIFFRES","marque":"Intermarche"},{"id":"79004001","commune":"NIORT","cp":"79000","adresse":"68 rue de fontenay","nom":"NIORT OUEST DISTRIBUTION","marque":"Leclerc"},{"id":"79000013","commune":"NIORT","cp":"79000","adresse":"122 avenue de la rochelle","nom":"RELAIS DE LA SEVRE","marque":"TotalEnergies Access"},{"id":"79000005","commune":"NIORT","cp":"79000","adresse":"232 avenue de paris","nom":"SARL ROBIN","marque":"TotalEnergies"},{"id":"79025002","commune":"NIORT","cp":"79000","adresse":"580, avenue de paris","nom":"TRENTE ORMEAUX DISTRIBUTION","marque":"Leclerc"},{"id":"79250002","commune":"NUEIL-LES-AUBIERS","cp":"79250","adresse":"Les 2 villages","nom":"INTERMARCHE","marque":"Intermarche"},{"id":"79800011","commune":"PAMPROUX","cp":"79800","adresse":"Autoroute a10 - aire de rouille pamproux nord","nom":"RELAIS DU POITOU","marque":"TotalEnergies"},{"id":"79800008","commune":"PAMPROUX","cp":"79800","adresse":"A10 aire de rouille pamproux sud","nom":"ROMPETROL Pamproux","marque":"Dyneff"},{"id":"79200011","commune":"PARTHENAY","cp":"79200","adresse":"20 boulevard georges clemenceau","nom":"Avia Xpress Picoty reseau","marque":"Avia"},{"id":"79200001","commune":"PARTHENAY","cp":"79200","adresse":"1 avenue francois mitterrand","nom":"Hyper U PARTHENAY","marque":"Systeme U"},{"id":"79208001","commune":"PARTHENAY","cp":"79200","adresse":"58 rue leonard de vinci","nom":"PARTHENAY-DISTRIBUTION","marque":"Leclerc"},{"id":"79200010","commune":"POMPAIRE","cp":"79200","adresse":"46, route de saint-maixent","nom":"INTERMARCHE Pompaire","marque":"Intermarche"},{"id":"79500005","commune":"SAINT-LEGER-DE-LA-MARTINIERE","cp":"79500","adresse":"41 route de poitiers","nom":"INTERMARCHE ST LEGER SUR MELLE","marque":"Intermarche"},{"id":"79500002","commune":"SAINT-LEGER-DE-LA-MARTINIERE","cp":"79500","adresse":"Avenue clement pineau","nom":"Super U ST LEGER DE LA MARTINIERE","marque":"Systeme U"},{"id":"79400004","commune":"SAINT-MAIXENT-L'ECOLE","cp":"79400","adresse":"7 voie charles vii","nom":"INTERMARCHE ST MAIXENT L'ECOLE","marque":"Intermarche"},{"id":"79330001","commune":"SAINT-VARENT","cp":"79330","adresse":"Avenue des platanes","nom":"INTERMARCHE ST-VARENT","marque":"Intermarche"},{"id":"79190001","commune":"SAUZE-VAUSSAIS","cp":"79190","adresse":"Route de montalembert","nom":"Super U SAUZE VAUSSAIS","marque":"Systeme U"},{"id":"79130001","commune":"SECONDIGNY","cp":"79130","adresse":"Place du marche","nom":"Super U SECONDIGNY","marque":"Systeme U"},{"id":"79390007","commune":"THENEZAY","cp":"79390","adresse":"30 place de l hotel de ville","nom":"Carrefour Contact Thenezay","marque":"Carrefour Contact"},{"id":"79100006","commune":"THOUARS","cp":"79100","adresse":"22 boulevard jacques menard","nom":"EURL LES 3 PILIERS","marque":"TotalEnergies"},{"id":"79100009","commune":"THOUARS","cp":"79100","adresse":"2 passage du commerce","nom":"SAS EDELLE","marque":"Independant sans enseigne"},{"id":"79100001","commune":"THOUARS","cp":"79100","adresse":"Bd port gentil","nom":"Super U THOUARS","marque":"Systeme U"},{"id":"79100003","commune":"THOUARS","cp":"79100","adresse":"Route de saumur","nom":"THOUARS DISTRIBUTION","marque":"Leclerc"},{"id":"79160003","commune":"VILLIERS-EN-PLAINE","cp":"79160","adresse":"Autoroute a83 aire des deux sevres","nom":"SODIPLEC Niort DEUX SEVRES","marque":"Leclerc"},{"id":"79230005","commune":"VOUILLE","cp":"79230","adresse":"Autoroute a10 - aire de poitou charente","nom":"RELAIS POITOU CHARENTES SUD","marque":"TotalEnergies"}]}