{"numero":"66","stations":[{"id":"66700003","commune":"ARGELES-SUR-MER","cp":"66700","adresse":"Avenue du 8 mai 1945","nom":"SARL NEGRELL ET FILS","marque":"Dyneff"},{"id":"66700007","commune":"ARGELES-SUR-MER","cp":"66700","adresse":"5 route du littoral","nom":"SAS PETROSUD FORMENTY","marque":"TotalEnergies"},{"id":"66700001","commune":"ARGELES-SUR-MER","cp":"66700","adresse":"Route de perpignan","nom":"STATION SERVICE INTERMARCHE","marque":"Intermarche"},{"id":"66510001","commune":"ARLES-SUR-TECH","cp":"66150","adresse":"Route d'amelie les bains","nom":"SARL LE RELAIS DE BONABOSC","marque":"TotalEnergies"},{"id":"66300013","commune":"BANYULS-DELS-ASPRES","cp":"66300","adresse":"A9 - aire des villages catalans","nom":"ROMPETROL Banyuls","marque":"Dyneff"},{"id":"66650002","commune":"BANYULS-SUR-MER","cp":"66650","adresse":"Rn 114 zac de la rectorie","nom":"Carrefour Market","marque":"Carrefour Market"},{"id":"66210004","commune":"BOLQUERE","cp":"66210","adresse":"D618, route de la foret","nom":"INTERMARCHE BOLQUERE","marque":"Intermarche"},{"id":"66430002","commune":"BOMPAS","cp":"66430","adresse":"Route de torreilles","nom":"SUPER U BOMPAS","marque":"Systeme U"},{"id":"66330002","commune":"CABESTANY","cp":"66330","adresse":"4 rue louis joseph gay-lussac","nom":"INTERMARCHE CABESTANY","marque":"Intermarche"},{"id":"66140002","commune":"CANET-EN-ROUSSILLON","cp":"66140","adresse":"2 boulevard las bigues","nom":"INTERMARCHE CANET EN ROUSSILLON","marque":"Intermarche"},{"id":"66140003","commune":"CANET-EN-ROUSSILLON","cp":"66140","adresse":"Centre commercial les alizees","nom":"Intermarche Canet en Roussillon plage","marque":"Intermarche"},{"id":"66680001","commune":"CANOHES","cp":"66680","adresse":"Rue couloumine","nom":"INTERMARCHE CANOHES","marque":"Intermarche"},{"id":"66400006","commune":"CERET","cp":"66400","adresse":"Place de la resistance","nom":"carrefour market","marque":"Carrefour Market"},{"id":"66400004","commune":"CERET","cp":"66400","adresse":"3 rue batere","nom":"INTERMARCHE CERET","marque":"Intermarche"},{"id":"66530001","commune":"CLAIRA","cp":"66530","adresse":"Route du barcares","nom":"CARREFOUR CLAIRA","marque":"Carrefour"},{"id":"66530002","commune":"CLAIRA","cp":"66530","adresse":"Rd 83 borne 12","nom":"SAS PETROSUD FORMENTY","marque":"ESSO"},{"id":"66120001","commune":"EGAT","cp":"66120","adresse":"Rond point d'egat","nom":"STATION U","marque":"Station U"},{"id":"66200001","commune":"ELNE","cp":"66200","adresse":"10, boulevard jacques albert","nom":"Intermarche","marque":"Intermarche"},{"id":"66201001","commune":"ELNE","cp":"66200","adresse":"Route de perpignan bp1","nom":"SAS GARAGE MARTRE","marque":"Dyneff"},{"id":"66310001","commune":"ESTAGEL","cp":"66310","adresse":"47a av dr torreilles, station esso","nom":"see cuesta sarl","marque":"Esso"},{"id":"66130002","commune":"ILLE-SUR-TET","cp":"66130","adresse":"C.commercial du riberal","nom":"Super U","marque":"Systeme U"},{"id":"66740003","commune":"LAROQUE-DES-ALBERES","cp":"66740","adresse":"Route d argeles","nom":"Carrefour Market","marque":"Carrefour Market"},{"id":"66200005","commune":"LATOUR BAS ELNE","cp":"66200","adresse":"Zac des aspres","nom":"AUCHAN SUPERMARCHE LATOUR-BAS-ELNE","marque":"Auchan"},{"id":"66200003","commune":"LATOUR-BAS-ELNE","cp":"66200","adresse":"Avenue de saint cyprien","nom":"INTERMARCHE LATOUR BAS ELNE","marque":"Intermarche"},{"id":"66420002","commune":"LE BARCARES","cp":"66420","adresse":"Boulevard du 14 juillet","nom":"MONTANER ET FILS","marque":"Dyneff"},{"id":"66420003","commune":"LE BARCARES","cp":"66420","adresse":"Avenue du roussillon","nom":"MONTANER ET FILS sortie 14","marque":"Dyneff"},{"id":"66420001","commune":"LE BARCARES","cp":"66420","adresse":"Boulevard du 14 juillet","nom":"STATION U","marque":"Systeme U"},{"id":"66160001","commune":"LE BOULOU","cp":"66160","adresse":"Route de perpignan","nom":"008. SODITECH - Le Boulou","marque":"Leclerc"},{"id":"66160004","commune":"LE BOULOU","cp":"66160","adresse":"9 carrer d'en cavailles","nom":"PETROSUD","marque":"TotalEnergies Access"},{"id":"66270004","commune":"LE SOLER","cp":"66270","adresse":"Za sainte eugenie","nom":"CARREFOUR CONTACT LE SOLER","marque":"CARREFOUR"},{"id":"66270001","commune":"LE SOLER","cp":"66270","adresse":"Avenue jean jaures","nom":"INTERMARCHE LE SOLER","marque":"Intermarche"},{"id":"66300015","commune":"LLUPIA","cp":"66300","adresse":"Dep 612 - lieu dit le salaou","nom":"SAS SALAO","marque":"Intermarche"},{"id":"66170001","commune":"MILLAS","cp":"66170","adresse":"Route de prades","nom":"INTERMARCHE MILLAS","marque":"Intermarche"},{"id":"66170002","commune":"MILLAS","cp":"66170","adresse":"157 avenue jean jaures","nom":"SARL AGNEL ET FILS","marque":"Independant sans enseigne"},{"id":"66200002","commune":"MONTESCOT","cp":"66200","adresse":"Rd 612 - le pain de sucre","nom":"INTERMARCHE MONTESCOT","marque":"Intermarche"},{"id":"66360001","commune":"OLETTE","cp":"66360","adresse":"109 avenue du general de gaulle","nom":"DYNEFF Olette","marque":"Dyneff"},{"id":"66005001","commune":"PERPIGNAN","cp":"66000","adresse":"Avenue victor dalbiez","nom":"036. SODICAT - Perpignan","marque":"Leclerc"},{"id":"66028001","commune":"PERPIGNAN","cp":"66000","adresse":"Avenue d'espagne","nom":"AUCHAN","marque":"Auchan"},{"id":"66962001","commune":"PERPIGNAN","cp":"66000","adresse":"Route de canet","nom":"CARREFOUR PERPIGNAN","marque":"Carrefour"},{"id":"66000003","commune":"PERPIGNAN","cp":"66000","adresse":"2060 avenue julien panchot","nom":"DYNEFF Thuir","marque":"Dyneff"},{"id":"66000010","commune":"PERPIGNAN","cp":"66000","adresse":"43 avenue du general guillaut","nom":"ESSO PERPINYA","marque":"Esso Express"},{"id":"66000006","commune":"PERPIGNAN","cp":"66000","adresse":"3387 avenue de prades","nom":"Mme Vidal Trousseu Brigitte","marque":"TotalEnergies"},{"id":"66000012","commune":"PERPIGNAN","cp":"66000","adresse":"855 avenue julien panchot","nom":"PETROR","marque":"PETROR"},{"id":"66000021","commune":"PERPIGNAN","cp":"66000","adresse":"Avenue andre tourne","nom":"PETROSUD PERPIGNAN","marque":"TOTAL ENERGIE"},{"id":"66100002","commune":"PERPIGNAN","cp":"66100","adresse":"294, avenue d'argeles sur mer","nom":"RELAIS DES ALBERES","marque":"TotalEnergies"},{"id":"66000018","commune":"PERPIGNAN","cp":"66000","adresse":"Route d espagne","nom":"RELAIS PORTE ESPAGNE","marque":"TotalEnergies Access"},{"id":"66962002","commune":"PERPIGNAN","cp":"66962","adresse":"2130 avenue du languedoc","nom":"SAS VERNET DIS","marque":"Leclerc"},{"id":"66000005","commune":"PERPIGNAN","cp":"66000","adresse":"21 boulevard docteur joseph denoyes","nom":"SUPER U","marque":"Systeme U"},{"id":"66000016","commune":"PERPIGNAN","cp":"66000","adresse":"3170, avenue julien panchot","nom":"TOTAL ACCESS SAINT CHARLES CATALOGNE CARBURANTS SUD","marque":"TotalEnergies Access"},{"id":"66000020","commune":"PERPIGNAN","cp":"66000","adresse":"Impasse jacques de noell","nom":"TOTAL AUTOMAT' POLYGONE NORD CATALOGNE CARBURANTS NORD","marque":"TotalEnergies Access"},{"id":"66380001","commune":"PIA","cp":"66380","adresse":"Km 6  route nationale 9","nom":"ESSO DE PIA","marque":"Esso Express"},{"id":"66450001","commune":"POLLESTRES","cp":"66450","adresse":"Lieu dit la deveze","nom":"INTERMARCHE SAS LILONE","marque":"Intermarche"},{"id":"66660002","commune":"PORT-VENDRES","cp":"66660","adresse":"Route de la gare","nom":"SAS PVL INTERMARCHE","marque":"Intermarche"},{"id":"66500001","commune":"PRADES","cp":"66500","adresse":"Grande rocade","nom":"SUPER U","marque":"Systeme U"},{"id":"66600001","commune":"RIVESALTES","cp":"66600","adresse":"Avenue de l'aeroport","nom":"INTERMARCHE RIVESALTES","marque":"Intermarche"},{"id":"66600002","commune":"RIVESALTES","cp":"66600","adresse":"2 rue jeanne barret-masgarrigue sud","nom":"RELAIS RIVESALTES NORD","marque":"TotalEnergies Access"},{"id":"66690001","commune":"SAINT-ANDRE","cp":"66690","adresse":"Cd 618 lieu dit couloumes","nom":"INTERMARCHE SAINT ANDRE","marque":"Intermarche"},{"id":"66750004","commune":"SAINT-CYPRIEN","cp":"66750","adresse":"74 boulevard desnoyer","nom":"RELAIS LAS ROUTES","marque":"TotalEnergies Access"},{"id":"66470002","commune":"SAINTE MARIE LA MER","cp":"66470","adresse":"12 rue gustave eiffel","nom":"STATION GKO","marque":"Independant sans enseigne"},{"id":"66624001","commune":"SAINT-ESTEVE","cp":"66240","adresse":"14 rue des grillons","nom":"DYNEFF","marque":"Dyneff"},{"id":"66240001","commune":"SAINT-ESTEVE","cp":"66240","adresse":"8 boulevard du canigou","nom":"Intermarche SAINT ESTEVE","marque":"Intermarche"},{"id":"66250001","commune":"SAINT-LAURENT-DE-LA-SALANQUE","cp":"66250","adresse":"Route du barcares","nom":"EOR ST LAURENT S FORMENTY","marque":"TotalEnergies"},{"id":"66250003","commune":"SAINT-LAURENT-DE-LA-SALANQUE","cp":"66250","adresse":"Avenue de la cote vermeille","nom":"EURL BALOUET DOMINIQUE","marque":"Dyneff"},{"id":"66250002","commune":"SAINT-LAURENT-DE-LA-SALANQUE","cp":"66250","adresse":"Route du barcares","nom":"INTERMARCHE","marque":"Intermarche"},{"id":"66220001","commune":"SAINT-PAUL-DE-FENOUILLET","cp":"66220","adresse":"Lotissement le pla","nom":"Carrefour Market","marque":"Carrefour Market"},{"id":"66330001","commune":"SALEILLES","cp":"66280","adresse":"Avenue de perpignan","nom":"SARL GARAGE CALVET","marque":"TotalEnergies"},{"id":"66300012","commune":"THUIR","cp":"66300","adresse":"1 avenue cote vermeille","nom":"NETTO THUIR","marque":"Netto"},{"id":"66300014","commune":"THUIR","cp":"66300","adresse":"Chemin de camalens av de la padrouze","nom":"SUPER U  LES ASPRES","marque":"Systeme U"},{"id":"66820001","commune":"VERNET-LES-BAINS","cp":"66820","adresse":"Avenue clemenceau","nom":"INTERMARCHE VERNET LES BAINS","marque":"Intermarche Contact"},{"id":"66300017","commune":"VILLEMOLAQUE","cp":"66300","adresse":"1 rue de la commanderie","nom":"CARREFOUR CONTACT VILLEMOLAQUE","marque":"Carrefour Contact"}]}