{"numero":"24","stations":[{"id":"24460003","commune":"AGONAC","cp":"24460","adresse":"94 avenue de la beauronne","nom":"station total contact agonac","marque":"TotalEnergies"},{"id":"24440001","commune":"BEAUMONT-DU-PERIGORD","cp":"24440","adresse":"Avenue de monpazier","nom":"INTERMARCHE","marque":"Intermarche"},{"id":"24170001","commune":"BELVES","cp":"24170","adresse":"Vaurez","nom":"VAUREZ SERVICE","marque":"TotalEnergies"},{"id":"24100019","commune":"BERGERAC","cp":"24100","adresse":"8 boulevard jean moulin","nom":"Avia XPress Picoty Reseau","marque":"Avia"},{"id":"24114001","commune":"BERGERAC","cp":"24100","adresse":"Route de bordeaux","nom":"BERCADIS","marque":"Leclerc"},{"id":"24100007","commune":"BERGERAC","cp":"24100","adresse":" boulevard auguste comte","nom":"Carrefour Market","marque":"Carrefour Market"},{"id":"24100008","commune":"BERGERAC","cp":"24100","adresse":"Route de sainte alvere","nom":"CARREFOUR MARKET - Route de Sainte Alvere","marque":"Carrefour Market"},{"id":"24100012","commune":"BERGERAC","cp":"24100","adresse":"103 avenue paul doumer","nom":"INTERMARCHE BERGERAC - Route de Marmande","marque":"Intermarche"},{"id":"24100010","commune":"BERGERAC","cp":"24100","adresse":"15 route d'agen - lespinassat","nom":"MAYA RELAIS DE L'AEROPORT TOTAL","marque":"TotalEnergies"},{"id":"24100014","commune":"BERGERAC","cp":"24100","adresse":"Rue des docteurs vizerie","nom":"RELAIS BERGERAC LA SOURCE","marque":"TotalEnergies Access"},{"id":"24107001","commune":"BERGERAC","cp":"24100","adresse":"101, avenue pasteur","nom":"S.A. PASTEUR DISTRIBUTION","marque":"Leclerc"},{"id":"24100016","commune":"BERGERAC","cp":"24100","adresse":"8 rue claude bernard","nom":"SAS CREYNAUVE","marque":"Netto"},{"id":"24100018","commune":"BERGERAC","cp":"24100","adresse":"14 rue durou","nom":"SAS St Martin distribution","marque":"Intermarche"},{"id":"24750001","commune":"BOULAZAC","cp":"24750","adresse":"Allee jacques duclos","nom":"Hyper U Coop Atlantique Boulazac","marque":"Systeme U"},{"id":"24000004","commune":"BOULAZAC","cp":"24750","adresse":"192 route de lyon","nom":"TOTAL ACCESS MAGOT CAVARD","marque":"TotalEnergies Access"},{"id":"24310002","commune":"BRANTOME","cp":"24310","adresse":"Puy laurent","nom":"Carrefour Market","marque":"Carrefour Market"},{"id":"24310003","commune":"BRANTOME","cp":"24310","adresse":"Avenue du 8 mai 1945","nom":"Carrefour Market","marque":"Carrefour Market"},{"id":"24310001","commune":"BRANTOME","cp":"24310","adresse":"27, avenue andre maurois","nom":"EODR BRANTOME DESVERGNE","marque":"TotalEnergies"},{"id":"24250001","commune":"CENAC-ET-SAINT-JULIEN","cp":"24250","adresse":"604 rue de la republique","nom":"CARREFOUR CONTACT","marque":"Carrefour Contact"},{"id":"24650001","commune":"CHANCELADE","cp":"24650","adresse":"16, rue des fleurs","nom":"INTERMARCHE CHANCELADE","marque":"Intermarche"},{"id":"24660003","commune":"COULOUNIEIX-CHAMIERS","cp":"24660","adresse":"Avenue winston churchill","nom":"INTERMARCHE COULOUNIEIX-CHAMIERS","marque":"Intermarche"},{"id":"24100011","commune":"CREYSSE","cp":"24100","adresse":"154 avenue de la roque","nom":"INTERMARCHE CREYSSE","marque":"Intermarche"},{"id":"24100020","commune":"CREYSSE","cp":"24100","adresse":"46, avenue de la gare","nom":"RELAIS CREYSSE","marque":"TotalEnergies"},{"id":"24500002","commune":"EYMET","cp":"24500","adresse":"Plaine de bretou","nom":"Carrefour Contact","marque":"Carrefour Contact"},{"id":"24250004","commune":"GROLEJAC","cp":"24250","adresse":"Le bourg","nom":"Perigord Quercy automobiles","marque":"TotalEnergies"},{"id":"24390001","commune":"HAUTEFORT","cp":"24390","adresse":"La gare","nom":"INTERMARCHE HAUTEFORT","marque":"Intermarche"},{"id":"24450001","commune":"LA COQUILLE","cp":"24450","adresse":"Avenue de perigueux","nom":"CARREFOUR CONTACT","marque":"Carrefour Contact"},{"id":"59216002","commune":"LA COQUILLE","cp":"24450","adresse":"2 rue de la republique","nom":"CARREFOUR CONTACT","marque":"Carrefour Contact"},{"id":"24120009","commune":"LA FEUILLADE","cp":"24120","adresse":"Za le guinassou","nom":"AVIA BEYNAT ROCHE","marque":"Avia"},{"id":"24120008","commune":"LA FEUILLADE","cp":"24120","adresse":"Route de perigueux","nom":"SAS LOUMAX","marque":"Intermarche"},{"id":"24130003","commune":"LA FORCE","cp":"24130","adresse":"5 avenue du commandant pinson","nom":"Carrefour Express","marque":"Carrefour Express"},{"id":"24150001","commune":"LALINDE","cp":"24150","adresse":"Route de mauzac","nom":"INTERMARCHE LALINDE","marque":"Intermarche"},{"id":"24150003","commune":"LALINDE","cp":"24150","adresse":"68 avenue paul langevin","nom":"SANEA SERVICES","marque":"Avia"},{"id":"24270005","commune":"LANOUAILLE","cp":"24270","adresse":"La planche","nom":"CARREFOUR CONTACT LANOUAILLE","marque":"Carrefour Contact"},{"id":"24270001","commune":"LANOUAILLE","cp":"24270","adresse":"127 rue du limousin","nom":"SARL CARBU 24","marque":"TotalEnergies"},{"id":"24490002","commune":"LA ROCHE-CHALAIS","cp":"24490","adresse":"59 avenue d'aquitaine","nom":"INTERMARCHE LA ROCHE CHALAIS","marque":"Intermarche"},{"id":"24250003","commune":"LA ROQUE GAGEAC","cp":"24250","adresse":"1403 route des resistants","nom":"STATION TOTAL CONTACT","marque":"TotalEnergies"},{"id":"24320002","commune":"LA TOUR-BLANCHE","cp":"24320","adresse":"11 rue passadour","nom":"JMD AUTOMOBILES","marque":"Avia"},{"id":"24260001","commune":"LE BUGUE","cp":"24260","adresse":"Avenue de la liberation","nom":"INTERMARCHE LE BUGUE","marque":"Intermarche"},{"id":"24480001","commune":"LE BUISSON-DE-CADOUIN","cp":"24480","adresse":"1 place mianne","nom":"POILLEUX","marque":"TotalEnergies"},{"id":"24620001","commune":"LES EYZIES","cp":"24620","adresse":"24 av de la forge","nom":"Relais des Mousquetaires  SAS CHRISFANIE","marque":"Intermarche Contact"},{"id":"24430001","commune":"MARSAC-SUR-L'ISLE","cp":"24430","adresse":"Av  louis suder","nom":"AUCHAN MARSAC SUR L'ISLE","marque":"Auchan"},{"id":"24430003","commune":"MARSAC-SUR-L'ISLE","cp":"24430","adresse":"41 route de riberac","nom":"MARSAC AUTO SERVICE","marque":"TotalEnergies"},{"id":"24230003","commune":"MONTCARET","cp":"24230","adresse":"113 route du perigord pourpre","nom":"Ferla","marque":"TotalEnergies"},{"id":"24290001","commune":"MONTIGNAC","cp":"24290","adresse":"559 route de thonac","nom":"INTERMARCHE MONTIGNAC","marque":"Intermarche"},{"id":"24700001","commune":"MONTPON-MENESTEROL","cp":"24700","adresse":"Avenue georges pompidou","nom":"INTERMARCHE","marque":"Intermarche"},{"id":"24460002","commune":"NEGRONDES","cp":"24460","adresse":"1049 route de gavarnie","nom":"STATION TotalEnergies","marque":"TotalEnergies"},{"id":"24190001","commune":"NEUVIC","cp":"24190","adresse":"Route de  bordeaux","nom":"INTERMARCHE NEUVIC SUR L'ISLE","marque":"Intermarche"},{"id":"24300004","commune":"NONTRON","cp":"24300","adresse":"2 route de la maladrerie","nom":"INTERMARCHE NONTRON","marque":"Intermarche"},{"id":"24300001","commune":"NONTRON","cp":"24300","adresse":"28, avenue jules-ferry","nom":"SUPER U","marque":"Systeme U"},{"id":"24660004","commune":"NOTRE DAME DE SANILHAC","cp":"24660","adresse":"Rn 21 zac du cerf  (sortie :15 - a89)","nom":"SUPER U NOTRE DAME DE SANILHAC","marque":"Systeme U"},{"id":"24000007","commune":"PERIGUEUX","cp":"24000","adresse":"Rue du moulin neuf cc le privilege","nom":"DISPER","marque":"Leclerc"},{"id":"24000010","commune":"PERIGUEUX","cp":"24000","adresse":"18/20 cours fenelon","nom":"ESSO EXPRESS PERIGUEUX FENELON","marque":"Esso Express"},{"id":"24000011","commune":"PERIGUEUX","cp":"24000","adresse":"138 rue pierre semard le toulon","nom":"RELAIS PERIGUEUX LE TOULONS","marque":"TotalEnergies Access"},{"id":"24360002","commune":"PIEGUT-PLUVIERS","cp":"24360","adresse":"Cd 91","nom":"INTERMARCHE PIEGUT PLUVIERS","marque":"Intermarche"},{"id":"24130004","commune":"PRIGONRIEUX","cp":"24130","adresse":"Le bourg sud","nom":"carrefour market","marque":"Carrefour Market"},{"id":"24600003","commune":"RIBERAC","cp":"24600","adresse":"Route de mussidan","nom":"INTERMARCHE RIBERAC","marque":"Intermarche"},{"id":"24600005","commune":"RIBERAC","cp":"24600","adresse":"Route de perigueux les chaumes est","nom":"SAS BROUSSEAU FRERES","marque":"TotalEnergies"},{"id":"24600004","commune":"RIBERAC","cp":"24600","adresse":"Route de perigueux","nom":"SORIDIS - Leclerc","marque":"Leclerc"},{"id":"24580001","commune":"ROUFFIGNAC-SAINT-CERNIN-DE-REILHAC","cp":"24580","adresse":"Les plateaux de graulet","nom":"SARL SOBGAR CARREFOUR CONTACT","marque":"Carrefour Contact"},{"id":"24110002","commune":"SAINT-ASTIER","cp":"24110","adresse":"Bd mallebay","nom":"BRICO STATION","marque":"Leclerc"},{"id":"24110001","commune":"SAINT-ASTIER","cp":"24110","adresse":"Bld de lattre de tassigny","nom":"SAINT ASTIER DISTRIBUTION","marque":"Leclerc"},{"id":"24410003","commune":"SAINT AULAYE PUYMANGOU","cp":"24410","adresse":"229 les grand champs","nom":"Carrefour contact saint aulaye","marque":"Carrefour Contact"},{"id":"24220002","commune":"SAINT-CYPRIEN","cp":"24220","adresse":"Voie de la vallee","nom":"Carrefour Market","marque":"Carrefour Market"},{"id":"24330007","commune":"SAINT-LAURENT-SUR-MANOIRE","cp":"24330","adresse":"Autoroute a89 - aire de manoire","nom":"ESSO EXPRESS DU MANOIRE","marque":"Esso"},{"id":"24330003","commune":"SAINT-LAURENT-SUR-MANOIRE","cp":"24330","adresse":"Rn 89 - niversac","nom":"RELAIS DE NIVERSAC","marque":"TotalEnergies"},{"id":"24160001","commune":"SAINT-MARTIAL-D'ALBAREDE","cp":"24160","adresse":"Le mayne","nom":"Super U Coop Atlantique St Martial Albarede","marque":"Systeme U"},{"id":"24400004","commune":"SAINT-MEDARD-DE-MUSSIDAN","cp":"24400","adresse":"Zi","nom":"INTERMARCHE ST MEDARD MUSSIDAN","marque":"Intermarche"},{"id":"24400005","commune":"SAINT-MEDARD-DE-MUSSIDAN","cp":"24400","adresse":"Rn 89 au 50 rue de la paix (entre sortie 12 et 13 autoroute a89/e70)","nom":"RIEUPET CARBURANTS","marque":"Independant sans enseigne"},{"id":"24400003","commune":"SAINT-MEDARD-DE-MUSSIDAN","cp":"24400","adresse":"Rue du 11 juin 1944","nom":"station super u","marque":"Systeme U"},{"id":"24470001","commune":"SAINT-PARDOUX-LA-RIVIERE","cp":"24470","adresse":"Avenue leon sireyjol","nom":"SIMPLY MARKET","marque":"Simply Market"},{"id":"24330005","commune":"SAINT-PIERRE-DE-CHIGNAC","cp":"24330","adresse":"Les guichoux","nom":"ST PIERRE AUTOS","marque":"Independant sans enseigne"},{"id":"24590002","commune":"SALIGNAC-EYVIGUES","cp":"24590","adresse":"Avenue de sarlat","nom":"INTERMARCHE SALIGNAC EYVIGUES","marque":"Intermarche"},{"id":"24200007","commune":"SARLAT LA CANEDA","cp":"24200","adresse":"8 avenue de selves","nom":"TOTAL - SAS PIT STOP","marque":"TotalEnergies"},{"id":"24200001","commune":"SARLAT-LA-CANEDA","cp":"24200","adresse":"Route de brive","nom":"Carrefour Market","marque":"Carrefour Market"},{"id":"24200008","commune":"SARLAT-LA-CANEDA","cp":"24200","adresse":"17 avenue de la dordogne","nom":"INTERMARCHE","marque":"Intermarche"},{"id":"24200006","commune":"SARLAT-LA-CANEDA","cp":"24200","adresse":" chemin des sables","nom":"SARLAT-DIS","marque":"Leclerc"},{"id":"24420001","commune":"SARLIAC-SUR-L'ISLE","cp":"24420","adresse":"Rn.21","nom":"RELAIS DE L'ISLE","marque":"TotalEnergies"},{"id":"24270004","commune":"SAVIGNAC-LEDRIER","cp":"24270","adresse":"57 rue d'aquitaine","nom":"Utile Savignac-Ledrier","marque":"Systeme U"},{"id":"24240003","commune":"SIGOULES-ET-FLAUGEAC","cp":"24240","adresse":"18 place de l'ancien temple","nom":"SPR DISTRI Carrefour Contact","marque":"Carrefour Contact"},{"id":"24170002","commune":"SIORAC-EN-PERIGORD","cp":"24170","adresse":"Route du buisson","nom":"Carrefour Market","marque":"Carrefour Market"},{"id":"24300007","commune":"ST MARTIAL DE VALETTE","cp":"24300","adresse":"2 route de nontron","nom":"Carrosserie Debouchaud","marque":"TotalEnergies"},{"id":"24120001","commune":"TERRASSON-LAVILLEDIEU","cp":"24120","adresse":"Zac le coutal","nom":"AUCHAN SUPERMARCHE","marque":"Auchan"},{"id":"24120006","commune":"TERRASSON-LAVILLEDIEU","cp":"24120","adresse":"Avenue victor hugo","nom":"INTERMARCHE TERRASSON LA VILLEDI","marque":"Intermarche"},{"id":"24120007","commune":"TERRASSON-LAVILLEDIEU","cp":"24120","adresse":"740 avenue des jardins","nom":"RELAIS MOULIN ROUGE","marque":"TotalEnergies Access"},{"id":"24210002","commune":"THENON","cp":"24210","adresse":"28 avenue de la liberation","nom":"CARREFOUR CONTACT","marque":"Carrefour Contact"},{"id":"24210004","commune":"THENON","cp":"24210","adresse":"837 avenue de la liberation","nom":"EURL DELMAS","marque":"ELAN"},{"id":"24800003","commune":"THIVIERS","cp":"24800","adresse":"Route de nontron","nom":"La station Maguer 24/24","marque":"Independant sans enseigne"},{"id":"24800004","commune":"THIVIERS","cp":"24800","adresse":"32 avenue charles de gaulle","nom":"SAS CAPITH","marque":"Intermarche"},{"id":"24350002","commune":"TOCANE-SAINT-APRE","cp":"24350","adresse":"Lieu-dit grands champs de baunac","nom":"SA TOCAPRE INTERMARCHE","marque":"Intermarche"},{"id":"24000001","commune":"TRELISSAC","cp":"24750","adresse":"54 avenue michel grandou","nom":"DE GUGLIELMI","marque":"TotalEnergies"},{"id":"24750004","commune":"TRELISSAC","cp":"24750","adresse":"Avenue georges pompidou","nom":"INTERMARCHE TRELISSAC","marque":"Intermarche"},{"id":"24750002","commune":"TRELISSAC","cp":"24750","adresse":"Route de limoges","nom":"TRELIDIS S.A","marque":"Leclerc"},{"id":"24230002","commune":"VELINES","cp":"24230","adresse":"Zone des reaux","nom":"Carrefour contact","marque":"Carrefour Contact"},{"id":"24380001","commune":"VERGT","cp":"24380","adresse":"Route de bergerac","nom":"INTERMARCHE VERGT","marque":"Intermarche"},{"id":"24340002","commune":"VIEUX-MAREUIL","cp":"24340","adresse":"Lieu dit chez noillac","nom":"CARREFOUR CONTACT","marque":"Carrefour Contact"},{"id":"24550001","commune":"VILLEFRANCHE-DU-PERIGORD","cp":"24550","adresse":"Lieu dit la fougere, route de cahors","nom":"SARL VAL FLEURI VILLEFRANCHE","marque":"AIRE-C"}]}