{"numero":"30","stations":[{"id":"30220002","commune":"AIGUES-MORTES","cp":"30220","adresse":"1121 route de nimes","nom":"INTERMARCHE AIGUES MORTES","marque":"Intermarche"},{"id":"30220001","commune":"AIGUES-MORTES","cp":"30220","adresse":"940, route de nimes","nom":"SUPER U","marque":"Systeme U"},{"id":"30470005","commune":"AIMARGUES","cp":"30470","adresse":"Route des plages","nom":"DYNEFF CALVETAGRO","marque":"Dyneff"},{"id":"30470004","commune":"AIMARGUES","cp":"30470","adresse":"Rd 6313 - route de la petite cam","nom":"RELAIS SERIGUETTE","marque":"TotalEnergies Access"},{"id":"30470001","commune":"AIMARGUES","cp":"30470","adresse":"Route des plages","nom":"SUPER U","marque":"Systeme U"},{"id":"30104001","commune":"ALES","cp":"30100","adresse":"Quai du mas d'hours","nom":"CARREFOUR","marque":"Carrefour"},{"id":"30100018","commune":"ALES","cp":"30100","adresse":"Centre commercial lidl 173 rte de nimes","nom":"ESSO ALES","marque":"Esso"},{"id":"30100001","commune":"ALES","cp":"30100","adresse":" rue olivier de serres","nom":"HYPER U","marque":"Systeme U"},{"id":"30100012","commune":"ALES","cp":"30100","adresse":"198 avenue des freres lumiere","nom":"intermarche les allemandes","marque":"Intermarche"},{"id":"30100019","commune":"ALES","cp":"30100","adresse":"541 quai de bilina","nom":"NETTO CALAO 2","marque":"Intermarche"},{"id":"30100014","commune":"ALES","cp":"30100","adresse":"44 av carnot","nom":"RELAIS DE LA CHADENEDE","marque":"TotalEnergies"},{"id":"30100007","commune":"ALES","cp":"30100","adresse":"Zac  du rieu rocade est","nom":"SOGARDIS","marque":"Leclerc"},{"id":"30100011","commune":"ALES","cp":"30100","adresse":"2 avenue d'indy","nom":"STATION SERVICE DE CLAVIERES","marque":"ENI"},{"id":"30100003","commune":"ALES","cp":"30100","adresse":"42 chemin de brueges","nom":"SUPER U ALES BRUEGES","marque":"Systeme U"},{"id":"30140002","commune":"ANDUZE","cp":"30140","adresse":"24 avenue du pasteur rollin","nom":"GARAGE ROLLIN","marque":"Avia"},{"id":"30140003","commune":"ANDUZE","cp":"30140","adresse":"1600 route de saint-jean-du-gard","nom":"INTERMARCHE SAS LABAHOU","marque":"Intermarche"},{"id":"30140006","commune":"ANDUZE","cp":"30140","adresse":"Rte d'ales","nom":"STATION SERVICE ANDUZE","marque":"ENI"},{"id":"30140001","commune":"ANDUZE","cp":"30140","adresse":"Rue de luxembourg","nom":"SUPER U","marque":"Systeme U"},{"id":"30390002","commune":"ARAMON","cp":"30390","adresse":"760 avenue du general de gaulle","nom":"CARREFOUR CONTACT","marque":"CARREFOUR"},{"id":"30250002","commune":"AUJARGUES","cp":"30250","adresse":"Le grand jardin","nom":"INTERMARCHE CONTACT","marque":"Intermarche Contact"},{"id":"30120003","commune":"AVEZE","cp":"30120","adresse":"Quartier tuber cd 48","nom":"INTERMARCHE AVEZE","marque":"Intermarche"},{"id":"30330001","commune":"BAGNOLS-SUR-CEZE","cp":"30200","adresse":"Avenue de la mayre","nom":"Carrefour Market","marque":"Carrefour Market"},{"id":"30200004","commune":"BAGNOLS-SUR-CEZE","cp":"30200","adresse":"Route de tresques","nom":"INTERMARCHE BAGNOLS-SUR-CEZE","marque":"Intermarche"},{"id":"30200003","commune":"BAGNOLS-SUR-CEZE","cp":"30200","adresse":"22 avenue f mitterrand","nom":"STATION TOTAL","marque":"TotalEnergies"},{"id":"30430002","commune":"BARJAC","cp":"30430","adresse":"Quartier reboulasse","nom":"Carrefour Contact","marque":"Carrefour Contact"},{"id":"30300003","commune":"BEAUCAIRE","cp":"30300","adresse":"Route de nimes","nom":"CARREFOUR BEAUCAIRE","marque":"Carrefour"},{"id":"30300008","commune":"BEAUCAIRE","cp":"30300","adresse":"36 avenue de farciennes","nom":"KB Mistral","marque":"Esso"},{"id":"30300010","commune":"BEAUCAIRE","cp":"30300","adresse":"16, avenue de farciennes","nom":"RELAIS BEAUCAIRE","marque":"TotalEnergies Access"},{"id":"30300005","commune":"BEAUCAIRE","cp":"30300","adresse":"Zi domitia sud avenue jean monnet","nom":"STATION SERVICE DE MATAGOT","marque":"ENI"},{"id":"30300011","commune":"BEAUCAIRE","cp":"30300","adresse":"Avenue jean monnet","nom":"THEVENIN DUCROT DISTRIBUTION","marque":"Avia"},{"id":"30640001","commune":"BEAUVOISIN","cp":"30640","adresse":"711 avenue cabassan clarettes","nom":"EURL SODIS","marque":"Systeme U"},{"id":"30127001","commune":"BELLEGARDE","cp":"30127","adresse":"4 avenue des arenes","nom":"Carrefour Market","marque":"Carrefour Market"},{"id":"30620001","commune":"BERNIS","cp":"30620","adresse":"Chemin de calvisson","nom":"netto carburant","marque":"Netto"},{"id":"30160001","commune":"BESSEGES","cp":"30160","adresse":" rue du docteur paul vermale","nom":"Carrefour Market","marque":"Carrefour Market"},{"id":"30160002","commune":"BESSEGES","cp":"30160","adresse":"Sauvegarde","nom":"GAGNIERES AUTOS","marque":"Independant sans enseigne"},{"id":"30320008","commune":"BEZOUCE","cp":"30320","adresse":"185 route d'avignon","nom":"SARL PEYRE TOTAL","marque":"TotalEnergies"},{"id":"30230002","commune":"BOUILLARGUES","cp":"30230","adresse":"55 route de nimes","nom":"carrefour contact Bouillargues","marque":"Carrefour Contact"},{"id":"30190002","commune":"BRIGNON","cp":"30190","adresse":"Rn106","nom":"SARL BERBON","marque":"Independant sans enseigne"},{"id":"30132002","commune":"CAISSARGUES","cp":"30132","adresse":"Allee chardonnay","nom":"INTERMARCHE CAISSARGUES","marque":"Intermarche"},{"id":"30132003","commune":"CAISSARGUES","cp":"30132","adresse":"Route de st gilles","nom":"Station Le Mirman","marque":"Dyneff"},{"id":"30420001","commune":"CALVISSON","cp":"30420","adresse":"163 route de sommieres","nom":"EURL CALVISSON SERRAT","marque":"TotalEnergies"},{"id":"30420002","commune":"CALVISSON","cp":"30420","adresse":"2, rue du levant","nom":"UEXPRESS CALVISSON","marque":"Systeme U"},{"id":"30820002","commune":"CAVEIRAC","cp":"30820","adresse":"1 bis chemin des roles","nom":"INTERMARCHE CAVEIRAC","marque":"Intermarche"},{"id":"30360001","commune":"CORNILLON","cp":"30630","adresse":"Route de barjac","nom":"INTERMARCHE CONTACT","marque":"Intermarche"},{"id":"30210008","commune":"FOURNES","cp":"30210","adresse":"Route nationale 100","nom":"Station du Pont du Gard","marque":"Avia"},{"id":"30300006","commune":"FOURQUES","cp":"30300","adresse":"Rn 113","nom":"RELAIS DES COLLONGUES","marque":"TotalEnergies"},{"id":"30330003","commune":"GAUJAC","cp":"30330","adresse":"Rd 310","nom":"ZAGAUX","marque":"Intermarche Contact"},{"id":"30510002","commune":"GENERAC","cp":"30510","adresse":"Km2 route de nimes","nom":"AUTO PASSION BABIAK NICOLAS","marque":"Avia"},{"id":"30190003","commune":"LA CALMETTE","cp":"30190","adresse":"Avenue charles de gaulle","nom":"CASINO","marque":"Casino"},{"id":"30110003","commune":"LA GRAND-COMBE","cp":"30110","adresse":"1 rue des tuileries","nom":"INTERMARCHE LA GRAND COMBE","marque":"Intermarche"},{"id":"30750001","commune":"LANUEJOLS","cp":"30750","adresse":"Le gardiol","nom":"DYNEFF Lanuejols","marque":"Dyneff"},{"id":"30290001","commune":"LAUDUN","cp":"30290","adresse":"Rue victor hugo","nom":"U EXPRESS LAUDUN                            LA STATION U","marque":"Systeme U"},{"id":"30350002","commune":"LEDIGNAN","cp":"30350","adresse":"153 route de montpellier","nom":"RELAIS TOTALENERGIES LEDIGNAN","marque":"TotalEnergies"},{"id":"30240004","commune":"LE GRAU-DU-ROI","cp":"30240","adresse":"1 rue altier","nom":"STATION DU SUD","marque":"Independant sans enseigne"},{"id":"30240002","commune":"LE GRAU-DU-ROI","cp":"30240","adresse":"Chemin de terre neuve","nom":"Station Monplaisir EURL JMM","marque":"Independant sans enseigne"},{"id":"30240001","commune":"LE GRAU-DU-ROI","cp":"30240","adresse":"Za du port de peche","nom":"SUPER U","marque":"Systeme U"},{"id":"30133001","commune":"LES ANGLES","cp":"30133","adresse":"1 avenue de tavel","nom":"S.A. ANGLEDIS","marque":"Leclerc"},{"id":"30960002","commune":"LES MAGES","cp":"30960","adresse":"Route de la gare","nom":"SARL MELOBRI","marque":"Casino"},{"id":"30960003","commune":"LES MAGES","cp":"30960","adresse":"Les cambons","nom":"STATION SERVICE LES MAGES","marque":"STATION SERVIC"},{"id":"30110004","commune":"LES SALLES-DU-GARDON","cp":"30110","adresse":"La pomarede","nom":"SAS HOGGAR","marque":"Netto"},{"id":"30120002","commune":"LE VIGAN","cp":"30120","adresse":"Place du marechal juin","nom":"SUPER U","marque":"Systeme U"},{"id":"30580001","commune":"LUSSAN","cp":"30580","adresse":"Lieu-dit mas neuf","nom":"BONNAURE PHILIPPE","marque":"Independant sans enseigne"},{"id":"30129002","commune":"MANDUEL","cp":"30129","adresse":"De la republique","nom":"INTERMARCHE MANDUEL","marque":"Intermarche"},{"id":"30320004","commune":"MARGUERITTES","cp":"30320","adresse":"92, allee de la pigoline","nom":"INTERMARCHE MARGUERITTES","marque":"Intermarche"},{"id":"30320006","commune":"MARGUERITTES","cp":"30320","adresse":"Autoroute a9 - aire de marguerites nord","nom":"RELAIS MARGUERITTES NORD","marque":"TotalEnergies"},{"id":"30320007","commune":"MARGUERITTES","cp":"30320","adresse":"Autoroute a9 - aire de nimes marguerittes sud","nom":"SAS VANBELL","marque":"Avia"},{"id":"30320001","commune":"MARGUERITTES","cp":"30320","adresse":"58 avenue clement ader ","nom":"SUPER U","marque":"Systeme U"},{"id":"30340006","commune":"MEJANNES LES ALES","cp":"30340","adresse":"Rte d'uzes","nom":"STATION SERVICE MEJANNES","marque":"ENI"},{"id":"30410001","commune":"MEYRANNES","cp":"30410","adresse":"286 rue de la digue","nom":"POINT SERVICE","marque":"Dyneff"},{"id":"30540001","commune":"MILHAUD","cp":"30540","adresse":"37 rue de l'aubepin","nom":"INTERMARCHE MILHAUD","marque":"Intermarche"},{"id":"30700004","commune":"MONTAREN-ET-SAINT-MEDIERS","cp":"30700","adresse":"Route d'ales","nom":"INTERMARCHE MONTAREN","marque":"Intermarche"},{"id":"30490002","commune":"MONTFRIN","cp":"30490","adresse":"13 avenue du general de gaulle","nom":"INTERMARCHE MONTFRIN","marque":"Intermarche"},{"id":"30900023","commune":"NIMES","cp":"30900","adresse":"200 avenue du docteur claude baillet","nom":"AUCHAN NIMES","marque":"Auchan"},{"id":"30021001","commune":"NIMES","cp":"30021","adresse":"1755 avenue pierre mendes france","nom":"CARREFOUR NIMES SUD","marque":"Carrefour"},{"id":"30900002","commune":"NIMES","cp":"30900","adresse":"405 chemin bas de montpellier","nom":"CARREFOUR NIMES VILLE ACTIVE","marque":"Carrefour"},{"id":"30900004","commune":"NIMES","cp":"30900","adresse":"15 rue des poetes","nom":"ESSO DES ARTS","marque":"Esso Express"},{"id":"30000006","commune":"NIMES","cp":"30900","adresse":"47 boulevard talabot","nom":"ESSO MILLE COLONNES","marque":"Esso Express"},{"id":"30900021","commune":"NIMES","cp":"30900","adresse":"40 av marechal juin","nom":"ESSO NIMES LANGUEDOC","marque":"Esso"},{"id":"30000020","commune":"NIMES","cp":"30000","adresse":"89 rue pierre semard","nom":"ESSO NIMES PROVENCE","marque":"Esso"},{"id":"30000011","commune":"NIMES","cp":"30000","adresse":"Route d'avignon","nom":"INTERMARCHE NIMES","marque":"Intermarche"},{"id":"30000016","commune":"NIMES","cp":"30900","adresse":"120 chemin du mas flechier","nom":"LECLERC - DRIVE","marque":"Leclerc"},{"id":"30000008","commune":"NIMES","cp":"30000","adresse":"Route de beaucaire","nom":"NEMODIS SAS","marque":"Leclerc"},{"id":"30900018","commune":"NIMES","cp":"30900","adresse":"35 rue rudolphe diesel","nom":"RELAIS KM DELTA","marque":"TotalEnergies Access"},{"id":"30900015","commune":"NIMES","cp":"30900","adresse":"2290 route de montpellier","nom":"RELAIS MAS CHEYLON","marque":"TotalEnergies"},{"id":"30900017","commune":"NIMES","cp":"30900","adresse":"2705 rte de montpellier","nom":"RELAIS NIMES AGEL","marque":"TotalEnergies Access"},{"id":"30000019","commune":"NIMES","cp":"30000","adresse":"390 av pierre mendes france","nom":"RELAIS NIMES LECLERC","marque":"TotalEnergies Access"},{"id":"30000021","commune":"NIMES","cp":"30000","adresse":"314 route d'avignon","nom":"Sarl 2 T Services","marque":"TotalEnergies"},{"id":"30000010","commune":"NIMES","cp":"30000","adresse":"78 route d'ales","nom":"sarl lothi porte des cevennes","marque":"Campus"},{"id":"30000012","commune":"NIMES. VACQUEROLLES","cp":"30900","adresse":"Rue don sauveur paganelli","nom":"INTERMARCHE VACQUEROLLES","marque":"Intermarche"},{"id":"30200006","commune":"ORSAN","cp":"30200","adresse":"Route d'avignon - rn 580","nom":"RELAIS D'ORSAN","marque":"TotalEnergies Access"},{"id":"30130003","commune":"PONT-SAINT-ESPRIT","cp":"30130","adresse":"1573 avenue du general de gaulle","nom":"DMG DISTRIBUTION Carrefour Market","marque":"Carrefour Market"},{"id":"30130004","commune":"PONT-SAINT-ESPRIT","cp":"30130","adresse":"Avenue gaston doumergue","nom":"INTERMARCHE PONT SAINT ESPRIT","marque":"Intermarche"},{"id":"30130013","commune":"PONT-SAINT-ESPRIT","cp":"30130","adresse":"1 avenue du president kennedy","nom":"PONT ST ESPRIT","marque":"Netto"},{"id":"30130010","commune":"PONT-SAINT-ESPRIT","cp":"30130","adresse":"Place du plan","nom":"RELAIS DU LAUZON","marque":"TotalEnergies"},{"id":"30130011","commune":"PONT-SAINT-ESPRIT","cp":"30130","adresse":"108 routes des platanes","nom":"Station du pont casse","marque":"Independant"},{"id":"30260001","commune":"QUISSAC","cp":"30260","adresse":"639 avenue de l'aigoual","nom":"COUTACH PNEUS PIACENTINO","marque":"Dyneff"},{"id":"30260002","commune":"QUISSAC","cp":"30260","adresse":"45 voie romaine","nom":"GARAGE BERNARD","marque":"Independant sans enseigne"},{"id":"30129003","commune":"REDESSAN","cp":"30129","adresse":"Mas voletteroute de beaucaire","nom":"AUCHAN SUPERMARCHE REDESSAN","marque":"Auchan"},{"id":"30210001","commune":"REMOULINS","cp":"30210","adresse":"Impasse roussin","nom":"Carrefour Market","marque":"Carrefour Market"},{"id":"30210007","commune":"REMOULINS","cp":"30210","adresse":"86 avenue geoffroy perret","nom":"relais Remoulins","marque":"TotalEnergies"},{"id":"30210006","commune":"REMOULINS","cp":"30210","adresse":"32 route de bagnols","nom":"Station Avia","marque":"Avia"},{"id":"30650001","commune":"ROCHEFORT-DU-GARD","cp":"30650","adresse":"597 avenue de signargues","nom":"PRUVOST GEORGES GPF AUTOMOBILES EUROREPAR","marque":"Independant sans enseigne"},{"id":"30150002","commune":"ROQUEMAURE","cp":"30150","adresse":"Route d'avignon","nom":"SARL SORODIS","marque":"Independant sans enseigne"},{"id":"30150001","commune":"ROQUEMAURE","cp":"30150","adresse":"Boulevard national","nom":"SERVOZ JEAN-FRANCOIS","marque":"Independant sans enseigne"},{"id":"30500001","commune":"SAINT-AMBROIX","cp":"30500","adresse":"Route de saint-bres","nom":"AUTO 16","marque":"Avia"},{"id":"30500002","commune":"SAINT-AMBROIX","cp":"30500","adresse":"Route d'uzes","nom":"Carrefour Market","marque":"Carrefour Market"},{"id":"30500003","commune":"SAINT-AMBROIX","cp":"30500","adresse":"Route d'uzes","nom":"INTERMARCHE SAINT AMBROIX","marque":"Intermarche"},{"id":"30380001","commune":"SAINT-CHRISTOL-LES-ALES","cp":"30380","adresse":"Vieille route d'anduze","nom":"INTERMARCHE ST CHRISTOL LES ALES","marque":"Intermarche"},{"id":"30380002","commune":"SAINT-CHRISTOL-LEZ-ALES","cp":"30380","adresse":"1296 avenue jean moulin","nom":"ESSO SAINT CHRISTOL","marque":"Esso"},{"id":"30980002","commune":"SAINT DIONISY","cp":"30980","adresse":"Lieu dit campastier - route de sommieres - rd 40","nom":"NETTO ST DIONISY","marque":"Netto"},{"id":"30190004","commune":"SAINT-GENIES-DE-MALGOIRES","cp":"30190","adresse":"4 lieu-dit les gousats","nom":"INTERMARCHE ST GENIES DE MALGOIRES","marque":"Intermarche"},{"id":"30800001","commune":"SAINT-GILLES","cp":"30800","adresse":"1 rue de cambon","nom":"INTERMARCHE SAINT GILLES","marque":"Intermarche"},{"id":"30800002","commune":"SAINT-GILLES","cp":"30800","adresse":"Route d'arles","nom":"ST GILLES","marque":"Intermarche"},{"id":"30170001","commune":"SAINT-HIPPOLYTE-DU-FORT","cp":"30170","adresse":"Place de la couronne","nom":"SUPER U","marque":"Systeme U"},{"id":"30220003","commune":"SAINT-LAURENT-D'AIGOUZE","cp":"30220","adresse":"180 avenue du general trouchaud","nom":"U EXPRESS","marque":"Systeme U"},{"id":"30126009","commune":"SAINT LAURENT DES ARBRES","cp":"30126","adresse":"Zone d'activite commerciale de tesanroute de st genies de comolas","nom":"AUCHAN SUPERMARCHE SAINT-LAURENT-DES-ARBRES","marque":"Auchan"},{"id":"30340004","commune":"SAINT-PRIVAT-DES-VIEUX","cp":"30340","adresse":"Rte de bagnols","nom":"STATION SERVICE ST PRIVAT","marque":"ENI"},{"id":"30290002","commune":"SAINT-VICTOR-LA-COSTE","cp":"30290","adresse":"Chemin des lonnes, route des vignerons","nom":"UTILE SAINT VICTOR LA COSTE","marque":"Systeme U"},{"id":"30250001","commune":"SOMMIERES","cp":"30250","adresse":"Route de saussines","nom":"INTERMARCHE SOMMIERES","marque":"Intermarche"},{"id":"30760001","commune":"ST JULIEN DE PEYROLAS","cp":"30760","adresse":"75 chemin dechetterie","nom":"station u","marque":"Systeme U"},{"id":"30126008","commune":"TAVEL","cp":"30126","adresse":"Aire de tavel sud","nom":"AGIP TAVEL SUD","marque":"ENI"},{"id":"30126005","commune":"TAVEL","cp":"30126","adresse":"Autoroute a9","nom":"ESSO TAVEL NORD","marque":"Esso"},{"id":"30700001","commune":"UZES","cp":"30700","adresse":"Pont des charettes","nom":"CARREFOUR UZES","marque":"Carrefour"},{"id":"30700003","commune":"UZES","cp":"30700","adresse":"10 croix palmier","nom":"EOR UZES","marque":"TotalEnergies"},{"id":"30700006","commune":"UZES","cp":"30700","adresse":"Avenue de la gare","nom":"ETS LABORIE","marque":"Dyneff"},{"id":"30700007","commune":"UZES","cp":"30700","adresse":"6/8 avenue marechal foch","nom":"RELAIS UZES","marque":"TotalEnergies Access"},{"id":"30600004","commune":"VAUVERT","cp":"30600","adresse":"206 avenue de la condamine","nom":"Market","marque":"Carrefour Market"},{"id":"30600003","commune":"VAUVERT","cp":"30600","adresse":"Mas saint-laurent","nom":"SAS MAFE","marque":"Intermarche"},{"id":"30310001","commune":"VERGEZE","cp":"30310","adresse":"Route de codognan","nom":"SUPER U","marque":"Systeme U"},{"id":"30360002","commune":"VEZENOBRES","cp":"30360","adresse":"372 chemin de la rouvierette","nom":"VEZE CONTACT","marque":"Carrefour Contact"},{"id":"30400001","commune":"VILLENEUVE-LES-AVIGNON","cp":"30400","adresse":"Route de pujaut","nom":"Carrefour Market","marque":"Carrefour Market"},{"id":"30400004","commune":"VILLENEUVE-LES-AVIGNON","cp":"30400","adresse":"128, avenue general leclerc","nom":"LE RELAIS DE L'OLIVIER SARL","marque":"ENI"},{"id":"30400005","commune":"VILLENEUVE-LES-AVIGNON","cp":"30400","adresse":"97 avenue general leclerc","nom":"RELAIS VILLENEUVE LES AVIGNON","marque":"TotalEnergies Access"},{"id":"30250003","commune":"VILLEVIEILLE","cp":"30250","adresse":"Lotissement de la tuilerie","nom":"Carrefour Market","marque":"Carrefour Market"}]}