{"numero":"69","stations":[{"id":"69550001","commune":"AMPLEPUIS","cp":"69550","adresse":"Z.i. la gaite","nom":"Carrefour Market","marque":"Carrefour Market"},{"id":"69550003","commune":"AMPLEPUIS","cp":"69550","adresse":"Route de roanne","nom":"INTERMARCHE AMPLEPUIS","marque":"Intermarche"},{"id":"69550002","commune":"AMPLEPUIS","cp":"69550","adresse":"Z.i. la gaite","nom":"RELAIS DE LA GAITE GGE R LEPINE","marque":"TotalEnergies"},{"id":"69420002","commune":"AMPUIS","cp":"69420","adresse":"27 route de la taquiere","nom":"Leclerc Drive","marque":"Leclerc"},{"id":"69480005","commune":"ANSE","cp":"69480","adresse":"Route de villefranche","nom":"CARREFOUR MARKET","marque":"Carrefour Market"},{"id":"69480007","commune":"ANSE","cp":"69480","adresse":"831 route de villefranche","nom":"ENI ANSE ROUTE VILLEFRANCHE","marque":"ENI"},{"id":"69480002","commune":"ANSE","cp":"69480","adresse":"633 route de villefranche","nom":"SARL RONGEAT","marque":"Avia"},{"id":"69400016","commune":"ARNAS","cp":"69400","adresse":"2315 route de longsard","nom":"SAS GARAGE DES BUISSONS POINT S","marque":"Dyneff"},{"id":"69430002","commune":"BEAUJEU","cp":"69430","adresse":"Rue francis norgelet","nom":"CARREFOUR CONTACT  BEAUJEU","marque":"Carrefour Contact"},{"id":"69430001","commune":"BEAUJEU","cp":"69430","adresse":"La chevaliere","nom":"GARAGE GUY FIARD","marque":"TotalEnergies"},{"id":"69220005","commune":"BELLEVILLE","cp":"69220","adresse":"Route nationale 6","nom":"Garage Paris Nice","marque":"Avia"},{"id":"69220001","commune":"BELLEVILLE","cp":"69220","adresse":"Avenue de verdun","nom":"Market","marque":"Carrefour Market"},{"id":"69220006","commune":"BELLEVILLE","cp":"69220","adresse":"Le pre de la cloche","nom":"ROADY","marque":"Roady"},{"id":"69220003","commune":"BELLEVILLE","cp":"69220","adresse":"20 rn.6","nom":"SARL RELAIS DU BEAUJOLAIS","marque":"TotalEnergies"},{"id":"69460006","commune":"BLACE","cp":"69460","adresse":"913 route du beaujolais","nom":"Germain Calvignac Automobiles","marque":"Independant sans enseigne"},{"id":"69240002","commune":"BOURG-DE-THIZY","cp":"69240","adresse":"Route de roanne ","nom":"INTERMARCHE BOURG DE THIZY","marque":"Intermarche"},{"id":"69530002","commune":"BRIGNAIS","cp":"69530","adresse":"213 rue general de gaulle","nom":"CARREFOUR CONTACT","marque":"Carrefour Contact"},{"id":"69126001","commune":"BRINDAS","cp":"69126","adresse":"369 route neuve","nom":"ETS BROSSARD","marque":"Independant sans enseigne"},{"id":"69500012","commune":"BRON","cp":"69500","adresse":"296 route de genas","nom":"INTERMARCHE BRON GENAS","marque":"Intermarche"},{"id":"69500013","commune":"BRON","cp":"69500","adresse":"142/144 avenue franklin roosevelt","nom":"INTERMARCHE BRON ROOSEVELT","marque":"Intermarche"},{"id":"69500009","commune":"BRON","cp":"69500","adresse":"Bd laurent bonnevay","nom":"RELAIS BRONDILLANTS","marque":"TotalEnergies Access"},{"id":"69500008","commune":"BRON","cp":"69500","adresse":"16 av f roosevelt","nom":"RELAIS BRON LE DAUPHINE","marque":"TotalEnergies Access"},{"id":"69500011","commune":"BRON","cp":"69500","adresse":"250 route de genas","nom":"STATION AVIA BRON","marque":"Avia"},{"id":"69300001","commune":"CALUIRE-ET-CUIRE","cp":"69300","adresse":"10 chemin jean petit","nom":"AUCHAN CALUIRE - TOKHEIM","marque":"Auchan"},{"id":"69300011","commune":"CALUIRE-ET-CUIRE","cp":"69300","adresse":"Place marechal foch - montee des soldats","nom":"SARL MD Rhone","marque":"TotalEnergies"},{"id":"69300010","commune":"CALUIRE-ET-CUIRE","cp":"69300","adresse":"34 rue pasteur","nom":"STATION TOTAL CALUIRE","marque":"TotalEnergies"},{"id":"69410006","commune":"CHAMPAGNE-AU-MONT-D'OR","cp":"69410","adresse":"3 ave general de gaulle","nom":"AGIP CHAMPAGNE AV DE GAULLE","marque":"ENI"},{"id":"69410007","commune":"CHAMPAGNE-AU-MONT-D'OR","cp":"69410","adresse":"Av. du general de gaulle - d 30","nom":"RELAIS MONT D'OR","marque":"TotalEnergies Access"},{"id":"69970001","commune":"CHAPONNAY","cp":"69970","adresse":"85, avenue de chaponnay - parc d'activite de la vallee de l'ozon","nom":"SODICHAP Centre Leclerc","marque":"Leclerc"},{"id":"69260011","commune":"CHARBONNIERES","cp":"69260","adresse":"50-51 route de paris","nom":"ENI CHARBONNIERES EST","marque":"ENI"},{"id":"69260012","commune":"CHARBONNIERES-LES-BAINS","cp":"69260","adresse":"80 route de paris","nom":"ENI CHARBONNIERES  DIR LYON","marque":"ENI"},{"id":"69390001","commune":"CHARLY","cp":"69390","adresse":"129 rue de la mure","nom":"CHARLY AUTOMOBILES","marque":"TotalEnergies"},{"id":"69680003","commune":"CHASSIEU","cp":"69680","adresse":"28 route de lyon","nom":"INTERMARCHE","marque":"Intermarche"},{"id":"69680002","commune":"CHASSIEU","cp":"69680","adresse":"44 route de genas","nom":"Market","marque":"Carrefour Market"},{"id":"69380012","commune":"CHAZAY-D'AZERGUES","cp":"69380","adresse":"2 rue joseph gillet - d30 route de villefranche","nom":"SAS Elgarrekin","marque":"Intermarche"},{"id":"69380008","commune":"CHAZAY-D'AZERGUES","cp":"69380","adresse":"8 rue marius berliet","nom":"SAS ELGARREKIN","marque":"Intermarche"},{"id":"69380004","commune":"CIVRIEUX-D'AZERGUES","cp":"69380","adresse":"473 route de la vallee","nom":"E. LECLERC","marque":"Leclerc"},{"id":"69360013","commune":"COMMUNAY","cp":"69360","adresse":"Autoroute a46 - aire communay sud","nom":"RELAIS COMMUNAY","marque":"TotalEnergies Access"},{"id":"69360012","commune":"COMMUNAY","cp":"69360","adresse":"Autoroute a 46 - aire communay nord","nom":"RELAIS COMMUNAY NORD","marque":"TotalEnergies Access"},{"id":"69420001","commune":"CONDRIEU","cp":"69420","adresse":"Rn 86 la maladiere","nom":"Carrefour Market","marque":"Carrefour Market"},{"id":"69960006","commune":"CORBAS","cp":"69960","adresse":"51 avenue gabriel peri","nom":"Relais Total Corbas","marque":"TotalEnergies"},{"id":"69470003","commune":"COURS-LA-VILLE","cp":"69470","adresse":"1 boulevard de coubertin","nom":"INTERMARCHE SAS BIFIVE","marque":"Intermarche Contact"},{"id":"69290001","commune":"CRAPONNE","cp":"69290","adresse":"15 avenue edouard millaud","nom":"ESSO CRAPONNE","marque":"Esso Express"},{"id":"69290003","commune":"CRAPONNE","cp":"69290","adresse":"26 avenue edouard millaud","nom":"INTERMARCHE CRAPONNE","marque":"Intermarche"},{"id":"69571001","commune":"DARDILLY","cp":"69570","adresse":"23 avenue de la porte de lyon","nom":"AUCHAN DARDILLY","marque":"Auchan"},{"id":"69570002","commune":"DARDILLY","cp":"69570","adresse":"Aire porte de lyon","nom":"ESSO PORTES LYON","marque":"Esso Express"},{"id":"69570005","commune":"DARDILLY","cp":"69570","adresse":"Autoroute a6 - aire de bruyeres paisy","nom":"RELAIS DES BRUYERES - PAISY","marque":"TotalEnergies"},{"id":"69150001","commune":"DECINES-CHARPIEU","cp":"69150","adresse":"328 avenue jean jaures","nom":"ESSO CHAMP FLEURY","marque":"Esso Express"},{"id":"69150004","commune":"DECINES-CHARPIEU","cp":"69150","adresse":"397 avenue jean jaures","nom":"TOTAL ADROLE","marque":"TotalEnergies"},{"id":"69220011","commune":"DRACE","cp":"69220","adresse":"Autoroute a6 382 chemin de l'emprunt","nom":"Fulli - Aire de Drace","marque":"Fulli"},{"id":"69132001","commune":"ECULLY","cp":"69130","adresse":"Avenue du bon pasteur","nom":"CARREFOUR ECULLY","marque":"Carrefour"},{"id":"69130003","commune":"ECULLY","cp":"69130","adresse":"28 avenue edouard aynard","nom":"ESSO ECULLY","marque":"Esso Express"},{"id":"69130005","commune":"ECULLY","cp":"69130","adresse":"11, avenue guy de collongue","nom":"TOTAL ENERGIES","marque":"TotalEnergies"},{"id":"69320008","commune":"FEYZIN","cp":"69320","adresse":"18 rue du 11 novembre","nom":"RELAIS DE FEYZIN","marque":"TotalEnergies"},{"id":"69250008","commune":"FLEURIEU-SUR-SAONE","cp":"69250","adresse":"Route de lyon","nom":"AGIP FLEURIEU","marque":"ENI"},{"id":"69210007","commune":"FLEURIEUX-SUR-L'ARBRESLE","cp":"69210","adresse":"Chemin du cornu parking lidl","nom":"OTARIE","marque":"OTARIE"},{"id":"69270004","commune":"FONTAINES-SUR-SAONE","cp":"69270","adresse":"46, av.des marronniers","nom":"RELAIS FONTAINES MARRONNIERS","marque":"TotalEnergies Access"},{"id":"69340001","commune":"FRANCHEVILLE","cp":"69340","adresse":"Avenue du chater","nom":"CARREFOUR FRANCHEVILLE","marque":"Carrefour"},{"id":"69340002","commune":"FRANCHEVILLE","cp":"69340","adresse":"42 avenue du chater","nom":"ESSO FRANCHEVILLE","marque":"Esso Express"},{"id":"69740002","commune":"GENAS","cp":"69740","adresse":"22 route de lyon","nom":"ESSO GARAGE DES MURIERS","marque":"Esso"},{"id":"69730002","commune":"GENAY","cp":"69730","adresse":"Rue ampere","nom":"LECLERC GENAY","marque":"Leclerc"},{"id":"69700001","commune":"GIVORS","cp":"69700","adresse":"Centre commercial givors 2 vallees","nom":"CARREFOUR GIVORS","marque":"Carrefour"},{"id":"69700005","commune":"GIVORS","cp":"69700","adresse":"48 rue jean ligonnet","nom":"INTERMARCHE GIVORS","marque":"Intermarche"},{"id":"69400015","commune":"GLEIZE","cp":"69400","adresse":"100 rue du tacot beaujolais","nom":"Intermarche Gleize","marque":"Intermarche"},{"id":"69400008","commune":"GLEIZE","cp":"69400","adresse":"1139 rue de tarare","nom":"LECLERC HYPERMARCHE","marque":"Leclerc"},{"id":"69290002","commune":"GREZIEU-LA-VARENNE","cp":"69290","adresse":"Avenue benoit launay","nom":"GREZDIS","marque":"Leclerc"},{"id":"69520001","commune":"GRIGNY","cp":"69520","adresse":"Centre commercial du jayon","nom":"INTERMARCHE GRIGNY","marque":"Intermarche"},{"id":"69540001","commune":"IRIGNY","cp":"69540","adresse":"Rue du chateau d'yvours","nom":"Market","marque":"Carrefour Market"},{"id":"69330002","commune":"JONAGE","cp":"69330","adresse":"Boulevard louis pradel","nom":"MARKET JONAGE","marque":"Carrefour Market"},{"id":"69350003","commune":"LA MULATIERE","cp":"69350","adresse":"66 rue stephane dechant","nom":"RELAIS LA MULATIERE","marque":"TotalEnergies"},{"id":"69870001","commune":"LAMURE-SUR-AZERGUES","cp":"69870","adresse":"890 rue centrale","nom":"LA MURE S/AZERGUES","marque":"TotalEnergies"},{"id":"69870002","commune":"LAMURE-SUR-AZERGUES","cp":"69870","adresse":"Lieu dit la feuilletiere","nom":"SAS ZOLEA","marque":"Intermarche Contact"},{"id":"69210008","commune":"L'ARBRESLE","cp":"69210","adresse":"Rue claude terrasse","nom":"Carrefour Market","marque":"Carrefour Market"},{"id":"69210003","commune":"L'ARBRESLE","cp":"69210","adresse":"33 rue de paris    rn7","nom":"RELAIS DE TURDINE","marque":"TotalEnergies"},{"id":"69210005","commune":"L'ARBRESLE","cp":"69210","adresse":"Z.a. les martinets","nom":"STATION SUPER U  PAYS DE L'ARBRESLE","marque":"Systeme U"},{"id":"69260007","commune":"LE BOIS-D'OINGT","cp":"69620","adresse":"244, chemin riviere de la cour","nom":"CARREFOUR CONTACT","marque":"Carrefour Contact"},{"id":"69620003","commune":"LEGNY","cp":"69620","adresse":"Les ponts tarrets 118 rd 385","nom":"CARREFOUR MARKET PONTADIS","marque":"Carrefour Market"},{"id":"69210009","commune":"LENTILLY","cp":"69210","adresse":"Rn 7 le grand chemin","nom":"STATION AVIA","marque":"Avia"},{"id":"69460004","commune":"LE PERREON","cp":"69460","adresse":"Le bourg, rue du commerce","nom":"Carrefour Contact","marque":"Carrefour Contact"},{"id":"69380010","commune":"LES CHERES","cp":"69380","adresse":"A6 aire des cheres est","nom":"ESSO LES CHERES EST","marque":"Esso"},{"id":"69380009","commune":"LES CHERES","cp":"69380","adresse":"A6 aire des cheres ouest","nom":"ESSO LES CHERES OUEST","marque":"Esso"},{"id":"69651001","commune":"LIMAS","cp":"69651","adresse":"19 avenue edouard herriot","nom":"STATION TOTAL LIMAS","marque":"TotalEnergies"},{"id":"69380007","commune":"LISSIEU","cp":"69380","adresse":"Chemin de montluzin","nom":"AVIA SERVICE MONTLUZIN","marque":"Avia"},{"id":"69700002","commune":"LOIRE-SUR-RHONE","cp":"69700","adresse":"1293 route de beaucaire (ex.45 r.n. 86)","nom":"GONCALVES AUTOMOBILES","marque":"TotalEnergies"},{"id":"69005002","commune":"LYON","cp":"69005","adresse":"131 rue joliot-curie","nom":"AGIP LYON RUE J CURIE","marque":"ENI"},{"id":"69004016","commune":"LYON","cp":"69004","adresse":"97 rue denfert rochereau","nom":"ENI LYON BLD CANUTS","marque":"ENI"},{"id":"69004020","commune":"LYON","cp":"69004","adresse":"55 bis quai gillet","nom":"ENI LYON QUAI GILLET","marque":"ENI"},{"id":"69009003","commune":"LYON","cp":"69009","adresse":"69 avenue du 25eme rts","nom":"ESSO BOURGOGNE","marque":"Esso Express"},{"id":"69004002","commune":"LYON","cp":"69004","adresse":"22 rue philippe de lassalle","nom":"ESSO CROIX ROUSSE","marque":"Esso Express"},{"id":"69004015","commune":"LYON","cp":"69004","adresse":"71 boulevard des canuts","nom":"ESSO LYON CROIX ROUSSE CARREFOUR EXPRESS","marque":"Esso"},{"id":"69002006","commune":"LYON","cp":"69002","adresse":"84 quai perrache","nom":"ESSO LYON PONT PASTEUR","marque":"Esso"},{"id":"69007008","commune":"LYON","cp":"69007","adresse":"Avenue tony garnier","nom":"RELAIS DE GERLAND","marque":"TotalEnergies Access"},{"id":"69008007","commune":"LYON","cp":"69008","adresse":"131 rue marius berliet","nom":"RELAIS LYON BERLIET","marque":"TotalEnergies Access"},{"id":"69008008","commune":"LYON","cp":"69008","adresse":"86 avenue jean mermoz","nom":"RELAIS LYON MERMOZ","marque":"TotalEnergies Access"},{"id":"69009007","commune":"LYON","cp":"69009","adresse":"111 rue marietton","nom":"RELAIS MARIETTON","marque":"TotalEnergies"},{"id":"69007006","commune":"LYON","cp":"69007","adresse":"112/116 rue de gerland","nom":"RELAIS RACLET","marque":"TotalEnergies"},{"id":"69007009","commune":"LYON","cp":"69007","adresse":"Avenue tony garnier","nom":"RELAIS TONY GARNIER","marque":"TotalEnergies Access"},{"id":"69009008","commune":"LYON","cp":"69009","adresse":"100 avenue barthelemy buyer","nom":"RELAIS VALLONNIERE","marque":"TotalEnergies Access"},{"id":"69003012","commune":"LYON","cp":"69003","adresse":"65 cours albert thomas","nom":"STATION AVIA","marque":"Avia"},{"id":"69003013","commune":"LYON","cp":"69003","adresse":"258 rue garibaldi","nom":"STATION AVIA GARIBALDI","marque":"Avia"},{"id":"69005005","commune":"LYON 5EME","cp":"69005","adresse":"165 rue joliot curie","nom":"MJB STATIONS-SERVICES","marque":"Avia"},{"id":"69007012","commune":"LYON 7","cp":"69007","adresse":"44 avenue leclerc","nom":"STATION AVIA LYON 7","marque":"AVIA"},{"id":"69125002","commune":"LYON ST EXUPERY AEROPORT","cp":"69125","adresse":"600 rue de france","nom":"RELAIS LYON - ST EXUPERY","marque":"TotalEnergies"},{"id":"69510004","commune":"MESSIMY","cp":"69510","adresse":"104 route des monts du lyonnais","nom":"CARBURANTS MESSIMY SARL","marque":"TotalEnergies"},{"id":"69510002","commune":"MESSIMY","cp":"69510","adresse":" route des monts du lyonnais","nom":"FAHY - GARAGE DE MALATAVERNE","marque":"Independant sans enseigne"},{"id":"69330001","commune":"MEYZIEU","cp":"69330","adresse":"Rue de la republique","nom":"CSF FRANCE STATION SERVICE","marque":"Carrefour Market"},{"id":"69330003","commune":"MEYZIEU","cp":"69330","adresse":"49 avenue de verdun","nom":"ESSO CARREAU","marque":"Esso Express"},{"id":"69330005","commune":"MEYZIEU","cp":"69330","adresse":"80 rue joseph desbois","nom":"GRAND LARGE DISTRIBUTION","marque":"Intermarche"},{"id":"69882001","commune":"MEYZIEU","cp":"69330","adresse":"Rue de la republique","nom":"MEYZIEU-DIS","marque":"Leclerc"},{"id":"69440001","commune":"MORNANT","cp":"69440","adresse":"Rd 342","nom":"ESSO RENAULT MORNANT","marque":"Esso"},{"id":"69250009","commune":"NEUVILLE-SUR-SAONE","cp":"69250","adresse":"28  avenue burdeau","nom":"SARL LAURENT ET FILS","marque":"TotalEnergies"},{"id":"69600004","commune":"OULLINS","cp":"69600","adresse":"21 grande rue d'oullins","nom":"AVIA XPRESS","marque":"Avia"},{"id":"69600002","commune":"OULLINS","cp":"69600","adresse":"141 boulevard emile zola","nom":"INTERMARCHE OULLINS","marque":"Intermarche"},{"id":"69310003","commune":"PIERRE-BENITE","cp":"69310","adresse":"145 boulevard de l'europe","nom":"ESSO DE L EUROPE","marque":"Esso Express"},{"id":"69490002","commune":"PONTCHARRA-SUR-TURDINE","cp":"69490","adresse":"La croisette","nom":"INTERMARCHE PONTCHARRA/TURDINE","marque":"Intermarche"},{"id":"69400007","commune":"PORTE DES PIERRES DOREES","cp":"69400","adresse":"2395, route de tarare","nom":"AGIP LIERGUES","marque":"ENI"},{"id":"69330006","commune":"PUSIGNAN","cp":"69330","adresse":"15 route de jons","nom":"SAS GASALEX","marque":"Netto"},{"id":"69430004","commune":"QUINCIE-EN-BEAUJOLAIS","cp":"69430","adresse":"3710 route de saint vincent","nom":"SARL GARAGE DEPRELE STATION DYNEFF","marque":"Dyneff"},{"id":"69650001","commune":"QUINCIEUX","cp":"69650","adresse":"1 rue de la republique","nom":"QUINCIEUX SERVICE AUTO","marque":"TotalEnergies"},{"id":"69140005","commune":"RILLIEUX-LA-PAPE","cp":"69140","adresse":"2489 route de strasbourg","nom":"CARREFOUR MARKET RILLIEUX LA PAPE VILLAGE","marque":"Carrefour Market"},{"id":"69140006","commune":"RILLIEUX-LA-PAPE","cp":"69140","adresse":"140 rue du companet","nom":"Drive Leclerc Rillieux","marque":"Leclerc"},{"id":"69270002","commune":"ROCHETAILLEE-SUR-SAONE","cp":"69270","adresse":"261 quai pierre dupont","nom":"INTERMARCHE ROCHETAILLEE SUR SAONE","marque":"Intermarche"},{"id":"69210004","commune":"SAIN-BEL","cp":"69210","adresse":"30 quai de la brevenne","nom":"ESSO LA BREVENNE","marque":"Esso Express"},{"id":"69720005","commune":"SAINT-BONNET-DE-MURE","cp":"69720","adresse":"6 route nationale","nom":"INTERMARCHE ST BONNET DE MURE","marque":"Intermarche"},{"id":"69370002","commune":"SAINT-DIDIER-AU-MONT-D'OR","cp":"69370","adresse":"107 route de st cyr","nom":"RELAIS ST DIDIER","marque":"TotalEnergies"},{"id":"69110005","commune":"SAINTE-FOY-LES-LYON","cp":"69110","adresse":"28 avenue maurice jarrosson","nom":"CALAO 207","marque":"Intermarche"},{"id":"69110004","commune":"SAINTE-FOY-LES-LYON","cp":"69110","adresse":"Rue commandant charcot","nom":"ESSO STE FOY LES LYON","marque":"Esso"},{"id":"69110001","commune":"SAINTE-FOY-LES-LYON","cp":"69110","adresse":"27 avenue de l'aqueduc de beaunant","nom":"FLB AUTOMOBILES TOTAL","marque":"TotalEnergies"},{"id":"69190009","commune":"SAINT FONS","cp":"69190","adresse":"130 boulevard yves farges","nom":"MS Station","marque":"ENI"},{"id":"69190001","commune":"SAINT-FONS","cp":"69190","adresse":"2 place des 4 chemins","nom":"Carrefour Market","marque":"Carrefour Market"},{"id":"69230001","commune":"SAINT-GENIS-LAVAL","cp":"69230","adresse":"Les basses barolles","nom":"AUCHAN St Genis-Laval","marque":"Auchan"},{"id":"69230005","commune":"SAINT-GENIS-LAVAL","cp":"69230","adresse":"66  rue georges clemenceau","nom":"ESSO ST GENIS LAVAL CARREFOUR EXPRESS","marque":"Esso"},{"id":"69830003","commune":"SAINT-GEORGES-DE-RENEINS","cp":"69830","adresse":"Les vernailles, 110 rue de l'industrie","nom":"Leclerc SAS SODIRE","marque":"Leclerc"},{"id":"69220008","commune":"SAINT-JEAN-D'ARDIERES","cp":"69220","adresse":"260 rue du parc st jean","nom":"Netto St Jean d'Ardieres","marque":"Netto"},{"id":"69930001","commune":"SAINT-LAURENT-DE-CHAMOUSSET","cp":"69930","adresse":"La croix blanche","nom":"GARAGE MICHAUD","marque":"TotalEnergies"},{"id":"69720002","commune":"SAINT-LAURENT-DE-MURE","cp":"69720","adresse":"Rn 6","nom":"ESSO DES SAVOIES","marque":"Esso Express"},{"id":"69720004","commune":"SAINT-LAURENT-DE-MURE","cp":"69720","adresse":"17 avenue jean moulin","nom":"Jean Moulin automobiles","marque":"TotalEnergies"},{"id":"69620002","commune":"SAINT-LAURENT-D'OINGT","cp":"69620","adresse":"Les plaines","nom":"Station des plaines rd 385","marque":"Avia"},{"id":"69490001","commune":"SAINT-LOUP","cp":"69490","adresse":"Rn 7","nom":"SAINT LOUP DISTRIBUTION","marque":"Leclerc"},{"id":"69850001","commune":"SAINT-MARTIN-EN-HAUT","cp":"69850","adresse":"Rte de lyon","nom":"GARAGE GUYOT","marque":"TotalEnergies"},{"id":"69803001","commune":"SAINT-PRIEST","cp":"69800","adresse":"Bld. andre boulloche bp 341","nom":"Auchan Saint Priest","marque":"Auchan"},{"id":"69800010","commune":"SAINT-PRIEST","cp":"69800","adresse":"13 bd edouard herriot","nom":"Carrefour Market","marque":"Carrefour Market"},{"id":"69800013","commune":"SAINT-PRIEST","cp":"69800","adresse":"Autoroute a43, aire de manissieux","nom":"ESSO A43 AIRE DE MANISSIEUX","marque":"Esso"},{"id":"69800012","commune":"SAINT-PRIEST","cp":"69800","adresse":"Autoroute a43, aire de saint priest","nom":"ESSO AIRE DE SAINT PRIEST","marque":"Esso"},{"id":"69800018","commune":"SAINT-PRIEST","cp":"69800","adresse":"119 route d'heyrieux","nom":"ESSO Saint-Priest Heyrieux","marque":"Esso"},{"id":"69800017","commune":"SAINT-PRIEST","cp":"69800","adresse":"91 rte de grenoble","nom":"RELAIS ST HUBERT","marque":"TotalEnergies Access"},{"id":"69800015","commune":"SAINT-PRIEST","cp":"69800","adresse":"32 route de lyon","nom":"RELAIS ST PRIEST LES BRIGOUDES","marque":"TotalEnergies Access"},{"id":"69800014","commune":"SAINT-PRIEST","cp":"69800","adresse":"Rn 6- route de grenoble","nom":"RELAIS ST PRIEST MI PLAINE","marque":"TotalEnergies Access"},{"id":"69800019","commune":"SAINT-PRIEST","cp":"69800","adresse":"248 route de grenoble","nom":"RELAIS ST PRIEST  MI PLAINE 2","marque":"TotalEnergies Access"},{"id":"69800016","commune":"SAINT-PRIEST","cp":"69800","adresse":"72 route d'heyrieux","nom":"RELAIS ST PRIEST SAYTHE","marque":"TotalEnergies Access"},{"id":"69560001","commune":"SAINT-ROMAIN-EN-GAL","cp":"69560","adresse":"Avenue de la gare","nom":"U EXPRESS ST ROMAIN EN GAL","marque":"Systeme U"},{"id":"69700012","commune":"SAINT ROMAIN EN GIER","cp":"69700","adresse":"Autoroute a47 - aire de saint romain en gier","nom":"ESSO A47 AIRE DE SAINT ROMAIN EN GIER","marque":"Esso"},{"id":"69360015","commune":"SAINT-SYMPHORIEN-D'OZON","cp":"69360","adresse":"Route de corbas cd 148","nom":"RELAIS DE L'OZON","marque":"TotalEnergies Access"},{"id":"69360011","commune":"SAINT-SYMPHORIEN-D'OZON","cp":"69360","adresse":"Autoroute a7 - aire de solaize","nom":"RELAIS SOLAIZE","marque":"TotalEnergies"},{"id":"69590001","commune":"SAINT-SYMPHORIEN-SUR-COISE","cp":"69590","adresse":"Avenue emmanuel clement","nom":"Carrefour Market","marque":"Carrefour Market"},{"id":"69590002","commune":"SAINT-SYMPHORIEN-SUR-COISE","cp":"69590","adresse":"Boulevard du 11 novembre 1918","nom":"ETS GRANJON","marque":"Avia"},{"id":"69360018","commune":"SEREZIN DU RHONE","cp":"69360","adresse":"A7 aire de serezin du rhone","nom":"SARL KARADEMIR AVIA SEREZIN DU RHONE","marque":"AVIA"},{"id":"69360010","commune":"SEREZIN DU RHONE","cp":"69360","adresse":"2 avenue du dauphine","nom":"SARL SERVALIS","marque":"Systeme U"},{"id":"69360019","commune":"SIMANDRES","cp":"69360","adresse":"D307 les trenassets","nom":"AVIA","marque":"Avia"},{"id":"69610001","commune":"SOUZY","cp":"69610","adresse":"Zac bellevue","nom":"INTERMARCHE SOUZY","marque":"Intermarche"},{"id":"69190010","commune":"ST FONS","cp":"69190","adresse":"Rn 383 brd pierre semard","nom":"ESSO  ST FONS P. HERRIOT","marque":"Esso"},{"id":"69780002","commune":"ST PIERRE DE CHANDIEU","cp":"69780","adresse":"Route d heyrieux","nom":"NETTO ST PIERRE DE CHANDIEU","marque":"Netto"},{"id":"69220007","commune":"TAPONAS","cp":"69220","adresse":"Aire de taponas - a 6","nom":"SHELL Taponas","marque":"Shell"},{"id":"69170004","commune":"TARARE","cp":"69170","adresse":"Rn 7 - 60 rue edouard herriot","nom":"RELAIS TARARE LA TURDINE","marque":"TotalEnergies Access"},{"id":"69170001","commune":"TARARE","cp":"69170","adresse":"7 avenue edouard herriot","nom":"SIMPLY MARKET","marque":"Auchan"},{"id":"69160005","commune":"TASSIN LA DEMI LUNE","cp":"69160","adresse":"49 avenue victor hugo","nom":"MJB STATIONS-SERVICES","marque":"Avia"},{"id":"69160001","commune":"TASSIN-LA-DEMI-LUNE","cp":"69160","adresse":"35 avenue general brosset","nom":"AUCHAN SUPERMARCHE","marque":"Auchan"},{"id":"69160003","commune":"TASSIN-LA-DEMI-LUNE","cp":"69160","adresse":"50 avenue du 11 novembre 1918","nom":"ESSO CHARBONNIERES 69","marque":"Esso Express"},{"id":"69360008","commune":"TERNAY","cp":"69360","adresse":"Cd 12 e","nom":"GARAGE DES PIERRES","marque":"BP"},{"id":"69670002","commune":"VAUGNERAY","cp":"69670","adresse":"61 route de bordeaux","nom":"Garage Rossandes","marque":"Esso"},{"id":"69120012","commune":"VAULX EN VELIN","cp":"69120","adresse":"55 av garibaldi","nom":"CEYHAN AUTOMOBILE","marque":"Avia"},{"id":"69120011","commune":"VAULX-EN-VELIN","cp":"69120","adresse":"57 avenue de bohlen","nom":"2C Distribution - Relais de Vaulx-en-Velin","marque":"TotalEnergies"},{"id":"69210002","commune":"VAULX-EN-VELIN","cp":"69120","adresse":"236 avenue franklin roosevelt","nom":"CARREFOUR VAULX EN VELIN","marque":"Carrefour"},{"id":"69120010","commune":"VAULX-EN-VELIN","cp":"69120","adresse":"Avenue gabriel peri - rue p.teste","nom":"ENI VAULX EN VELIN PERI","marque":"ENI"},{"id":"69200001","commune":"VENISSIEUX","cp":"69200","adresse":"Bd joliot curie","nom":"CARREFOUR VENISSIEUX","marque":"Carrefour"},{"id":"69200005","commune":"VENISSIEUX","cp":"69200","adresse":"112 boulevard irene joliot-curie","nom":"ESSO JOLIOT CURIE","marque":"Esso Express"},{"id":"69200007","commune":"VENISSIEUX","cp":"69200","adresse":"61 avenue de la republique","nom":"ESSO  VENISSIEUX","marque":"Esso"},{"id":"69200008","commune":"VENISSIEUX","cp":"69200","adresse":"Rue charles baudelaire","nom":"LECLERC DRIVE","marque":"Leclerc"},{"id":"69200009","commune":"VENISSIEUX","cp":"69200","adresse":"Rte de corbas - rd 57","nom":"RELAIS PERRIERE","marque":"TotalEnergies"},{"id":"69200003","commune":"VENISSIEUX","cp":"69200","adresse":"38 rue du moulin a vent","nom":"STATION U","marque":"Systeme U"},{"id":"69390005","commune":"VERNAISON","cp":"69390","adresse":"641 route de givors","nom":"VERNAISON","marque":"Systeme U"},{"id":"69400009","commune":"VILLEFRANCHE-SUR-SAONE","cp":"69400","adresse":"420 rue philippe heron","nom":"AUCHAN Supermarche","marque":"Auchan"},{"id":"69658001","commune":"VILLEFRANCHE-SUR-SAONE","cp":"69400","adresse":"Zac du garet","nom":"CARREFOUR VILLEFRANCHE SUR SAONE","marque":"Carrefour"},{"id":"69400006","commune":"VILLEFRANCHE-SUR-SAONE","cp":"69400","adresse":"145 boulevard roger salengro","nom":"ESSO SALENGRO","marque":"Esso Express"},{"id":"69400005","commune":"VILLEFRANCHE-SUR-SAONE","cp":"69400","adresse":"705 rue d'anse","nom":"ESSO VILLEFRANCHE","marque":"Esso Express"},{"id":"69400010","commune":"VILLEFRANCHE-SUR-SAONE","cp":"69400","adresse":"477 rue jules ferry","nom":"INTERMARCHE VILLEFRANCHE/SAONE","marque":"Intermarche"},{"id":"69400004","commune":"VILLEFRANCHE-SUR-SAONE","cp":"69400","adresse":"695 avenue theodore braun","nom":"NOMBLOT AUTOMOBILES SAS","marque":"TotalEnergies"},{"id":"69651002","commune":"VILLEFRANCHE-SUR-SAONE","cp":"69400","adresse":"1193 avenue de l'europe","nom":"NOMBLOT SAS","marque":"ESSO"},{"id":"69400014","commune":"VILLEFRANCHE-SUR-SAONE","cp":"69400","adresse":"Rn 6-rte d'anse","nom":"RELAIS DE LA CALADE","marque":"TotalEnergies Access"},{"id":"69100001","commune":"VILLEURBANNE","cp":"69100","adresse":"145, rue anatole france","nom":"CARREFOUR VILLEURBANNE","marque":"Carrefour"},{"id":"69100032","commune":"VILLEURBANNE","cp":"69100","adresse":"112 b, rue leon blum","nom":"ENI VILLEURBANNE BLUM","marque":"ENI"},{"id":"69100031","commune":"VILLEURBANNE","cp":"69100","adresse":"47 cours emile zola","nom":"ESSO VILLEURBANNE DES CHARMETTES","marque":"Esso"},{"id":"69100028","commune":"VILLEURBANNE","cp":"69100","adresse":"110 bd du 11 novembre 1918","nom":"ESSO VILLEURBANNE FACULTES CARREFOUR EXPRESS","marque":"Esso"},{"id":"69100030","commune":"VILLEURBANNE","cp":"69100","adresse":"72 cours tolstoi","nom":"ESSO VILLEURBANNE TILLEUL 8 a Huit","marque":"Esso"},{"id":"69100029","commune":"VILLEURBANNE","cp":"69100","adresse":"87-89  bd stalingrad","nom":"ESSO VILLEURBANNE TONKIN CARREFOUR EXPRESS","marque":"Esso"},{"id":"69100022","commune":"VILLEURBANNE","cp":"69100","adresse":"283 rte de genas","nom":"RELAIS GARENNE VILLEURBANNE","marque":"TotalEnergies Access"},{"id":"69390007","commune":"VOURLES","cp":"69390","adresse":"Rn 86 - les sept chemins","nom":"ENI VOURLES","marque":"ENI"},{"id":"69390002","commune":"VOURLES","cp":"69390","adresse":"Les sept chemins rn.86","nom":"MR TAFANI","marque":"TotalEnergies"}]}