{"numero":"63","stations":[{"id":"63260003","commune":"AIGUEPERSE","cp":"63260","adresse":"Zac de juilhat","nom":"MARKET AIGUEPERSE","marque":"Carrefour Market"},{"id":"63600001","commune":"AMBERT","cp":"63600","adresse":"Route du puy","nom":"Carrefour Market","marque":"Carrefour Market"},{"id":"63600003","commune":"AMBERT","cp":"63600","adresse":" avenue georges clemenceau","nom":"GARAGE GRENIER","marque":"TotalEnergies"},{"id":"63600002","commune":"AMBERT","cp":"63600","adresse":"Route du puy","nom":"INTERMARCHE AMBERT","marque":"Intermarche"},{"id":"63220001","commune":"ARLANC","cp":"63220","adresse":"Route de beurrieres","nom":"Station U","marque":"Systeme U"},{"id":"63170007","commune":"AUBIERE","cp":"63170","adresse":"38 avenue du roussillon","nom":"AGIP AUBIERE","marque":"ENI"},{"id":"63170001","commune":"AUBIERE","cp":"63170","adresse":"Route d'issoire","nom":"AUCHAN AUBIERE","marque":"Auchan"},{"id":"63170008","commune":"AUBIERE","cp":"63170","adresse":"10 av. du roussillon","nom":"RELAIS DE GERGOVIE","marque":"TotalEnergies Access"},{"id":"63114003","commune":"AUTHEZAT","cp":"63114","adresse":"Aire d'authezat - a75","nom":"AVIA AUTHEZAT","marque":"Avia"},{"id":"63110002","commune":"BEAUMONT","cp":"63110","adresse":"Rue des freres lumiere","nom":"Auchan Supermarche","marque":"Auchan"},{"id":"63610001","commune":"BESSE-ET-SAINT-ANASTAISE","cp":"63610","adresse":"Route de compains","nom":"AUCHAN SUPERMARCHE","marque":"Auchan"},{"id":"63160001","commune":"BILLOM","cp":"63160","adresse":"Place joseph claussat","nom":"AUCHAN SUPERMARCHE","marque":"Auchan"},{"id":"63160002","commune":"BILLOM","cp":"63160","adresse":"Avenue de la republique","nom":"INTERMARCHE BILLOM","marque":"Intermarche"},{"id":"63160003","commune":"BILLOM","cp":"63160","adresse":"5 route de clermont","nom":"STATION TOTALENERGIES","marque":"TotalEnergies"},{"id":"63112001","commune":"BLANZAT","cp":"63112","adresse":"Za la fontaine","nom":"INTERMARCHE BLANZAT","marque":"Intermarche"},{"id":"63760001","commune":"BOURG-LASTIC","cp":"63760","adresse":"Pacher de la besse","nom":"INTERMARCHE","marque":"Intermarche Contact"},{"id":"63570003","commune":"BRASSAC-LES-MINES","cp":"63570","adresse":"2 rue des sarailleres","nom":"INTERMARCHE","marque":"Intermarche"},{"id":"63118001","commune":"CEBAZAT","cp":"63118","adresse":"Route de chateaugay","nom":"AUCHAN SUPERMARCHE","marque":"Auchan"},{"id":"63122002","commune":"CEYRAT","cp":"63122","adresse":"Avenue de royat","nom":"SAS CHGL","marque":"Intermarche"},{"id":"63250001","commune":"CHABRELOCHE","cp":"63250","adresse":"24 route de clermont","nom":"STATION INTERCOMMUNALE DE CHABRELOCHE","marque":"intercommunale"},{"id":"63400001","commune":"CHAMALIERES","cp":"63400","adresse":"77 av de royat","nom":"ESSO CHAMALIERES","marque":"Esso Express"},{"id":"63320001","commune":"CHAMPEIX","cp":"63320","adresse":"Route de st nectaire","nom":"INTERMARCHE CHAMPEIX","marque":"Intermarche"},{"id":"63320002","commune":"CHAMPEIX","cp":"63320","adresse":"Route de clermont d 978","nom":"SANCY CARBURANTS COMBUSTIBLES","marque":"Independant sans enseigne"},{"id":"63440003","commune":"CHAMPS","cp":"63440","adresse":"Autoroute a71 - aire des volcans d'auvergne","nom":"RELAIS LES VOLCANS D AUVERGNE","marque":"TotalEnergies"},{"id":"63140001","commune":"CHATEL-GUYON","cp":"63140","adresse":"65 avenue de belgique","nom":"AUBERT ELO-JM","marque":"TotalEnergies"},{"id":"63140002","commune":"CHATEL-GUYON","cp":"63140","adresse":"3 route de riom","nom":"CARREFOUR CONTACT","marque":"Carrefour Contact"},{"id":"63000022","commune":"CLERMONT FERRAND","cp":"63000","adresse":"24 boulevard ambroise brugiere","nom":"RELAIS PONT ST-JEAN","marque":"TotalEnergies"},{"id":"63000019","commune":"CLERMONT-FERRAND","cp":"63000","adresse":"Avenue marx dormoy","nom":"AGIP CLERMONT FERRAND RUE DORMOY","marque":"ENI"},{"id":"63100007","commune":"CLERMONT-FERRAND","cp":"63100","adresse":"2 rue georges besse","nom":"BREZET Centre E.Leclerc","marque":"Leclerc"},{"id":"63000015","commune":"CLERMONT-FERRAND","cp":"63000","adresse":"Boulevard gustave flaubert","nom":"Centre E Leclerc La Pardieu","marque":"Leclerc"},{"id":"63000009","commune":"CLERMONT-FERRAND","cp":"63000","adresse":"153 bd gustave flaubert","nom":"ESSO DU BAC","marque":"Esso Express"},{"id":"63000007","commune":"CLERMONT-FERRAND","cp":"63000","adresse":"21 boulevard pochet lagaye","nom":"ESSO POCHET LAGAYE","marque":"Esso Express"},{"id":"63000008","commune":"CLERMONT-FERRAND","cp":"63100","adresse":"Av du puy de dome","nom":"ESSO PUY DE DOME","marque":"Esso Express"},{"id":"63000027","commune":"CLERMONT-FERRAND","cp":"63000","adresse":"40 boulevard berthelot","nom":"INTERMARCHE Clermont Berthelot","marque":"Intermarche"},{"id":"63000014","commune":"CLERMONT-FERRAND","cp":"63000","adresse":"98 rue fontgieve","nom":"INTERMARCHE CLERMONT FERRAND","marque":"Intermarche"},{"id":"63100011","commune":"CLERMONT-FERRAND","cp":"63100","adresse":"Rue nicolas joseph cugnot","nom":"Intermarche Hyper Clermont Ferrand St Jean","marque":"Intermarche"},{"id":"63000024","commune":"CLERMONT-FERRAND","cp":"63000","adresse":"Avenue du puy de dome","nom":"RELAIS CHAMPRADET","marque":"TotalEnergies Access"},{"id":"63000026","commune":"CLERMONT-FERRAND","cp":"63000","adresse":"8 boulevard winston churchill","nom":"RELAIS CLERMONT-FD ST.JACQUES","marque":"TotalEnergies Access"},{"id":"63000025","commune":"CLERMONT-FERRAND","cp":"63000","adresse":"140 bld lavoisier","nom":"RELAIS CLERMONT-FERRAND LAVOISIER","marque":"TotalEnergies Access"},{"id":"63000023","commune":"CLERMONT-FERRAND","cp":"63000","adresse":"108 bld etienne clementel","nom":"RELAIS DE LA PLAINE","marque":"TotalEnergies"},{"id":"63000001","commune":"CLERMONT-FERRAND","cp":"63000","adresse":"60 boulevard lafayette","nom":"Relais Lagarde Clermont Lafayette","marque":"TotalEnergies"},{"id":"63100003","commune":"CLERMONT-FERRAND","cp":"63100","adresse":"Boulevard etienne clementel","nom":"STATION AUCHAN","marque":"Auchan"},{"id":"63460003","commune":"COMBRONDE","cp":"63460","adresse":"131 avenue etienne clementel","nom":"Intermarche Combronde","marque":"Intermarche"},{"id":"63800002","commune":"COURNON-D'AUVERGNE","cp":"63800","adresse":"Avenue des domes","nom":"AUCHAN SUPERMARCHE","marque":"Auchan"},{"id":"63800004","commune":"COURNON-D'AUVERGNE","cp":"63800","adresse":"Route de clermont","nom":"Sas Sogemat Energies","marque":"TotalEnergies"},{"id":"63120002","commune":"COURPIERE","cp":"63120","adresse":"54 avenue de thiers","nom":"INTERMARCHE COURPIERE","marque":"Intermarche"},{"id":"63120003","commune":"COURPIERE","cp":"63120","adresse":"22 avenue jean jaures","nom":"LORENZINI-ADAM","marque":"Independant sans enseigne"},{"id":"63120004","commune":"COURPIERE","cp":"63120","adresse":"6 route d'ambert","nom":"PIREYRE FUEL","marque":"BIG APPLE"},{"id":"63850001","commune":"EGLISENEUVE-D'ENTRAIGUES","cp":"63850","adresse":"Route de besse","nom":"ORCEYRE CARBURANTS","marque":"Independant sans enseigne"},{"id":"63720003","commune":"ENNEZAT","cp":"63720","adresse":"Route de riom","nom":"INTERMARCHE","marque":"Intermarche"},{"id":"63201001","commune":"ENVAL","cp":"63530","adresse":"Route de volvic","nom":"ENVAL DISTRIBUTION","marque":"Leclerc"},{"id":"63360001","commune":"GERZAT","cp":"63360","adresse":"Allee de fonchenille","nom":"Carrefour Market","marque":"Carrefour Market"},{"id":"63360003","commune":"GERZAT","cp":"63360","adresse":"Rue des martyrs","nom":"INTERMARCHE GERZAT","marque":"Intermarche"},{"id":"63360002","commune":"GERZAT","cp":"63360","adresse":"Fontchenille","nom":"SARL GGE ALAIN BORSIER","marque":"TotalEnergies"},{"id":"63620001","commune":"GIAT","cp":"63620","adresse":"Route de saint avit","nom":"SHOPI","marque":"Huit a 8"},{"id":"63500008","commune":"ISSOIRE","cp":"63500","adresse":"488 route de perrier","nom":"Intermarche - Carburants","marque":"Intermarche"},{"id":"63500006","commune":"ISSOIRE","cp":"63500","adresse":"6 route de st germain","nom":"RELAIS DE PEIX","marque":"TotalEnergies"},{"id":"63500007","commune":"ISSOIRE","cp":"63500","adresse":"61 avenue kennedy","nom":"RELAIS DU STADE","marque":"TotalEnergies Access"},{"id":"63500002","commune":"ISSOIRE","cp":"63500","adresse":"Rue jean bigot","nom":"YSIODIS","marque":"Carrefour"},{"id":"63150001","commune":"LA BOURBOULE","cp":"63150","adresse":"Boulevard des vernieres","nom":"AUCHAN","marque":"Auchan"},{"id":"63230001","commune":"LA GOUTELLE","cp":"63230","adresse":"6 avenue des volcans - d941","nom":"RELAIS TOTAL LA GOUTELLE","marque":"TotalEnergies"},{"id":"63650001","commune":"LA MONNERIE-LE-MONTEL","cp":"63650","adresse":"Rue de chantelauze","nom":"Carrefour Market","marque":"Carrefour Market"},{"id":"63670002","commune":"LA ROCHE-BLANCHE","cp":"63670","adresse":"Lieudit chateaugay","nom":"INTERMARCHE CONTACT","marque":"Intermarche Contact"},{"id":"63680001","commune":"LA TOUR D'AUVERGNE","cp":"63680","adresse":"Parcelle section a, lieu dit les ventadoux","nom":"GULF LA TOUR D'AUVERGNE","marque":"Gulf"},{"id":"63670001","commune":"LE CENDRE","cp":"63670","adresse":"Rue jean mermoz","nom":"CBP / INTERMARCHE LE CENDRE","marque":"Intermarche"},{"id":"63450004","commune":"LE CREST","cp":"63450","adresse":"Cd 213- la peigne","nom":"RELAIS DE LA PEIGNE","marque":"TotalEnergies"},{"id":"63370001","commune":"LEMPDES","cp":"63370","adresse":"26 avenue de l europe","nom":"CORA","marque":"CORA"},{"id":"63730001","commune":"LES MARTRES-DE-VEYRE","cp":"63730","adresse":"Avenue du commandant berrier","nom":"Auchan Supermarche","marque":"Auchan"},{"id":"63190001","commune":"LEZOUX","cp":"63190","adresse":"Rue georges clemenceau","nom":"CSF Station de Service Carrefour Market","marque":"Carrefour Market"},{"id":"63190009","commune":"LEZOUX","cp":"63190","adresse":"Route de clermont ferrand,la croix chadeyras","nom":"SAS   LARZAT ET MEYRONNE     LEZOUX","marque":"LARZAT ET MEYRONNE"},{"id":"63410001","commune":"MANZAT","cp":"63410","adresse":"Aire de service de manzat a89","nom":"AIRE DE MANZAT","marque":"ENI"},{"id":"63410004","commune":"MANZAT","cp":"63410","adresse":"Route de riom","nom":"GARAGE BARD R. SARL STATION TOTAL","marque":"TotalEnergies"},{"id":"63480001","commune":"MARAT","cp":"63480","adresse":"Za la dinasse","nom":"Station-service intercommunale de Marat 24/24","marque":"ALF"},{"id":"63350001","commune":"MARINGUES","cp":"63350","adresse":"Le champ d'orioux","nom":"AUCHAN SUPERMARCHE","marque":"Auchan"},{"id":"63350003","commune":"MARINGUES","cp":"63350","adresse":"Rond point sud-route de clermont ferrand","nom":"SAS LARZAT ET MEYRONNE MARINGUES","marque":"LARZAT ET MEYRONNE"},{"id":"63350002","commune":"MARINGUES","cp":"63350","adresse":"Route de clermont-ferrand","nom":"SOGEMAT ENERGIES","marque":"TotalEnergies"},{"id":"63940001","commune":"MARSAC-EN-LIVRADOIS","cp":"63940","adresse":"19 avenue du livradois","nom":"SARL GARAGE GRENIER","marque":"TOTAL"},{"id":"63200001","commune":"MENETROL","cp":"63200","adresse":"Avenue de clermont","nom":"CARREFOUR RIOM","marque":"Carrefour"},{"id":"63700006","commune":"MONTAIGUT EN COMBRAILLES","cp":"63700","adresse":"1 avenue du bourbonnais","nom":"STATION CAFE MONTAIGUT","marque":"TotalEnergies"},{"id":"63240001","commune":"MONT-DORE","cp":"63240","adresse":"5 boulevard mirabeau","nom":"GARAGE DU SANCY","marque":"TotalEnergies"},{"id":"63150002","commune":"MURAT-LE-QUAIRE","cp":"63150","adresse":"Av du marechal leclerc","nom":"INTERMARCHE MURAT LE QUAIRE","marque":"Intermarche"},{"id":"63790001","commune":"MUROL","cp":"63790","adresse":"Route du chambon","nom":"GARAGE DE L'AVENIR","marque":"Independant sans enseigne"},{"id":"63210001","commune":"NEBOUZAT","cp":"63210","adresse":"Les quatre routes","nom":"GARAGE GAUTHIER","marque":"TotalEnergies"},{"id":"63190011","commune":"ORLEAT","cp":"63190","adresse":"Autoroute a89 - aire limagne sud","nom":"RELAIS LIMAGNE SUD","marque":"TotalEnergies"},{"id":"63800005","commune":"PERIGNAT-SUR-ALLIER","cp":"63800","adresse":"Route de cournon","nom":"INTERMARCHE CONTACT","marque":"Intermarche Contact"},{"id":"63330002","commune":"PIONSAT","cp":"63330","adresse":"Route lafayette","nom":"Intermarche Super","marque":"Intermarche"},{"id":"63380003","commune":"PONTAUMUR","cp":"63380","adresse":"2 rue paroueix","nom":"SYBIS","marque":"Auchan"},{"id":"63430002","commune":"PONT-DU-CHATEAU","cp":"63430","adresse":"64 avenue de lyon","nom":"ERIC COTTIER","marque":"TotalEnergies"},{"id":"63430004","commune":"PONT-DU-CHATEAU","cp":"63430","adresse":"Avenue roger prat","nom":"INTERMARCHE PONT DU CHATEAU","marque":"Intermarche"},{"id":"63430006","commune":"PONT-DU-CHATEAU","cp":"63430","adresse":"24 avenue de lyon","nom":"SUPER U PONT DU CHATEAU","marque":"Systeme U"},{"id":"63230002","commune":"PONTGIBAUD","cp":"63230","adresse":"18 avenue de la gare","nom":"Carrefour Market","marque":"Carrefour Market"},{"id":"63290001","commune":"PUY-GUILLAUME","cp":"63290","adresse":"31 avenue e. vaillant","nom":"Relais Lagarde Puy Guillaume","marque":"TotalEnergies"},{"id":"63310002","commune":"RANDAN","cp":"63310","adresse":"Place des charmes","nom":"SAS RANDECO","marque":"Intermarche Contact"},{"id":"63200004","commune":"RIOM","cp":"63200","adresse":"31 avenue de paris","nom":"ESSO LAYAT","marque":"Esso Express"},{"id":"63200006","commune":"RIOM","cp":"63200","adresse":"Rue du creux","nom":"MARKET RIOM","marque":"Carrefour Market"},{"id":"63200002","commune":"RIOM","cp":"63200","adresse":"37, avenue de clermont ferrand","nom":"Relais Lagarde Riom","marque":"TotalEnergies"},{"id":"63210003","commune":"ROCHEFORT-MONTAGNE","cp":"63210","adresse":"Route d'herment","nom":"CARREFOUR CONTACT","marque":"Carrefour Contact"},{"id":"63210002","commune":"ROCHEFORT-MONTAGNE","cp":"63210","adresse":"Rte n 89","nom":"STE D EXPLOITATION FAURE SARL","marque":"Avia"},{"id":"63540003","commune":"ROMAGNAT","cp":"63540","adresse":"Avenue du sancy","nom":"SARL GARAGE BORSIER","marque":"TotalEnergies"},{"id":"63540002","commune":"ROMAGNAT","cp":"63540","adresse":"32 avenue jean jaures / route de beaumont","nom":"STATION TOTAL A.M.G.","marque":"TotalEnergies"},{"id":"63660001","commune":"SAINT-ANTHEME","cp":"63660","adresse":"Route d'ambert","nom":"Station Service Intercommunale","marque":"independant"},{"id":"63700004","commune":"SAINT-ELOY-LES-MINES","cp":"63700","adresse":"Rue jean moulin","nom":"Carrefour Market","marque":"Carrefour Market"},{"id":"63122001","commune":"SAINT-GENES-CHAMPANELLE","cp":"63122","adresse":"1 rue du chateau - d2089","nom":"GARAGE DE THEIX SARL","marque":"Esso"},{"id":"63780001","commune":"SAINT-GEORGES-DE-MONS","cp":"63780","adresse":"D19 champs greliere","nom":"Intermarche","marque":"Intermarche"},{"id":"63340001","commune":"SAINT-GERMAIN-LEMBRON","cp":"63340","adresse":"Zac des coustilles","nom":"Super U","marque":"Systeme U"},{"id":"63390001","commune":"SAINT-GERVAIS-D'AUVERGNE","cp":"63390","adresse":"Rue de l`egalite","nom":"Carrefour Contact","marque":"Carrefour Contact"},{"id":"63550001","commune":"SAINT-REMY-SUR-DUROLLE","cp":"63550","adresse":"10 route du lac","nom":"STATION SERVICE DU LAC","marque":"S.ENERGIES"},{"id":"63490002","commune":"SAUXILLANGES","cp":"63490","adresse":"2 route d'issoire","nom":"Carrefour Contact","marque":"Carrefour Contact"},{"id":"63700007","commune":"ST ELOY LES MINES","cp":"63700","adresse":"2 route de clermont ferrand","nom":"Relais de la boulbe","marque":"TotalEnergies"},{"id":"63450002","commune":"TALLENDE","cp":"63450","adresse":"Cd 213","nom":"INTERMARCHE CONTACT TALLENDE","marque":"Intermarche Contact"},{"id":"63300001","commune":"THIERS","cp":"63300","adresse":"Rue francois truffaut","nom":"CARREFOUR THIERS","marque":"Carrefour"},{"id":"63300004","commune":"THIERS","cp":"63300","adresse":"Avenue leo lagrange","nom":"Centre E.LECLERC THIERS","marque":"Leclerc"},{"id":"63300005","commune":"THIERS","cp":"63300","adresse":"22 avenue du general de gaulle","nom":"INTERMARCHE THIERS","marque":"Intermarche"},{"id":"63300007","commune":"THIERS","cp":"63300","adresse":"38 avenue du general de gaulle","nom":"PIREYRE FUEL","marque":"BIG APPLE"},{"id":"63300002","commune":"THIERS","cp":"63300","adresse":"Z.i. le felet","nom":"RICOUX","marque":"TotalEnergies"},{"id":"63300003","commune":"THIERS","cp":"63300","adresse":"52 avenue leo lagrange","nom":"SA THIERS AUTOMOBILES","marque":"Elan"},{"id":"63960005","commune":"VEYRE-MONTON","cp":"63960","adresse":"16 chemin du chardonnet","nom":"CARREFOUR CONTACT","marque":"Carrefour Contact"},{"id":"63960002","commune":"VEYRE-MONTON","cp":"63960","adresse":"A75","nom":"STATION AVIA","marque":"Avia"},{"id":"63270002","commune":"VIC-LE-COMTE","cp":"63270","adresse":"Zac des meules 2","nom":"IMA STATION SERVICE","marque":"Systeme U"}]}