{"numero":"71","stations":[{"id":"71400016","commune":"AUTUN","cp":"71400","adresse":"2 route de beaune","nom":"AVIA XPRESS AUTUN","marque":"Avia"},{"id":"71400005","commune":"AUTUN","cp":"71400","adresse":"Route de chateau-chinon","nom":"INTERMARCHE AUTUN","marque":"Intermarche"},{"id":"71400011","commune":"AUTUN","cp":"71400","adresse":"3-5 rue nicephore niepce","nom":"LECLERC","marque":"Leclerc"},{"id":"71400012","commune":"AUTUN","cp":"71400","adresse":"15, avenue de la republique","nom":"RELAIS AUTUN GARE","marque":"TotalEnergies Access"},{"id":"71400013","commune":"AUTUN","cp":"71400","adresse":"Avenue du 2 eme dragon rd 978","nom":"RELAIS DU LAC","marque":"TotalEnergies Access"},{"id":"71110003","commune":"BAUGY","cp":"71110","adresse":"Le champetre","nom":"Garage Christophe JANIN","marque":"Avia"},{"id":"71450001","commune":"BLANZY","cp":"71450","adresse":"Rue des communautes","nom":"AVIA XPRESS","marque":"Avia"},{"id":"71450002","commune":"BLANZY","cp":"71450","adresse":"37, rue de la republique","nom":"LE RELAIS DE SAVIGNY","marque":"Avia"},{"id":"71140002","commune":"BOURBON-LANCY","cp":"71140","adresse":"47 avenue claude et emile puzenat","nom":"AGIP BOURBON LANCY","marque":"ENI"},{"id":"71140001","commune":"BOURBON-LANCY","cp":"71140","adresse":"Route de moulins","nom":"AVIA XPRESS","marque":"Avia"},{"id":"71140003","commune":"BOURBON-LANCY","cp":"71140","adresse":"6 route de digoin","nom":"INTERMARCHE BOURBON LANCY","marque":"Intermarche"},{"id":"71390001","commune":"BUXY","cp":"71390","adresse":"Le champ fleury","nom":"AVIA XPRESS","marque":"Avia"},{"id":"71390006","commune":"BUXY","cp":"71390","adresse":"1 rue des cordiers","nom":"Buxy Automobiles","marque":"TotalEnergies"},{"id":"71150004","commune":"CHAGNY","cp":"71150","adresse":"19-21 route de chassagne, rn6","nom":"ENI CHAGNY","marque":"ENI"},{"id":"71150002","commune":"CHAGNY","cp":"71150","adresse":"Rue de wissen","nom":"INTERMARCHE CHAGNY","marque":"Intermarche"},{"id":"71100003","commune":"CHALON-SUR-SAONE","cp":"71100","adresse":"144 avenue de paris","nom":"CARREFOUR CHALON NORD","marque":"Carrefour"},{"id":"71100002","commune":"CHALON-SUR-SAONE","cp":"71100","adresse":"7 rue thomas dumorey","nom":"CARREFOUR CHALON SUD","marque":"Carrefour"},{"id":"71000010","commune":"CHALON-SUR-SAONE","cp":"71100","adresse":"6, rue paul sabatier","nom":"CHALONDIS","marque":"Leclerc"},{"id":"71100030","commune":"CHALON-SUR-SAONE","cp":"71100","adresse":"20-22 avenue monot","nom":"ENI CHALON AVENUE MONOT","marque":"ENI"},{"id":"71100008","commune":"CHALON-SUR-SAONE","cp":"71100","adresse":"37 av nicephore niepce","nom":"ESSO DU CANAL","marque":"Esso Express"},{"id":"71100011","commune":"CHALON-SUR-SAONE","cp":"71100","adresse":"70 rue des lieutenants chauveau","nom":"INTERMARCHE CHALON SUR SAONE","marque":"Intermarche"},{"id":"71100031","commune":"CHALON-SUR-SAONE","cp":"71100","adresse":"Rue des poilus d'orient","nom":"INTERMARCHE HYPER CC LA THALIE","marque":"Intermarche"},{"id":"71100026","commune":"CHALON-SUR-SAONE","cp":"71100","adresse":"Rue raymond arnal","nom":"RELAIS CHALON S.SAONE ARNAL","marque":"TotalEnergies Access"},{"id":"71850004","commune":"CHARNAY-LES-MACON","cp":"71850","adresse":"60, grande rue de la coupee","nom":"AVIA","marque":"Avia"},{"id":"71850001","commune":"CHARNAY-LES-MACON","cp":"71850","adresse":" rue de la chapelle","nom":"Carrefour Market","marque":"Carrefour Market"},{"id":"71850002","commune":"CHARNAY-LES-MACON","cp":"71850","adresse":"710 route de cluny","nom":"SARL GARAGE LAPIERRE","marque":"TotalEnergies"},{"id":"71120002","commune":"CHAROLLES","cp":"71120","adresse":"Avenue du 8 juin 1944","nom":"INTERMARCHE CHAROLLES","marque":"Intermarche"},{"id":"71120001","commune":"CHAROLLES","cp":"71120","adresse":"62 rte de macon","nom":"RIBEIRO SARL","marque":"Avia"},{"id":"71380002","commune":"CHATENOY-EN-BRESSE","cp":"71380","adresse":"Zac champ chassy rte de dole","nom":"NETTO CHATENOY EN BRESSE","marque":"Netto"},{"id":"71880002","commune":"CHATENOY LE ROYAL","cp":"71880","adresse":"Zac du maupas avenue general de gaulle","nom":"CLRDIS","marque":"MARKET"},{"id":"71170001","commune":"CHAUFFAILLES","cp":"71170","adresse":"1, avenue van de walle","nom":"Carrefour Market","marque":"Carrefour Market"},{"id":"71170003","commune":"CHAUFFAILLES","cp":"71170","adresse":"Route de charlieu","nom":"NETTO CHAUFFAILLES","marque":"Netto"},{"id":"71250001","commune":"CLUNY","cp":"71250","adresse":"Avenue charles de gaulle","nom":"AVIA XPRESS","marque":"Avia"},{"id":"71250008","commune":"CLUNY","cp":"71250","adresse":"Rue maurice lacoque","nom":"CARREFOUR MARKET  SARL MARLAU","marque":"Carrefour Market"},{"id":"71250004","commune":"CLUNY","cp":"71250","adresse":"14 route de la digue","nom":"SARL GARAGE DE LA DIGUE","marque":"Avia"},{"id":"71270008","commune":"CLUX VILLENEUVE","cp":"71270","adresse":"2 route","nom":"GREIXADOR","marque":"Systeme U"},{"id":"71490007","commune":"COUCHES","cp":"71490","adresse":"71 rue saint nicolas","nom":"CARREFOUR EXPRESS COUCHES","marque":"Carrefour Express"},{"id":"71680001","commune":"CRECHES-SUR-SAONE","cp":"71680","adresse":"Centre commercial carrefour des bouchardes","nom":"CARREFOUR CRECHES SUR SAONE","marque":"Carrefour"},{"id":"71680002","commune":"CRECHES-SUR-SAONE","cp":"71680","adresse":"Rn6","nom":"J.P. PERRAUD  STATION ESSO","marque":"Esso"},{"id":"71480001","commune":"CUISEAUX","cp":"71480","adresse":"Route de dommartin","nom":"U Express","marque":"Systeme U"},{"id":"71290001","commune":"CUISERY","cp":"71290","adresse":"Route de tournus","nom":"DATS CUISERY","marque":"Colruyt"},{"id":"71290002","commune":"CUISERY","cp":"71290","adresse":"20 rue du bois bernoux","nom":"SAS JUXIMA","marque":"Intermarche Contact"},{"id":"71620002","commune":"DAMEREY","cp":"71620","adresse":"Station total rn.73","nom":"M. PETIOT PASCAL","marque":"TotalEnergies"},{"id":"71160002","commune":"DIGOIN","cp":"71160","adresse":"Rue de la faiencerie","nom":"DIGOIN DISTRIBUTION","marque":"Leclerc"},{"id":"71160003","commune":"DIGOIN","cp":"71160","adresse":"Cc ligerval-zac des charmes-avenue de l' europe","nom":"INTERMARCHE DIGOIN","marque":"Intermarche"},{"id":"71160001","commune":"DIGOIN","cp":"71160","adresse":"19 avenue des platanes","nom":"Relais Lagarde Digoin","marque":"TotalEnergies"},{"id":"71480007","commune":"DOMMARTIN-LES-CUISEAUX","cp":"71480","adresse":"A 39 aire du poulet de bresse","nom":"AVIA SARL KARADEMIR","marque":"Avia"},{"id":"71520001","commune":"DOMPIERRE LES ORMES","cp":"71520","adresse":"Place de la bascule","nom":"LES COMBUSTIBLES 71","marque":"Independant sans enseigne"},{"id":"71360001","commune":"EPINAC","cp":"71360","adresse":"Rue du 19 mars 1962","nom":"DATS EPINAC","marque":"Colruyt"},{"id":"71190003","commune":"ETANG-SUR-ARROUX","cp":"71190","adresse":"47 rue gabriel bouthiere","nom":"Carrefour Contact","marque":"Carrefour Contact"},{"id":"71260005","commune":"FLEURVILLE","cp":"71260","adresse":"Rd 906","nom":"SARL SGP71","marque":"TotalEnergies Access"},{"id":"71420002","commune":"GENELARD","cp":"71420","adresse":"Route de martigny","nom":"AVIA XPRESS","marque":"Avia"},{"id":"71590001","commune":"GERGY","cp":"71590","adresse":"90 route de chalon","nom":"SUPER U GERGY","marque":"SUPER U"},{"id":"71640003","commune":"GIVRY","cp":"71640","adresse":"Za rd 69","nom":"DATS GIVRY","marque":"Colruyt"},{"id":"71300009","commune":"GOURDON","cp":"71300","adresse":"Lieu-dit beauregard","nom":"INTERMARCHE GOURDON","marque":"Intermarche"},{"id":"71130002","commune":"GUEUGNON","cp":"71130","adresse":"Route de digoin","nom":"AVIA XPRESS","marque":"Avia"},{"id":"71130004","commune":"GUEUGNON","cp":"71130","adresse":"Route de toulon sur arroux","nom":"INTERMARCHE GUEUGNON","marque":"Intermarche"},{"id":"71130005","commune":"GUEUGNON","cp":"71130","adresse":"31 rue du 8 mai 1945","nom":"SAS LAFAY HERMEY AUTOMOBILES","marque":"TotalEnergies"},{"id":"71540001","commune":"IGORNAY","cp":"71540","adresse":"Le bourg","nom":"8 a Huit IGORNAY","marque":"Huit a 8"},{"id":"71760001","commune":"ISSY-L'EVEQUE","cp":"71760","adresse":"22 route de luzy","nom":"SARL LEBOUTET MECANIQUE","marque":"Avia"},{"id":"71370004","commune":"L'ABERGEMENT SAINTE COLOMBE","cp":"71370","adresse":"2a rue du bourg","nom":"CARREFOUR CONTACT","marque":"Carrefour Contact"},{"id":"71570003","commune":"LA CHAPELLE-DE-GUINCHAY","cp":"71570","adresse":"Le pre des grandes terres","nom":"AVIA XPRESS","marque":"Avia"},{"id":"71800001","commune":"LA CLAYETTE","cp":"71800","adresse":"Route des forges","nom":"AVIA XPRESS LA CLAYETTE","marque":"Avia"},{"id":"71800003","commune":"LA CLAYETTE","cp":"71800","adresse":"26 rue des forges","nom":"LE RELAIS CLAYETTOIS","marque":"Independant sans enseigne"},{"id":"71670001","commune":"LE BREUIL","cp":"71670","adresse":"Av de chambreuil","nom":"LE-BREUIL-DIS","marque":"Leclerc"},{"id":"71200013","commune":"LE CREUSOT","cp":"71200","adresse":"75 route de montcenis","nom":"ENI LE CREUSOT ROUTE DE MONTCENIS","marque":"ENI"},{"id":"71200004","commune":"LE CREUSOT","cp":"71200","adresse":"Rue de pologne","nom":"INTERMARCHE","marque":"Intermarche"},{"id":"71200011","commune":"LE CREUSOT","cp":"71200","adresse":"Centre commercial de l arche","nom":"station Carrefour Market","marque":"Carrefour Market"},{"id":"71480006","commune":"LE MIROIR","cp":"71480","adresse":"Zi de milleure","nom":"DISTRI BRESSE","marque":"TotalEnergies"},{"id":"71500001","commune":"LOUHANS","cp":"71500","adresse":"99 rue du guidon","nom":"AVIA XPRESS","marque":"Avia"},{"id":"71500003","commune":"LOUHANS","cp":"71500","adresse":"7 route de sornay","nom":"GGE LOUHANNAIS","marque":"TotalEnergies"},{"id":"71500002","commune":"LOUHANS","cp":"71500","adresse":"Route de beaufort","nom":"Market","marque":"Carrefour Market"},{"id":"71500004","commune":"LOUHANS","cp":"71500","adresse":"92 rue des bordes","nom":"VAULX DISTRIBUTION","marque":"Leclerc"},{"id":"71260004","commune":"LUGNY","cp":"71260","adresse":"143 rue du four a chaux","nom":"Lugny v'air auto","marque":"TotalEnergies"},{"id":"71100019","commune":"LUX","cp":"71100","adresse":"Rn6","nom":"SARL MS SOULIER","marque":"Avia"},{"id":"71100022","commune":"LUX","cp":"71100","adresse":"27 rue charles dumoulin","nom":"Station leclerc LUX","marque":"Leclerc"},{"id":"71000001","commune":"MACON","cp":"71000","adresse":"Rn 6","nom":"AUCHAN RIVE DE SAONE","marque":"Auchan"},{"id":"71000021","commune":"MACON","cp":"71000","adresse":"97 route de lyon rn 6","nom":"RELAIS CONDEMINES","marque":"TotalEnergies Access"},{"id":"71000022","commune":"MACON","cp":"71000","adresse":"Avenue edouard herriot","nom":"RELAIS MACON ED HERRIOT","marque":"TotalEnergies Access"},{"id":"71000020","commune":"MACON","cp":"71000","adresse":"Rue frederic mistral","nom":"SAS ROPIMAX","marque":"Intermarche"},{"id":"71000009","commune":"MACON","cp":"71000","adresse":"180 rue louise michel","nom":"SAS SAUGERAIES DISTRIBUTION","marque":"Leclerc"},{"id":"71110001","commune":"MARCIGNY","cp":"71110","adresse":"Zone artisanale","nom":"AVIA XPRESS","marque":"Avia"},{"id":"71710004","commune":"MARMAGNE","cp":"71710","adresse":"26 route du bois du ruault","nom":"AVIA","marque":"Avia"},{"id":"71250006","commune":"MAZILLE","cp":"71250","adresse":"Route nationale 79","nom":"RELAIS DE LA GROSNE","marque":"TotalEnergies"},{"id":"71640002","commune":"MERCUREY","cp":"71640","adresse":"49 grande rue","nom":"GARAGE DUREUIL PATRICE","marque":"Avia"},{"id":"71304001","commune":"MONTCEAU-LES-MINES","cp":"71300","adresse":"Avenue du marechal leclerc","nom":"CENTRE LECLERC","marque":"Leclerc"},{"id":"71300013","commune":"MONTCEAU-LES-MINES","cp":"71300","adresse":"5 rue de la coudraie","nom":"INTERMARCHE MONTCEAU LES MINES BOIS DU VERNE","marque":"Intermarche"},{"id":"71210006","commune":"MONTCHANIN","cp":"71210","adresse":"Avenue des mouettes","nom":"INTERMARCHE MONTCHANIN","marque":"Intermarche"},{"id":"71210009","commune":"MONTCHANIN","cp":"71210","adresse":"Rn 80 rond point j. rose","nom":"RELAIS ROND POINT J. ROSE","marque":"TotalEnergies"},{"id":"71210010","commune":"MONTCHANIN","cp":"71210","adresse":"45 avenue de la republique","nom":"station Avia dsn automobile","marque":"Avia"},{"id":"71370003","commune":"OUROUX-SUR-SAONE","cp":"71370","adresse":"Rue du pranet","nom":"INTERMARCHE OUROUX SUR SAONE","marque":"Intermarche"},{"id":"71600009","commune":"PARAY-LE-MONIAL","cp":"71600","adresse":"Rue de la grande bruyere","nom":"Intermarche","marque":"Intermarche"},{"id":"71600001","commune":"PARAY-LE-MONIAL","cp":"71600","adresse":"40, quai du commerce","nom":"Relais Lagarde Paray Le Monial","marque":"TotalEnergies"},{"id":"71600012","commune":"PARAY-LE-MONIAL","cp":"71600","adresse":"35 quai de l'industrie","nom":"SAS PARAYQUAI","marque":"Netto"},{"id":"71600003","commune":"PARAY-LE-MONIAL","cp":"71600","adresse":"Parc d'activites de champ bossu","nom":"SOFIPAR","marque":"Leclerc"},{"id":"71600004","commune":"PARAY-LE-MONIAL","cp":"71600","adresse":"14 quai du commerce","nom":"STATION SERVICE AVIA","marque":"Avia"},{"id":"71260007","commune":"PERONNE","cp":"71260","adresse":"Aux teppes soldats","nom":"SAS BENJALEX","marque":"Intermarche Contact"},{"id":"71420003","commune":"PERRECY-LES-FORGES","cp":"71420","adresse":"Avenue francis pautonnier","nom":"Super U Perrecy les forges","marque":"Systeme U"},{"id":"71270004","commune":"PIERRE-DE-BRESSE","cp":"71270","adresse":"Route de lons-le-saunier","nom":"AVIA XPRESS","marque":"AVIA"},{"id":"71270005","commune":"PIERRE-DE-BRESSE","cp":"71270","adresse":"98 route de chalon","nom":"INTERMARCHE PIERRE DE BRESSE","marque":"Intermarche"},{"id":"71960001","commune":"PRISSE","cp":"71960","adresse":"Espace commercial \"les deux roches\" za du pre de lit","nom":"SUPER U","marque":"Systeme U"},{"id":"71570004","commune":"ROMANECHE-THORINS","cp":"71570","adresse":"Rn 6 la maison blanche","nom":"INTERMARCHE ROMANECHE THORINS","marque":"Intermarche"},{"id":"71470004","commune":"ROMENAY","cp":"71470","adresse":"2144 quai de la gare","nom":"Carrefour Contact","marque":"Carrefour Contact"},{"id":"71580002","commune":"SAILLENARD","cp":"71580","adresse":"99 route de saint-germain","nom":"MAXIMARCHE","marque":"Maximarche"},{"id":"71260008","commune":"SAINT-ALBAIN","cp":"71260","adresse":"Autoroute a6","nom":"ALCANE GESTION","marque":"Shell"},{"id":"71260006","commune":"SAINT-ALBAIN","cp":"71260","adresse":"Autoroute a6 - aire de macon la salle","nom":"RELAIS DE LA SALLE","marque":"TotalEnergies"},{"id":"71240006","commune":"SAINT-AMBREUIL","cp":"71240","adresse":"Route de saint-ambreuil","nom":"ESSO A6 AIRE DE LA FERTE","marque":"Esso"},{"id":"71240008","commune":"SAINT-AMBREUIL","cp":"71240","adresse":"Autoroute a6","nom":"Fulli - Saint Ambreuil","marque":"Fulli"},{"id":"71220002","commune":"SAINT-BONNET-DE-JOUX","cp":"71220","adresse":"Lieu-dit les renauds","nom":"Super U","marque":"Systeme U"},{"id":"71390005","commune":"SAINT DESERT","cp":"71390","adresse":"Lieu dit la condemaine","nom":"SAS LACONDAMINE","marque":"Intermarche"},{"id":"71250007","commune":"SAINTE-CECILE","cp":"71250","adresse":"Rn 79","nom":"RELAIS STE CECILE","marque":"TotalEnergies"},{"id":"71460001","commune":"SAINT-GENGOUX-LE-NATIONAL","cp":"71460","adresse":"Route de chalon","nom":"ST GENGOUX LE NATIONAL","marque":"Avia"},{"id":"71330001","commune":"SAINT-GERMAIN-DU-BOIS","cp":"71330","adresse":"Allee de la balme","nom":"SUPER U","marque":"Systeme U"},{"id":"71370001","commune":"SAINT-GERMAIN-DU-PLAIN","cp":"71370","adresse":"Place du marche","nom":"AVIA XPRESS","marque":"Avia"},{"id":"71510001","commune":"SAINT-LEGER-SUR-DHEUNE","cp":"71510","adresse":"Rue de la gare","nom":"AVIA XPRESS","marque":"Avia"},{"id":"71350002","commune":"SAINT-LOUP-GEANGES","cp":"71350","adresse":"Zac des plantes","nom":"SAS SYDO","marque":"Intermarche Contact"},{"id":"71380003","commune":"SAINT-MARCEL","cp":"71380","adresse":"5 rue du curtil canot","nom":"SASU STM dis","marque":"carrefour"},{"id":"71118001","commune":"SAINT-MARTIN-BELLE-ROCHE","cp":"71118","adresse":"Lieu dit chassagne","nom":"INTERMARCHE ST MARTIN BELLE ROCHE","marque":"Intermarche"},{"id":"71100027","commune":"SAINT-REMY","cp":"71100","adresse":"52 rte de lyon","nom":"RELAIS DE LA THALIE","marque":"TotalEnergies"},{"id":"71710002","commune":"SAINT-SYMPHORIEN-DE-MARMAGNE","cp":"71710","adresse":"4413 route du morvan","nom":"TOTAL ENERGIES CONTACT DETANG AUTOMOBILES","marque":"TotalEnergies"},{"id":"71230002","commune":"SAINT-VALLIER","cp":"71230","adresse":"Zi de la saule","nom":"INTERMARCHE ST VALLIER","marque":"Intermarche"},{"id":"71600005","commune":"SAINT-YAN","cp":"71600","adresse":"Route de marcigny","nom":"Sarl rameau freres","marque":"TotalEnergies"},{"id":"71410001","commune":"SANVIGNES-LES-MINES","cp":"71410","adresse":"128 rue francois mitterrand","nom":"AGIP SANVIGNES rue MITTERRAND","marque":"ENI"},{"id":"71000023","commune":"SENNECE-LES-MACON","cp":"71000","adresse":"55 rue du chateau","nom":"ESSO TRUCKSTOP DE MACON","marque":"Esso"},{"id":"71240004","commune":"SENNECEY-LE-GRAND","cp":"71240","adresse":"Za du chemin ferre","nom":"AVIA XPRESS","marque":"Avia"},{"id":"71320001","commune":"TOULON-SUR-ARROUX","cp":"71320","adresse":"Route de gueugnon","nom":"AVIA XPRESS","marque":"AVIA"},{"id":"71700002","commune":"TOURNUS","cp":"71700","adresse":"Rue de saone","nom":"AUCHAN Supermarche","marque":"Auchan"},{"id":"71700001","commune":"TOURNUS","cp":"71700","adresse":"Avenue de la resistance","nom":"Carrefour Market","marque":"Carrefour Market"},{"id":"71700009","commune":"TOURNUS","cp":"71700","adresse":"22 avenue du clos mouron","nom":"ENI TOURNUS","marque":"ENI"},{"id":"71700006","commune":"TOURNUS","cp":"71700","adresse":"13 avenue du clos mouron","nom":"RELAIS PARIS SAVOIE","marque":"TotalEnergies Access"},{"id":"71000024","commune":"VARENNES LES MACON","cp":"71000","adresse":"715 route nationale 6","nom":"garage du sud","marque":"JEAN"},{"id":"71480005","commune":"VARENNES-SAINT-SAUVEUR","cp":"71480","adresse":"540 route des charmettes","nom":"Mecacenter","marque":"Avia"},{"id":"71800002","commune":"VARENNES-SOUS-DUN","cp":"71800","adresse":"Au village de la croix bouthier","nom":"INTERMARCHE VARENNES SOUS DUN","marque":"Intermarche"},{"id":"71350001","commune":"VERDUN-SUR-LE-DOUBS","cp":"71350","adresse":"Avenue giscard d estaing","nom":"AVIA XPRESS","marque":"Avia"},{"id":"71600011","commune":"VITRY EN CHAROLLAIS","cp":"71600","adresse":"Lieu dit le rompay","nom":"SHELL VITRY","marque":"Shell"},{"id":"71600008","commune":"VITRY-EN-CHAROLLAIS","cp":"71600","adresse":"Le mont","nom":"sofipar","marque":"Leclerc"}]}