{"numero":"50","stations":[{"id":"50180001","commune":"AGNEAUX","cp":"50180","adresse":"Rue de l'oratoire, parc de l'odyssee","nom":"AGNEAUX-DISTRIBUTION","marque":"Leclerc"},{"id":"50180005","commune":"AGNEAUX","cp":"50180","adresse":"1251 route de coutances","nom":"Esso","marque":"Esso"},{"id":"50230001","commune":"AGON-COUTAINVILLE","cp":"50230","adresse":"4 charriere du commerce","nom":"U express","marque":"Systeme U"},{"id":"50300004","commune":"AVRANCHES","cp":"50300","adresse":"Rue du general de gaulle","nom":"Carrefour Market","marque":"Carrefour Market"},{"id":"50300005","commune":"AVRANCHES","cp":"50300","adresse":"Avenue du quesnoy","nom":"INTERMARCHE","marque":"Intermarche"},{"id":"50304001","commune":"AVRANCHES","cp":"50300","adresse":"Saint martin des champs route d'isigny le buat","nom":"STE DISTRIB. L'AVRANCHIN","marque":"Leclerc"},{"id":"50760001","commune":"BARFLEUR","cp":"50760","adresse":"132 rue st thomas","nom":"CARREFOUR CONTACT","marque":"Carrefour Contact"},{"id":"50270002","commune":"BARNEVILLE-CARTERET","cp":"50270","adresse":"Le pont rose","nom":"Carrefour Market","marque":"Carrefour Market"},{"id":"50440002","commune":"BEAUMONT-HAGUE","cp":"50440","adresse":"Parc mairie gardin","nom":"SUPER U","marque":"Systeme U"},{"id":"50560001","commune":"BLAINVILLE-SUR-MER","cp":"50560","adresse":"Chemin amour za les landelles","nom":"Carrefour Market","marque":"Carrefour Market"},{"id":"50480001","commune":"BLOSVILLE","cp":"50480","adresse":"Les forges","nom":"MLE DUVAL V.","marque":"TotalEnergies"},{"id":"50370005","commune":"BRECEY","cp":"50370","adresse":"6 rue de la liberation","nom":"sarl daniel aumont 24/24","marque":"Independant sans enseigne"},{"id":"50370003","commune":"BRECEY","cp":"50370","adresse":"9 rue des pelerins","nom":"STATION ST  CHRISTOPHE","marque":"Independant sans enseigne"},{"id":"50370002","commune":"BRECEY","cp":"50370","adresse":"5 rue jeanne d'arc","nom":"SUPER U","marque":"Systeme U"},{"id":"50290003","commune":"BREHAL","cp":"50290","adresse":"Za des clos des mares","nom":"STATION U 24/24 Brehal","marque":"Systeme U"},{"id":"50290001","commune":"BREHAL","cp":"50290","adresse":"Route de la poste","nom":"SUPER U Brehal","marque":"Systeme U"},{"id":"50260003","commune":"BRICQUEBEC","cp":"50260","adresse":"240 rue bitouze d'auxmesnil","nom":"INTERMARCHE BRICQUEBEC","marque":"Intermarche"},{"id":"50260001","commune":"BRICQUEBEC","cp":"50260","adresse":"39 route de valognes","nom":"Super U Bricquebec-En-Cotentin","marque":"Systeme U"},{"id":"50260004","commune":"BRICQUEBEC-EN-COTENTIN","cp":"50260","adresse":"41b rue des freres fremine","nom":"TOTAL BRICQUEBEC","marque":"TotalEnergies"},{"id":"50500004","commune":"CARENTAN","cp":"50500","adresse":"Chemin de pommenauque","nom":"Carrefour Market","marque":"Carrefour Market"},{"id":"50500005","commune":"CARENTAN","cp":"50500","adresse":"Rue de la guinguette","nom":"INTERMARCHE CARENTAN","marque":"Intermarche"},{"id":"50500003","commune":"CARENTAN","cp":"50500","adresse":"Chemin de la chuque","nom":"LECLERC CARENTAN","marque":"Leclerc"},{"id":"50500001","commune":"CARENTAN","cp":"50500","adresse":"Route de saint-come","nom":"SARL BOURDET","marque":"TotalEnergies Access"},{"id":"50510001","commune":"CERENCES","cp":"50510","adresse":"Rue de la gabelle","nom":"INTERMARCHE CONTACT","marque":"Intermarche Contact"},{"id":"50120004","commune":"CHERBOURG EN COTENTIN","cp":"50120","adresse":"62 rue de la paix","nom":"U express Equeurdreville","marque":"U express"},{"id":"50130001","commune":"CHERBOURG-OCTEVILLE","cp":"50130","adresse":"Avenue de normandie","nom":"ESSO OCTEVILLE","marque":"Esso Express"},{"id":"50100003","commune":"CHERBOURG-OCTEVILLE","cp":"50100","adresse":"Route des fourches","nom":"INTERMARCHE OCTEVILLE","marque":"Intermarche"},{"id":"50100007","commune":"CHERBOURG-OCTEVILLE","cp":"50100","adresse":"Rue de la saline","nom":"RELAIS CHERBOURG LES BASSINS","marque":"TotalEnergies Access"},{"id":"50890001","commune":"CONDE-SUR-VIRE","cp":"50890","adresse":"10 rue arganchy","nom":"U EXPRESS","marque":"Systeme U"},{"id":"50200001","commune":"COUTANCES","cp":"50200","adresse":"Rue de la planche maurice","nom":"Carrefour Market","marque":"Carrefour Market"},{"id":"50204001","commune":"COUTANCES","cp":"50200","adresse":"Route de carentan","nom":"COUTANDIS","marque":"Leclerc"},{"id":"50200005","commune":"COUTANCES","cp":"50200","adresse":"Avenue de la division leclerc","nom":"INTERMARCHE COUTANCES","marque":"Intermarche"},{"id":"50200008","commune":"COUTANCES","cp":"50200","adresse":"2, avenue de verdun","nom":"RELAIS DE MONTBRAY","marque":"TotalEnergies Access"},{"id":"50200002","commune":"COUTANCES","cp":"50200","adresse":"Avenue de la republique","nom":"RELAIS SAINT NICOLAS","marque":"TotalEnergies"},{"id":"50200011","commune":"COUTANCES","cp":"50200","adresse":"17 rue de normandie","nom":"Station Carrefour Contact","marque":"Carrefour Contact"},{"id":"50690003","commune":"COUVILLE","cp":"50690","adresse":"16 le bourg neuf","nom":"SARL STATION LE BOURG NEUF","marque":"TotalEnergies"},{"id":"50710001","commune":"CREANCES","cp":"50710","adresse":"113 rue du haut chemin","nom":"Carrefour Market","marque":"Carrefour Market"},{"id":"50710003","commune":"CREANCES","cp":"50710","adresse":"26 rue de l'europe","nom":"STATION KV","marque":"KV"},{"id":"50110006","commune":"DIGOSVILLE","cp":"50110","adresse":"2f route de denneville","nom":"CARREFOUR CONTACT DIGOSVILLE","marque":"Carrefour Contact"},{"id":"50350003","commune":"DONVILLE LES BAINS","cp":"50350","adresse":"Rue de la gare","nom":"NETTO DONVILLE","marque":"Netto"},{"id":"50220002","commune":"DUCEY","cp":"50220","adresse":"59 avenue emile dehousse","nom":"Carrefour Market","marque":"Carrefour Market"},{"id":"50120003","commune":"EQUEURDREVILLE-HAINNEVILLE","cp":"50120","adresse":"204 rue de la paix","nom":"SARL LEFRANCOIS","marque":"TotalEnergies"},{"id":"50450001","commune":"GAVRAY","cp":"50450","adresse":"25, rue de l'hotel saint denis","nom":"U Express","marque":"Systeme U"},{"id":"50420001","commune":"GOUVETS","cp":"50420","adresse":"Aire de la vallee de la vire - a84","nom":"SHELL GOUVETS","marque":"Shell"},{"id":"50560002","commune":"GOUVILLE-SUR-MER","cp":"50560","adresse":"Rue du hameau laisney","nom":"U EXPRESS","marque":"Systeme U"},{"id":"50400003","commune":"GRANVILLE","cp":"50400","adresse":"Route de villedieu","nom":"GRANVIDIS","marque":"Leclerc"},{"id":"50400001","commune":"GRANVILLE","cp":"50400","adresse":"Zi  rn 24 bis","nom":"STE MANCHE AUTOS","marque":"TotalEnergies"},{"id":"50160004","commune":"GUILBERVILLE","cp":"50160","adresse":"Zi le saussey","nom":"Station A84 ESSO","marque":"Esso"},{"id":"50540001","commune":"ISIGNY-LE-BUAT","cp":"50540","adresse":"18 route du mont saint michel","nom":"SARL PELCHAT AUTOMOBILES","marque":"TotalEnergies"},{"id":"50520001","commune":"JUVIGNY-LES-VALLEES","cp":"50520","adresse":"2 impasse de l'artisanat","nom":"STATION COMMUNALE DE JUVIGNY-LES-VALLEES","marque":"communale"},{"id":"50470001","commune":"LA GLACERIE","cp":"50470","adresse":"Centre commercial du cotentin","nom":"AUCHAN STATION-SERVICE","marque":"Auchan"},{"id":"50250003","commune":"LA HAYE-DU-PUITS","cp":"50250","adresse":"3,route des marais - st symphorien le valois","nom":"AP AUTO","marque":"TotalEnergies"},{"id":"50320001","commune":"LA HAYE-PESNEL","cp":"50320","adresse":"Rue de la liberation","nom":"U EXPRESS La Haye Pesnel","marque":"Systeme U"},{"id":"50800004","commune":"LA LANDE-D'AIROU","cp":"50800","adresse":"29 le bourg","nom":"Station service communale LA LANDE D'AIROU","marque":"communale"},{"id":"50270003","commune":"LES MOITIERS-D'ALLONNE","cp":"50270","adresse":"5 za route touristique d650","nom":"SARL COTE DES ISLES AUTOMOBILES","marque":"TotalEnergies"},{"id":"50340003","commune":"LES PIEUX","cp":"50340","adresse":"26 route de cherbourgtest","nom":"INTERMARCHE LES PIEUX","marque":"Intermarche"},{"id":"50340002","commune":"LES PIEUX","cp":"50340","adresse":"2 route de flamanville","nom":"SUPER U","marque":"Systeme U"},{"id":"50430002","commune":"LESSAY","cp":"50430","adresse":"115 allee des rotisseurs","nom":"INTERMARCHE LESSAY","marque":"Intermarche"},{"id":"50430003","commune":"LESSAY","cp":"50430","adresse":"94 rue de la sainte croix","nom":"STATION KV   \"AVIA\"","marque":"Independant sans enseigne"},{"id":"50500002","commune":"LES VEYS","cp":"50500","adresse":"Route nationale 13","nom":"ESSO CANTEPIE","marque":"Esso"},{"id":"50300002","commune":"LE VAL-SAINT-PERE","cp":"50300","adresse":"Boulevard du luxembourg","nom":"SARL MANCHE AUTO","marque":"TotalEnergies"},{"id":"50570002","commune":"MARIGNY","cp":"50570","adresse":"Rue de la chaponiere","nom":"Carrefour Market","marque":"Carrefour Market"},{"id":"50690001","commune":"MARTINVAST","cp":"50690","adresse":"15, le pont","nom":"STATION SERVICE DU PONT","marque":"TotalEnergies"},{"id":"50310002","commune":"MONTEBOURG","cp":"50310","adresse":"Lieu-dit le haut gele","nom":"SARL MONTEBOUG DISTRIBUTION","marque":"Intermarche"},{"id":"50590003","commune":"MONTMARTIN-SUR-MER","cp":"50590","adresse":"3 rue du clos","nom":"Carrefour Contact","marque":"Carrefour Contact"},{"id":"50140001","commune":"MORTAIN","cp":"50140","adresse":"Les 4 vents","nom":"Carrefour Market","marque":"Carrefour Market"},{"id":"50600002","commune":"PARIGNY","cp":"50600","adresse":"7 za la riviere","nom":"Carrefour Market","marque":"Carrefour Market"},{"id":"50410002","commune":"PERCY","cp":"50410","adresse":"Rue jean le couturier","nom":"INTERMARCHE PERCY","marque":"Intermarche"},{"id":"50190001","commune":"PERIERS","cp":"50190","adresse":"Rue de carentan","nom":"Carrefour Market","marque":"Carrefour Market"},{"id":"50190002","commune":"PERIERS","cp":"50190","adresse":"7 route de lessay","nom":"SARL PRISIAISE","marque":"TotalEnergies"},{"id":"50360003","commune":"PICAUVILLE","cp":"50360","adresse":"Rue de la liberation","nom":"Carrefour contact","marque":"Carrefour Contact"},{"id":"50360002","commune":"PICAUVILLE","cp":"50360","adresse":"14 rue de carneville","nom":"ESSO PICAUVILLE - GARAGE DUPAS","marque":"Esso"},{"id":"50340001","commune":"PIERREVILLE","cp":"50340","adresse":"9 route des isles","nom":"NAUCELLE Franck","marque":"Avia"},{"id":"50880001","commune":"PONT HEBERT","cp":"50880","adresse":"63 rue de liberation","nom":"Station TOTAL Saint-Aubin","marque":"TotalEnergies"},{"id":"50170005","commune":"PONTORSON","cp":"50170","adresse":"2 route du mont saint michel","nom":"CARREFOUR MARKET","marque":"Carrefour Market"},{"id":"50170006","commune":"PONTORSON","cp":"50170","adresse":"42 rue de la liberation","nom":"TINTILLIER DANIEL","marque":"TotalEnergies"},{"id":"50300006","commune":"PONTS","cp":"50300","adresse":"22 le bourg robert","nom":"Ponts Automobiles","marque":"Elan"},{"id":"50580002","commune":"PORT-BAIL-SUR-MER","cp":"50580","adresse":"23 rue du pere albert","nom":"Intermarche PORT BAIL SUR MER","marque":"Intermarche"},{"id":"50460001","commune":"QUERQUEVILLE","cp":"50460","adresse":"5, rue des claires","nom":"SODISHAGUE","marque":"Leclerc"},{"id":"50630001","commune":"QUETTEHOU","cp":"50630","adresse":"10 rue val de saire","nom":"INTERMARCHE QUETTEHOU","marque":"Intermarche"},{"id":"50000006","commune":"RAMPAN","cp":"50000","adresse":" rue de la gare","nom":"Carrefour Contact","marque":"Carrefour Contact"},{"id":"50160001","commune":"SAINT-AMAND","cp":"50160","adresse":"Za de la detourbe (d53)","nom":"Carrefour Market","marque":"Carrefour Market"},{"id":"50160003","commune":"SAINT-AMAND","cp":"50160","adresse":"85, route de saint lo","nom":"Garage Lemonnier","marque":"Elan"},{"id":"50240003","commune":"SAINT-AUBIN-DE-TERREGATTE","cp":"50240","adresse":"Autoroute a84 - aire du mont saint michel","nom":"RELAIS DU MONT ST MICHEL","marque":"TotalEnergies"},{"id":"50480002","commune":"SAINTE-MERE-EGLISE","cp":"50480","adresse":"Les crutelles","nom":"STATION U SUPER U","marque":"Systeme U"},{"id":"50600003","commune":"SAINT-HILAIRE-DU-HARCOUET","cp":"50600","adresse":"La verte campagne","nom":"TOTAL CONTACT- GARAGE BAZIN","marque":"TotalEnergies"},{"id":"50600004","commune":"SAINT-HILAIRE-DU-HARCOUET","cp":"50600","adresse":"Route de paris","nom":"U.S.D.SERVICE DISTRIBUTION","marque":"Leclerc"},{"id":"50500006","commune":"SAINT-HILAIRE-PETITVILLE","cp":"50500","adresse":"Rue de l'avenir","nom":"LECLERC DRIVE CARENTAN","marque":"Leclerc"},{"id":"50240001","commune":"SAINT-JAMES","cp":"50240","adresse":"Zone de beaufour","nom":"Super U ST JAMES","marque":"Systeme U"},{"id":"50000001","commune":"SAINT-LO","cp":"50000","adresse":"Route de vire","nom":"CARREFOUR Market","marque":"Carrefour Market"},{"id":"50000008","commune":"SAINT-LO","cp":"50000","adresse":"147 rue joseph cugnot","nom":"ESSO NEE COMBUSTIBLES","marque":"Esso"},{"id":"50000004","commune":"SAINT-LO","cp":"50000","adresse":"Route de baudre","nom":"INTERMARCHE SAINT-LO","marque":"Intermarche"},{"id":"50000005","commune":"SAINT-LO","cp":"50000","adresse":"54 rue de la poterne","nom":"LECLERC","marque":"Leclerc"},{"id":"50000002","commune":"SAINT-LO","cp":"50000","adresse":"Route de villedieu","nom":"SARL MACON","marque":"TotalEnergies"},{"id":"50000007","commune":"SAINT-LO","cp":"50000","adresse":"1214 avenue de paris","nom":"STATION BAZIN BARITEAUD","marque":"BAZIN BARITAUD"},{"id":"50750002","commune":"SAINT MARTIN DE BONFOSSE","cp":"50750","adresse":"La croix a la main","nom":"HP automobiles","marque":"TotalEnergies"},{"id":"50300001","commune":"SAINT-MARTIN-DES-CHAMPS","cp":"50300","adresse":"Parc d'activite de la baie","nom":"CARREFOUR AVRANCHES","marque":"Carrefour"},{"id":"50380003","commune":"SAINT-PAIR-SUR-MER","cp":"50380","adresse":"189 rue de jersey","nom":"Intermarche","marque":"Intermarche"},{"id":"50330003","commune":"SAINT-PIERRE-EGLISE","cp":"50330","adresse":"Rue des pavillons","nom":"Carrefour Market","marque":"Carrefour Market"},{"id":"50330002","commune":"SAINT-PIERRE-EGLISE","cp":"50330","adresse":"139 rue du general de gaulle","nom":"STATION  ESSO VAL DE SAIRE AUTOMOBILES","marque":"ESSO"},{"id":"50390001","commune":"SAINT-SAUVEUR-LE-VICOMTE","cp":"50390","adresse":"Route de portbail","nom":"Station U","marque":"Systeme U"},{"id":"50250002","commune":"SAINT-SYMPHORIEN-LE-VALOIS","cp":"50250","adresse":"Za de l etrier","nom":"INTERMARCHE ST SYMPHORIEN LE VAL","marque":"Intermarche"},{"id":"50550002","commune":"SAINT-VAAST-LA-HOUGUE","cp":"50550","adresse":"1 rue marcel pignot","nom":"carrefour market","marque":"Carrefour Market"},{"id":"50530002","commune":"SARTILLY-BAIE-BOCAGE","cp":"50530","adresse":"Route de carolles","nom":"Super U Sartilly","marque":"Systeme U"},{"id":"50150002","commune":"SOURDEVAL","cp":"50150","adresse":"Route de mortain","nom":"STATION U","marque":"Systeme U"},{"id":"50170001","commune":"TANIS","cp":"50170","adresse":"Tanis rn 175 lieu dit bree","nom":"MME LEVEQUE","marque":"TotalEnergies"},{"id":"50420002","commune":"TESSY-SUR-VIRE","cp":"50420","adresse":"Chemin de la minoterie","nom":"CARREFOUR CONTACT","marque":"Carrefour Contact"},{"id":"50110002","commune":"TOURLAVILLE","cp":"50110","adresse":"Zi portuaire des mielles","nom":"ESSO PORT DE CHERBOURG","marque":"Esso Express"},{"id":"50110004","commune":"TOURLAVILLE","cp":"50110","adresse":"550 rue du grand pre","nom":"INTERMARCHE TOURLAVILLE","marque":"Intermarche"},{"id":"50110001","commune":"TOURLAVILLE","cp":"50110","adresse":"39 boulevard de l'est","nom":"TOTAL BESTDRIVE","marque":"TotalEnergies"},{"id":"50110003","commune":"TOURLAVILLE","cp":"50110","adresse":"39 boulevard de l'est","nom":"TOURLAVILLE-DIS","marque":"Leclerc"},{"id":"50700001","commune":"VALOGNES","cp":"50700","adresse":"Boulevard felix-buhot","nom":"Carrefour Market","marque":"Carrefour Market"},{"id":"50700003","commune":"VALOGNES","cp":"50700","adresse":"12 rue general legentilhomme","nom":"INTERMARCHE VALOGNES","marque":"Intermarche"},{"id":"50700002","commune":"VALOGNES","cp":"50700","adresse":"1 boulevard de verdun","nom":"SARL RELAIS DU BOCAGE","marque":"TotalEnergies"},{"id":"50700004","commune":"VALOGNES","cp":"50700","adresse":"Route de montebourg - la victoire","nom":"Station E.Leclerc VALOGNES","marque":"Leclerc"},{"id":"50800005","commune":"VILLEDIEU LES POELES","cp":"50800","adresse":"Le pre de la cave - rue de caen","nom":"Intermarche VILLEDIEU LES POELES","marque":"Intermarche"},{"id":"50800003","commune":"VILLEDIEU-LES-POELES","cp":"50800","adresse":"Route de vire","nom":"Sarl station splm","marque":"Avia"}]}