{"numero":"08","stations":[{"id":"8300007","commune":"AMAGNE","cp":"08300","adresse":"Rue arthur rimbaud","nom":"SAS GEOMASE","marque":"Intermarche"},{"id":"8190003","commune":"ASFELD","cp":"08190","adresse":"1 rue chantereine","nom":"CARREFOUR CONTACT","marque":"Carrefour Contact"},{"id":"8190001","commune":"ASFELD","cp":"08190","adresse":"70 rue chantereine","nom":"EOR ASFELD SARL RAGUET","marque":"TotalEnergies"},{"id":"8130003","commune":"ATTIGNY","cp":"08130","adresse":"3 rue saint-charles","nom":"CARREFOUR CONTACT","marque":"Carrefour Contact"},{"id":"8130004","commune":"ATTIGNY","cp":"08130","adresse":"5 route de charleville","nom":"GARAGE RENAUDIN CEDRIC","marque":"TotalEnergies"},{"id":"8140003","commune":"BAZEILLES","cp":"08140","adresse":"Centre commercial mac mahon route nationale","nom":"Intermarche Bazeilles","marque":"Intermarche"},{"id":"8110001","commune":"BLAGNY","cp":"08110","adresse":"Route nationale","nom":"Carrefour Market","marque":"Carrefour Market"},{"id":"8120001","commune":"BOGNY-SUR-MEUSE","cp":"08120","adresse":"63 avenue blanqui","nom":"INTERMARCHE BOGNY SUR MEUSE","marque":"Intermarche"},{"id":"8110002","commune":"CARIGNAN - WE","cp":"08110","adresse":"Zac de we - 2 avenue de l'europe","nom":"SAS DALISSIME","marque":"Intermarche"},{"id":"8000001","commune":"CHARLEVILLE-MEZIERES","cp":"08000","adresse":"1 rue paulin richier","nom":"CARREFOUR CHARLEVILLE-MEZIERES","marque":"Carrefour"},{"id":"8000005","commune":"CHARLEVILLE-MEZIERES","cp":"08000","adresse":"17 avenue charles de gaulle","nom":"ESSO RIMBAUD","marque":"Esso Express"},{"id":"8000008","commune":"CHARLEVILLE-MEZIERES","cp":"08000","adresse":"197 avenue carnot","nom":"INTERMARCHE CHARLEVILLE CARNOT","marque":"Intermarche"},{"id":"8000007","commune":"CHARLEVILLE-MEZIERES","cp":"08000","adresse":"69 rue de montherme","nom":"INTERMARCHE CHARLEVILLE MEZIERES","marque":"Intermarche"},{"id":"8000010","commune":"CHARLEVILLE-MEZIERES","cp":"08000","adresse":"Rte de lafrancheville","nom":"RELAIS BAYARD","marque":"TotalEnergies"},{"id":"8000002","commune":"CHARLEVILLE-MEZIERES","cp":"08000","adresse":"42 avenue des martyrs-de-la-resistance","nom":"SUPERMARCHES MATCH  CHARLEVILLE","marque":"Supermarche Match"},{"id":"8360003","commune":"CHATEAU-PORCIEN","cp":"08360","adresse":"37 rue de la sommevue","nom":"CARREFOUR CONTACT","marque":"Carrefour Contact"},{"id":"8090001","commune":"CLIRON","cp":"08090","adresse":"Rn 43 le port leroy","nom":"ESSO CLIRON","marque":"Esso Express"},{"id":"8350002","commune":"DONCHERY","cp":"08350","adresse":"Rue georges clemenceau","nom":"CARREFOUR EXPRESS","marque":"Carrefour Express"},{"id":"8170001","commune":"FUMAY","cp":"08170","adresse":"Rue des evignes","nom":"Carrefour Market","marque":"Carrefour Market"},{"id":"8170004","commune":"FUMAY","cp":"08170","adresse":"Station service ste anne rn51","nom":"SARL STATION DE L ARDOISE","marque":"TotalEnergies"},{"id":"8600003","commune":"GIVET","cp":"08600","adresse":"Route de beauraing","nom":"INTERMARCHE","marque":"Intermarche"},{"id":"8320003","commune":"HIERGES","cp":"08320","adresse":"Route nationale 51","nom":"FIOUL SERVICE","marque":"FIOUL SERVICE"},{"id":"8260002","commune":"MAUBERT-FONTAINE","cp":"08260","adresse":"Rn43 lieu dit le pre meumon","nom":"Intermarche Contact SAS Serlimon","marque":"Intermarche Contact"},{"id":"8800004","commune":"MONTHERME","cp":"08800","adresse":"Route de bogny","nom":"CARREFOUR CONTACT","marque":"Carrefour Contact"},{"id":"8800001","commune":"MONTHERME","cp":"08800","adresse":"Rue andre compain","nom":"R. DES 2 VALLEES","marque":"TotalEnergies"},{"id":"8210001","commune":"MOUZON","cp":"08210","adresse":" avenue de la paix","nom":"MOUZON FEDRICQ STATION ESSO","marque":"Esso"},{"id":"8700001","commune":"NOUZONVILLE","cp":"08700","adresse":"Rue parmentier","nom":"Carrefour Market","marque":"Carrefour Market"},{"id":"8430001","commune":"POIX-TERRON","cp":"08430","adresse":"32 grande rue","nom":"AUTO SERVICES PIXIEN","marque":"Independant sans enseigne"},{"id":"8150002","commune":"RENWEZ","cp":"08150","adresse":"Avenue martyrs de la resistance","nom":"carrefour contact","marque":"Carrefour Contact"},{"id":"8300001","commune":"RETHEL","cp":"08300","adresse":"Zone de l'etoile","nom":"CARREFOUR   RETHEL","marque":"Carrefour"},{"id":"8300008","commune":"RETHEL","cp":"08300","adresse":"4 rue de montpellier","nom":"RELAIS DES EBURONS","marque":"TotalEnergies Access"},{"id":"8500002","commune":"REVIN","cp":"08500","adresse":"13 avenue danton","nom":"INTERMARCHE REVIN","marque":"Intermarche"},{"id":"8150001","commune":"RIMOGNE","cp":"08150","adresse":"Rue pasteur","nom":"Carrefour contact","marque":"Carrefour Contact"},{"id":"8230001","commune":"ROCROI","cp":"08230","adresse":"Route de la petite chapelle","nom":"Carrefour Market","marque":"Carrefour Market"},{"id":"8270002","commune":"SAULCES-MONCLIN","cp":"08270","adresse":"Autoroute a34 - aire des ardennes - woinic","nom":"RELAIS DES ARDENNES","marque":"TotalEnergies"},{"id":"8300006","commune":"SAULT-LES-RETHEL","cp":"08300","adresse":"24 rue de reims","nom":"Intermarche SAS Jeanclair","marque":"Intermarche"},{"id":"8200004","commune":"SEDAN","cp":"08200","adresse":"45 avenue de la marne","nom":"ESSO LAMARCK","marque":"Esso Express"},{"id":"8200007","commune":"SEDAN","cp":"08200","adresse":"Rue cadeau","nom":"INTERMARCHE SEDAN","marque":"Intermarche"},{"id":"8200010","commune":"SEDAN","cp":"08200","adresse":"8 avenue de la marne","nom":"RELAIS SEDAN MARNE","marque":"TotalEnergies Access"},{"id":"8200005","commune":"SEDAN","cp":"08200","adresse":"14 avenue pasteur","nom":"SAS PETRO-EST LECLERC SEDAN","marque":"Leclerc"},{"id":"8000006","commune":"VILLERS-SEMEUSE","cp":"08000","adresse":"Route de sedan - zi des ayvelles","nom":"CORA VILLERS-SEMEUSE","marque":"CORA"},{"id":"8320002","commune":"VIREUX-MOLHAIN","cp":"08320","adresse":"140 avenue roger posty","nom":"SAS VICTOM","marque":"Intermarche"},{"id":"8400004","commune":"VOUZIERS","cp":"08400","adresse":"Rue verte","nom":"Carrefour Market","marque":"Carrefour Market"},{"id":"8400002","commune":"VOUZIERS","cp":"08400","adresse":"Chestres","nom":"ESSO CHANZY","marque":"Esso Express"},{"id":"8400003","commune":"VOUZIERS","cp":"08400","adresse":"115 rue bournizet","nom":"SAS PETRO-EST LECLERC VOUZIERS","marque":"Leclerc"},{"id":"8330002","commune":"VRIGNE-AUX-BOIS","cp":"08330","adresse":"12 rue pierre vienot","nom":"Carrefour Contact","marque":"Carrefour Contact"}]}