{"numero":"82","stations":[{"id":"82350001","commune":"ALBIAS","cp":"82350","adresse":"60 rn 20","nom":"GASTON","marque":"Independant sans enseigne"},{"id":"82600002","commune":"AUCAMVILLE","cp":"82600","adresse":"Cc les sigaleres - av de toulouse - cd 3","nom":"STATION TotalEnergies AUCAMVILLE","marque":"TotalEnergies"},{"id":"82500002","commune":"BEAUMONT-DE-LOMAGNE","cp":"82500","adresse":"Route du blanc - voie de contournement","nom":"INTERMARCHE BEAUMONT DE LOMAGNE","marque":"Intermarche"},{"id":"82500003","commune":"BEAUMONT-DE-LOMAGNE","cp":"82500","adresse":"Zac de bordevieille","nom":"UEXPRESS","marque":"Systeme U"},{"id":"82710003","commune":"BRESSOLS","cp":"82710","adresse":"Aire de nauze vert, rn 20","nom":"ESSO NAUZE VERT","marque":"Esso"},{"id":"82370003","commune":"CAMPSAS","cp":"82370","adresse":"Lieu dit sepat","nom":"STATION SEPAT","marque":"PURETECH"},{"id":"82100004","commune":"CASTELSARRASIN","cp":"82100","adresse":"1400 route de moissac","nom":"023. SODIART - Castelsarrasin","marque":"Leclerc"},{"id":"82100007","commune":"CASTELSARRASIN","cp":"82100","adresse":"64 route de lafrancaise  , station total","nom":"DEVIL AUTO - LE RELAIS DE LAVALETTE","marque":"TotalEnergies"},{"id":"82100006","commune":"CASTELSARRASIN","cp":"82100","adresse":"Zac du barraouet","nom":"INTERMARCHE CASTELSARRASIN","marque":"Intermarche"},{"id":"82100003","commune":"CASTELSARRASIN","cp":"82100","adresse":"20 avenue du marechal leclerc","nom":"SARL RELAIS SAINT JEAN","marque":"TotalEnergies"},{"id":"82300005","commune":"CAUSSADE","cp":"82300","adresse":"116 avenue edouard herriot","nom":"INTERMARCHE CAUSSADE AV EDOUARD HERRIOT","marque":"Intermarche"},{"id":"82300004","commune":"CAUSSADE","cp":"82300","adresse":"Zi de meaux - bp 119","nom":"SUPER U CAUSSADE","marque":"Systeme U"},{"id":"82160002","commune":"CAYLUS","cp":"82160","adresse":"Z.a. le chirou","nom":"SARL LE RELAIS DU CAUSSE","marque":"Independant sans enseigne"},{"id":"82110002","commune":"CAZES-MONDENARD","cp":"82110","adresse":"Travers de cazes","nom":"SARL VAL FLEURI","marque":"Aire C"},{"id":"82700003","commune":"ESCATALENS","cp":"82700","adresse":"1187 route de toulouse","nom":"SARL VAL FLEURI","marque":"Aire C"},{"id":"82700004","commune":"FINHAN","cp":"82700","adresse":"59 bis rd 813","nom":"CARREFOUR CONTACT FINHAN","marque":"Carrefour Contact"},{"id":"82500004","commune":"GIMAT","cp":"82500","adresse":"Le bourg","nom":"SNC LA FAMILLE","marque":"TotalEnergies"},{"id":"82400006","commune":"GOLFECH","cp":"82400","adresse":"Avenue du midi","nom":"Sarl val fleuri golfech","marque":"Independant sans enseigne"},{"id":"82170001","commune":"GRISOLLES","cp":"82170","adresse":"126 route d'aucamville","nom":"Carrefour Market","marque":"Carrefour Market"},{"id":"82370001","commune":"LABASTIDE-SAINT-PIERRE","cp":"82370","adresse":"899 avenue jean jaures","nom":"SUPER U","marque":"Systeme U"},{"id":"82370004","commune":"LA BASTIDE ST PIERRE","cp":"82370","adresse":"Z.a. grand sud logistique","nom":"Avia XPress Picoty Reseau","marque":"AVIA"},{"id":"82370005","commune":"LABASTIDE ST PIERRE","cp":"82370","adresse":"Avenue jean moulin","nom":"MA STATION","marque":"MA STATION"},{"id":"82130003","commune":"LAFRANCAISE","cp":"82130","adresse":"383, rue du rival bas","nom":"Carrefour Contact Lafrancaise","marque":"Carrefour Contact"},{"id":"82130002","commune":"LAMOTHE-CAPDEVILLE","cp":"82130","adresse":"Grande rue d'ardus","nom":"GASTON","marque":"Independant sans enseigne"},{"id":"82110001","commune":"LAUZERTE","cp":"82110","adresse":"Lieu dit aulery","nom":"INTERMARCHE LAUZERTE","marque":"Intermarche"},{"id":"82290001","commune":"LA VILLE DIEU DU TEMPLE","cp":"82290","adresse":"3 ter, grand rue","nom":"INTERMARCHE","marque":"Intermarche"},{"id":"82120001","commune":"LAVIT","cp":"82120","adresse":"Rue notre dame","nom":"Sarl val fleuri lavit","marque":"Independant sans enseigne"},{"id":"82200001","commune":"MOISSAC","cp":"82200","adresse":"43 avenue du chasselas","nom":"EURL RELAIS DU CHASSELAS","marque":"TotalEnergies"},{"id":"82200008","commune":"MOISSAC","cp":"82200","adresse":"805 chemin de la megere","nom":"INTERMARCHE HYPERMARCHE","marque":"Intermarche"},{"id":"82200009","commune":"MOISSAC","cp":"82200","adresse":"Route departementale 927","nom":"SAS MOIGERE","marque":"Intermarche"},{"id":"82150001","commune":"MONTAIGU-DE-QUERCY","cp":"82150","adresse":"Avenue de saint-martin","nom":"ECOMARCHE MONTAIGU DE QUERCY","marque":"Intermarche"},{"id":"82270002","commune":"MONTALZAT","cp":"82270","adresse":"Autoroute a20 - aire de bois de dourre","nom":"RELAIS BOIS DE DOURRE","marque":"TotalEnergies"},{"id":"82000010","commune":"MONTAUBAN","cp":"82000","adresse":"445 route du nord - zi aussonne","nom":"002. AUDIS - Montauban Aussonne","marque":"Leclerc"},{"id":"82000006","commune":"MONTAUBAN","cp":"82000","adresse":"Rue de l'abbaye","nom":"015. SODIBAG - Montauban Sapiac","marque":"Leclerc"},{"id":"82017001","commune":"MONTAUBAN","cp":"82000","adresse":"785 avenue jean moulin","nom":"AUCHAN","marque":"Auchan"},{"id":"82000019","commune":"MONTAUBAN","cp":"82000","adresse":"1155 avenue de l'europe","nom":"CARREFOUR MONTAUBAN","marque":"Carrefour"},{"id":"82000018","commune":"MONTAUBAN","cp":"82000","adresse":"284 avenue jean moulin","nom":"Greggy Services","marque":"TotalEnergies"},{"id":"82000016","commune":"MONTAUBAN","cp":"82000","adresse":"340 route de bordeaux","nom":"RELAIS LARROQUE","marque":"TotalEnergies Access"},{"id":"82000015","commune":"MONTAUBAN","cp":"82000","adresse":"350 route de toulouse","nom":"RELAIS TESCOU","marque":"TotalEnergies Access"},{"id":"82000011","commune":"MONTAUBAN","cp":"82000","adresse":"1000d  avenue des mourets","nom":"SAS SANOVAL","marque":"Intermarche"},{"id":"82000007","commune":"MONTAUBAN","cp":"82000","adresse":"395 avenue de bordeaux","nom":"STATION ELAN MONTAUBAN","marque":"Elan"},{"id":"82290002","commune":"MONTBETON","cp":"82290","adresse":"Centre commercial","nom":"Sarl val fleuri montbeton","marque":"Independant sans enseigne"},{"id":"82700002","commune":"MONTECH","cp":"82700","adresse":"13 avenue de la mouscane","nom":"INTERMARCHE MONTECH","marque":"Intermarche"},{"id":"82700001","commune":"MONTECH","cp":"82700","adresse":"171 avenue d'auch","nom":"SAS DAVID SERVICES MONTECH","marque":"TotalEnergies"},{"id":"82300006","commune":"MONTEILS","cp":"82300","adresse":"2 chemin des rouges","nom":"SAS ENILA","marque":"Carrefour"},{"id":"82800002","commune":"NEGREPELISSE","cp":"82800","adresse":"Route de montricoux","nom":"INTERMARCHE","marque":"Intermarche"},{"id":"82800001","commune":"NEGREPELISSE","cp":"82800","adresse":" rue des marchats","nom":"LA STATION U","marque":"Systeme U"},{"id":"82160001","commune":"PARISOT","cp":"82160","adresse":"Rd 926","nom":"MR MARTINEZ MICHEL","marque":"TotalEnergies"},{"id":"82170002","commune":"POMPIGNAN","cp":"82170","adresse":"190 route de toulouse","nom":"STATION TotalEnergies  POMPIGNAN","marque":"TotalEnergies"},{"id":"82440003","commune":"REALVILLE","cp":"82440","adresse":"38 rd 820","nom":"SARL STROH","marque":"TotalEnergies"},{"id":"82140003","commune":"SAINT-ANTONIN-NOBLE-VAL","cp":"82140","adresse":"115 chemin de fontales","nom":"CARREFOUR CONTACT","marque":"Carrefour Contact"},{"id":"82410003","commune":"SAINT-ETIENNE-DE-TULMONT","cp":"82410","adresse":"8 rue du marche","nom":"CARREFOUR CONTACT","marque":"Carrefour Contact"},{"id":"82210003","commune":"SAINT-NICOLAS-DE-LA-GRAVE","cp":"82210","adresse":"Route de castelmayran","nom":"Carrefour contact","marque":"Carrefour Contact"},{"id":"82210006","commune":"SAINT-NICOLAS-DE-LA-GRAVE","cp":"82210","adresse":"A62 aire de garonne","nom":"GA.SO.JE AVIA PICOTY AIRE DE GARONNE PIERRE PERRET","marque":"Avia"},{"id":"82600004","commune":"SAINT-SARDOS","cp":"82600","adresse":"Chemin de naudun","nom":"SARL VAL FLEURI","marque":"Independant sans enseigne"},{"id":"82240001","commune":"SEPTFONDS","cp":"82240","adresse":"1, avenue marcel lacassagne","nom":"SARL GERAUD TAMPIER","marque":"Independant sans enseigne"},{"id":"82210005","commune":"ST NICOLAS DE LA GRAVE","cp":"82210","adresse":"13 avenue de notre dame","nom":"s.a.r.l. Pena","marque":"TotalEnergie"},{"id":"82400003","commune":"VALENCE D'AGEN","cp":"82400","adresse":"Avenue de bordeaux","nom":"INTERMARCHE VALENCE D'AGEN","marque":"Intermarche"},{"id":"82400012","commune":"VALENCE D'AGEN","cp":"82400","adresse":"Boulevard victor guilhem","nom":"SAS CALAO 131 - Netto","marque":"Netto"},{"id":"82400009","commune":"VALENCE-D'AGEN","cp":"82400","adresse":"Place jean baptiste chaumeil","nom":"Louda SARL","marque":"Independant sans enseigne"},{"id":"82400005","commune":"VALENCE-D'AGEN","cp":"82400","adresse":"Rd813 avenue de bordeau","nom":"Sarl val fleuri Valence d'Agen","marque":"Independant sans enseigne"},{"id":"82220001","commune":"VAZERAC","cp":"82220","adresse":"Le village","nom":"INTERMARCHE CONTACT VAZERAC","marque":"Intermarche Contact"},{"id":"82600003","commune":"VERDUN-SUR-GARONNE","cp":"82600","adresse":"Lieu-dit escoula","nom":"INTERMARCHE VERDUN SUR GARONNE","marque":"Intermarche"},{"id":"82600001","commune":"VERDUN-SUR-GARONNE","cp":"82600","adresse":"195, route de mas grenier","nom":"SUPER U  VERDUN sur GARONNE","marque":"Systeme U"}]}