{"numero":"55","stations":[{"id":"55000010","commune":"BAR-LE-DUC","cp":"55000","adresse":"32 rue ernest bradfer","nom":"RELAIS POINCARE","marque":"TotalEnergies"},{"id":"55000004","commune":"BAR-LE-DUC","cp":"55000","adresse":"Avenue de la grande terre","nom":"SAS PETRO-EST LECLERC BAR LE DUC","marque":"Leclerc"},{"id":"55430001","commune":"BELLEVILLE-SUR-MEUSE","cp":"55430","adresse":"6 rue du general de gaulle","nom":"INTERMARCHE BELLEVILLE/MEUSE","marque":"Intermarche"},{"id":"55290001","commune":"BURE","cp":"55290","adresse":"2, chemin de l'ecussey","nom":"Station communale de BURE","marque":"Independant sans enseigne"},{"id":"55300003","commune":"CHAUVONCOURT","cp":"55300","adresse":"Route de bar le duc","nom":"INTERMARCHE CHAUVONCOURT","marque":"Intermarche"},{"id":"55120001","commune":"CLERMONT-EN-ARGONNE","cp":"55120","adresse":"Rn 3","nom":"INTERMARCHE CONTACT","marque":"Intermarche Contact"},{"id":"55200004","commune":"COMMERCY","cp":"55200","adresse":"1 rue jean moulin","nom":"INTERMARCHE COMMERCY","marque":"Intermarche"},{"id":"55200002","commune":"COMMERCY","cp":"55200","adresse":"Route d'euville","nom":"SUPERMARCHES MATCH  COMMERCY","marque":"Supermarche Match"},{"id":"55110002","commune":"CONSENVOYE","cp":"55110","adresse":"36 bis route nationale","nom":"STATION SERVICE TOTAL","marque":"TotalEnergies"},{"id":"55320001","commune":"DIEUE-SUR-MEUSE","cp":"55320","adresse":"Lieu-dit le moulin charlier","nom":"INTERMARCHE CONTACT","marque":"Intermarche"},{"id":"55110003","commune":"DUN-SUR-MEUSE","cp":"55110","adresse":"29 rue ste marguerite","nom":"Station communale de Dun sur Meuse","marque":"Independant sans enseigne"},{"id":"55400003","commune":"ETAIN","cp":"55400","adresse":"30 rue du 3eme rhc","nom":"INTERMARCHE ETAIN","marque":"Intermarche"},{"id":"55000005","commune":"FAINS-VEEL","cp":"55000","adresse":"4 impasse de la varenne","nom":"INTERMARCHE FAINS VEEL","marque":"Intermarche"},{"id":"55000003","commune":"FAINS-VEEL","cp":"55000","adresse":"2 route de reims","nom":"SAS GENIN","marque":"Avia"},{"id":"55160015","commune":"FRESNES EN WOEVRE","cp":"55160","adresse":"15 rue de verdun","nom":"carrefour contact","marque":"Carrefour Contact"},{"id":"55160014","commune":"HAUDIOMONT","cp":"55160","adresse":"Autoroute a4 aire de verdun saint nicolas nord","nom":"BP AIRE VERDUN NORD","marque":"Esso"},{"id":"55160013","commune":"HAUDIOMONT","cp":"55160","adresse":"Autoroute a4 aire de verdun saint nicolas sud","nom":"ESSO AIRE VERDUN SUD","marque":"Esso"},{"id":"55130002","commune":"HOUDELAINCOURT","cp":"55130","adresse":"10 rue d'abainville","nom":"STATION GIGOT JUNKER","marque":"Independant sans enseigne"},{"id":"55200003","commune":"LEROUVILLE","cp":"55200","adresse":"106 route nationale","nom":"GARAGE NATIONAL","marque":"TotalEnergies"},{"id":"55500001","commune":"LIGNY-EN-BARROIS","cp":"55500","adresse":"Rue de la ballastiere","nom":"Carrefour Market","marque":"Carrefour Market"},{"id":"55500002","commune":"LIGNY-EN-BARROIS","cp":"55500","adresse":"27 rue des etats unis","nom":"SARL ORY","marque":"TotalEnergies"},{"id":"55600001","commune":"MONTMEDY","cp":"55600","adresse":"11 avenue de verdun","nom":"sa ngc distribution","marque":"Systeme U"},{"id":"55190003","commune":"PAGNY SUR MEUSE","cp":"55190","adresse":"Route departementale 36d","nom":"RELAIS PORTE DE MEUSE","marque":"TotalEnergies Access"},{"id":"55800002","commune":"REVIGNY-SUR-ORNAIN","cp":"55800","adresse":"30 rue de la tresse","nom":"INTERMARCHE CARBURANTS","marque":"Intermarche"},{"id":"55300004","commune":"SAINT MIHIEL","cp":"55300","adresse":"Rue du docteur thierry","nom":"LECLERC EXPRESS","marque":"Leclerc"},{"id":"55300002","commune":"SAINT-MIHIEL","cp":"55300","adresse":"6 rue du fort","nom":"SARL GGE DE L ABBAYE","marque":"TotalEnergies"},{"id":"55000001","commune":"SAVONNIERES-DEVANT-BAR","cp":"55000","adresse":"Route de longeville","nom":"Auchan Bar Le Duc","marque":"Auchan"},{"id":"55700005","commune":"STENAY","cp":"55700","adresse":"Zac des cailloux","nom":"Intermarche","marque":"Intermarche"},{"id":"55700006","commune":"STENAY","cp":"55700","adresse":"Avenue de verdun","nom":"SARL STAILLOUX","marque":"STENAY"},{"id":"55270002","commune":"VARENNES-EN-ARGONNE","cp":"55270","adresse":"Porte de cheppy","nom":"as proximite","marque":"Carrefour Express"},{"id":"55140001","commune":"VAUCOULEURS","cp":"55140","adresse":"6 rue des gites","nom":"INTERMARCHE VAUCOULEURS","marque":"Intermarche"},{"id":"55500003","commune":"VELAINES","cp":"55500","adresse":"91 rue de ligny","nom":"AVIA","marque":"Avia"},{"id":"55100001","commune":"VERDUN","cp":"55100","adresse":"Avenue de metz","nom":"Carrefour Verdun","marque":"Carrefour"},{"id":"55100003","commune":"VERDUN","cp":"55100","adresse":"2 avenue miribel","nom":"ESSO GALAVAUDE","marque":"Esso Express"},{"id":"55100007","commune":"VERDUN","cp":"55100","adresse":"4 av du general de gaulle","nom":"RELAIS CITADELLE","marque":"TotalEnergies"},{"id":"55100004","commune":"VERDUN","cp":"55100","adresse":"Place maurice genevoix","nom":"SAS PETRO-EST LECLERC VERDUN","marque":"Leclerc"},{"id":"55210002","commune":"VIGNEULLES-LES-HATTONCHATEL","cp":"55210","adresse":"28 rue de saint-mihiel","nom":"DATS VIGNEULLES LES HATTONCHATEL","marque":"Colruyt"},{"id":"55210001","commune":"VIGNEULLES-LES-HATTONCHATEL","cp":"55210","adresse":"63 rue raymond poincare","nom":"GARAGE EVE","marque":"TotalEnergies"}]}