{"numero":"27","stations":[{"id":"27370001","commune":"AMFREVILLE-LA-CAMPAGNE","cp":"27370","adresse":"Rue de la republique","nom":"SA GGE DOLPIERRE","marque":"TotalEnergies"},{"id":"27930009","commune":"ANGERVILLE-LA-CAMPAGNE","cp":"27930","adresse":"4 route d'orleans","nom":"SAS GPLTR","marque":"TotalEnergies"},{"id":"27170002","commune":"BEAUMONT-LE-ROGER","cp":"27170","adresse":"Route de beaumont","nom":"Carrefour Market","marque":"Carrefour Market"},{"id":"27300005","commune":"BERNAY","cp":"27300","adresse":"Rue bernard gombert","nom":"INTERMARCHE BERNAY","marque":"Intermarche"},{"id":"27300007","commune":"BERNAY","cp":"27300","adresse":"53 bd sylla lefevre","nom":"TOTAL ENERGIES CONTACT","marque":"TotalEnergies"},{"id":"27210008","commune":"BEUZEVILLE","cp":"27210","adresse":"273 rue albert sorel","nom":"CARREFOUR MARKET","marque":"Carrefour Market"},{"id":"27210003","commune":"BEUZEVILLE","cp":"27210","adresse":"Route d'epaigne","nom":"INTERMARCHE BEUZEVILLE","marque":"Intermarche"},{"id":"27210007","commune":"BEUZEVILLE","cp":"27210","adresse":"Autoroute a13 - aire nord de beuzeville","nom":"RELAIS BEUZEVILLE NORD","marque":"TotalEnergies"},{"id":"27210006","commune":"BEUZEVILLE","cp":"27210","adresse":"Autoroute a13, sens caen-paris","nom":"STATION AVIA - SARL DENIMA","marque":"Avia"},{"id":"27310009","commune":"BOSGOUET","cp":"27310","adresse":"A13 - aire de bosgouet nord","nom":"RELAIS DU BOSGOUET NORD","marque":"TotalEnergies"},{"id":"27310010","commune":"BOSGOUET","cp":"27310","adresse":"Aire de bosgouet sud","nom":"SODIPLEC BOSGOUET SUD LECLERC AUTOROUTE","marque":"Leclerc"},{"id":"27310005","commune":"BOURG ACHARD","cp":"27310","adresse":"530 rue du docteur duvrac","nom":"INTERMARCHE BOURG ACHARD","marque":"Intermarche"},{"id":"27310008","commune":"BOURG-ACHARD","cp":"27310","adresse":"405 rue des portes","nom":"MARKET","marque":"Carrefour Market"},{"id":"27520001","commune":"BOURGTHEROULDE-INFREVILLE","cp":"27520","adresse":"300 chemin vautier","nom":"CARREFOUR CONTACT","marque":"Carrefour Contact"},{"id":"27500003","commune":"BOURNEVILLE SAINT CROIX","cp":"27500","adresse":"Rte de pont audemer","nom":"MR LECOEUR","marque":"TotalEnergies"},{"id":"27160001","commune":"BRETEUIL","cp":"27160","adresse":"Route de conches","nom":"Carrefour Market","marque":"Carrefour Market"},{"id":"27800001","commune":"BRIONNE","cp":"27800","adresse":"Rue des martyres","nom":"Carrefour Market","marque":"Carrefour Market"},{"id":"27800002","commune":"BRIONNE","cp":"27800","adresse":"65 rue saint-denis","nom":"INTERMARCHE BRIONNE","marque":"Intermarche"},{"id":"27300006","commune":"CARSIX","cp":"27300","adresse":"Rd 613 - carrefour de malbrouck","nom":"RELAIS MALBROUCK","marque":"TotalEnergies Access"},{"id":"27380001","commune":"CHARLEVAL","cp":"27380","adresse":"Les pres de la bouverie","nom":"Carrefour Market","marque":"Carrefour Market"},{"id":"27930001","commune":"CONCHES-EN-OUCHE","cp":"27190","adresse":"13 avenue jean moulin","nom":"Carrefour Market","marque":"Carrefour Market"},{"id":"27190002","commune":"CONCHES-EN-OUCHE","cp":"27190","adresse":"Rue eugene pottier","nom":"INTERMARCHE CONCHES EN OUCHE","marque":"Intermarche"},{"id":"27260002","commune":"CORMEILLES","cp":"27260","adresse":"Route de lisieux","nom":"Carrefour Market","marque":"Carrefour Market"},{"id":"27240001","commune":"DAMVILLE","cp":"27240","adresse":"Route de verneuil","nom":"Carrefour Market (SARL MARIEDIS)","marque":"Carrefour Market"},{"id":"27170003","commune":"ECARDENVILLE-LA-CAMPAGNE","cp":"27170","adresse":"2 route nationale 13","nom":"SAS SACHA","marque":"TotalEnergies"},{"id":"27260001","commune":"EPAIGNES","cp":"27260","adresse":"12 route des anglais","nom":"SARL GGE DUFOUR","marque":"TotalEnergies"},{"id":"27150004","commune":"ETREPAGNY","cp":"27150","adresse":"109 rue saint maur","nom":"AUTOMOBILES DSP / TOTAL","marque":"TotalEnergies"},{"id":"27150001","commune":"ETREPAGNY","cp":"27150","adresse":"Za porte rouge","nom":"Carrefour Market","marque":"Carrefour Market"},{"id":"27150003","commune":"ETREPAGNY","cp":"27150","adresse":"Ruelle saint martin","nom":"SAS QUIDIS","marque":"Systeme U"},{"id":"27009001","commune":"EVREUX","cp":"27000","adresse":"Boulevard de normandie","nom":"CARREFOUR EVREUX SAINT TAURIN","marque":"CORA"},{"id":"27000004","commune":"EVREUX","cp":"27000","adresse":"1 rue de fauville","nom":"INTERMARCHE EVREUX","marque":"Intermarche"},{"id":"27000007","commune":"EVREUX","cp":"27000","adresse":"Rue d'aviron","nom":"INTERMARCHE EVREUX ST-MICHEL","marque":"Intermarche"},{"id":"27000008","commune":"EVREUX","cp":"27000","adresse":"Bd. de normandie","nom":"RELAIS DE NORMANDIE","marque":"TotalEnergies Access"},{"id":"27000003","commune":"EVREUX","cp":"27000","adresse":"Rue lepouze","nom":"SUPER U SA PRIMA","marque":"Systeme U"},{"id":"27380003","commune":"FLEURY-SUR-ANDELLE","cp":"27380","adresse":"Rue du general de gaulle","nom":"CARREFOUR MARKET","marque":"Carrefour Market"},{"id":"27600001","commune":"GAILLON","cp":"27600","adresse":"26, avenue jean jaures","nom":"AUCHAN SUPERMARCHE","marque":"Auchan"},{"id":"27600006","commune":"GAILLON","cp":"27600","adresse":"15 rue de la cote des sables","nom":"RELAIS DE GAILLON","marque":"TotalEnergies Access"},{"id":"27620002","commune":"GASNY","cp":"27620","adresse":"Route de fourges","nom":"INTERMARCHE GASNY","marque":"Intermarche"},{"id":"27140002","commune":"GISORS","cp":"27140","adresse":"30 rue du bouloir","nom":"Carrefour Market","marque":"Carrefour Market"},{"id":"27140004","commune":"GISORS","cp":"27140","adresse":"Rn10 cc des templiers","nom":"INTERMARCHE GISORS","marque":"Intermarche"},{"id":"27140006","commune":"GISORS","cp":"27140","adresse":"Rd 15 bis route de dieppe","nom":"RELAIS DES TEMPLIERS","marque":"TotalEnergies"},{"id":"27930008","commune":"GRAVIGNY","cp":"27930","adresse":"44 bis avenue aristide briand","nom":"RELAIS GRAVIGNY","marque":"TotalEnergies Access"},{"id":"27930002","commune":"GUICHAINVILLE","cp":"27930","adresse":"Route nationnale 13","nom":"CARREFOUR EVREUX","marque":"Carrefour"},{"id":"27460003","commune":"IGOVILLE","cp":"27460","adresse":"Rn 15","nom":"ESSO IGOVILLE","marque":"Esso Express"},{"id":"27460002","commune":"IGOVILLE","cp":"27460","adresse":"Rn 15","nom":"SARL DERENSY","marque":"TotalEnergies"},{"id":"27460001","commune":"IGOVILLE","cp":"27460","adresse":"Route de lyons","nom":"SAS CLEMENCE 2","marque":"Systeme U"},{"id":"27406001","commune":"INCARVILLE","cp":"27400","adresse":"Rue des pres","nom":"LOUVIERS DISTRIBUTION","marque":"Leclerc"},{"id":"27540001","commune":"IVRY-LA-BATAILLE","cp":"27540","adresse":"17 rue d'ezy","nom":"INTERMARCHE IVRY LA BATAILLE","marque":"Intermarche"},{"id":"27190003","commune":"LA BONNEVILLE-SUR-ITON","cp":"27190","adresse":"Le clos du loup","nom":"INTERMARCHE CONTACT","marque":"Intermarche"},{"id":"27950001","commune":"LA CHAPELLE DE LONGUEVILLE","cp":"27950","adresse":"Rn 15","nom":"guedet auto vallee de seine","marque":"TotalEnergies"},{"id":"27400010","commune":"LA HAYE MALHERBE","cp":"27400","adresse":"7 rue du carbonnier garage du carbonnier","nom":"GARAGE DU CARBONNIER","marque":"TotalEnergies"},{"id":"27130003","commune":"LA MADELEINE-DE-NONANCOURT","cp":"27320","adresse":"Lieu-dit merville","nom":"AVREDIS STATION LECLERC RN 12","marque":"Leclerc"},{"id":"27670002","commune":"LE BOSC-ROGER-EN-ROUMOIS","cp":"27670","adresse":"Rn313","nom":"AUCHAN","marque":"Auchan"},{"id":"27110003","commune":"LE NEUBOURG","cp":"27110","adresse":"Avenue de la liberation","nom":"INTERMARCHE LE NEUBOURG","marque":"Intermarche"},{"id":"27110002","commune":"LE NEUBOURG","cp":"27110","adresse":"Route de louviers","nom":"S.D.N.E.","marque":"Leclerc"},{"id":"27700001","commune":"LES ANDELYS","cp":"27700","adresse":"50 avenue de la republique","nom":"Carrefour Market","marque":"Carrefour Market"},{"id":"27700004","commune":"LES ANDELYS","cp":"27700","adresse":"Rue planches","nom":"INTERMARCHE LES ANDELYS","marque":"Intermarche"},{"id":"27700005","commune":"LES ANDELYS","cp":"27700","adresse":"10, av.de la republique","nom":"RELAIS NICOLAS POUSSIN","marque":"TotalEnergies"},{"id":"27340001","commune":"LES DAMPS","cp":"27340","adresse":"75 avenue foret de bord","nom":"UTILE","marque":"Systeme U"},{"id":"27940003","commune":"LE VAL-D'HAZEY","cp":"27940","adresse":"19, rue charles de gaulle - aubevoye","nom":"INTERMARCHE AUBEVOYE","marque":"Intermarche"},{"id":"27560001","commune":"LIEUREY","cp":"27560","adresse":"210, rue de la croix vignon","nom":"Carrefour Contact","marque":"Carrefour Contact"},{"id":"27400001","commune":"LOUVIERS","cp":"27400","adresse":"Le becquet, avenue des peupliers","nom":"INTERMARCHE","marque":"Intermarche"},{"id":"27404001","commune":"LOUVIERS","cp":"27400","adresse":"4 place jean jaures","nom":"TOTAL LOUVIERS","marque":"TotalEnergies"},{"id":"27300004","commune":"MENNEVAL","cp":"27300","adresse":"Route de rouen","nom":"S.D.M.","marque":"Leclerc"},{"id":"27320001","commune":"NONANCOURT","cp":"27320","adresse":"La potiniere","nom":"Carrefour Market","marque":"Carrefour Market"},{"id":"27930005","commune":"NORMANVILLE","cp":"27930","adresse":"Rn 154 caer","nom":"Sa reclo","marque":"Leclerc"},{"id":"27120001","commune":"PACY-SUR-EURE","cp":"27120","adresse":"113 rue isambard","nom":"Carrefour Market","marque":"Carrefour Market"},{"id":"27120002","commune":"PACY-SUR-EURE","cp":"27120","adresse":"Rue du 18 juin 40","nom":"INTERMARCHE PACY-SUR-EURE","marque":"Intermarche"},{"id":"27910001","commune":"PERRIERS-SUR-ANDELLE","cp":"27910","adresse":"Rue des canadiens","nom":"INTERMARCHE","marque":"Intermarche"},{"id":"27500001","commune":"PONT-AUDEMER","cp":"27500","adresse":"Avenue de l'europe","nom":"Carrefour Market","marque":"Carrefour Market"},{"id":"27500002","commune":"PONT-AUDEMER","cp":"27500","adresse":"Rue de l'etang","nom":"Carrefour Market","marque":"Carrefour Market"},{"id":"27500004","commune":"PONT-AUDEMER","cp":"27500","adresse":"Route de bernay","nom":"INTERMARCHE PONT AUDEMER","marque":"Intermarche"},{"id":"27500005","commune":"PONT-AUDEMER","cp":"27500","adresse":"7 rue du general koenig","nom":"SA ALOHA","marque":"Intermarche"},{"id":"27610001","commune":"ROMILLY-SUR-ANDELLE","cp":"27610","adresse":"Route de pont saint-pierre","nom":"INTERMARCHE ROMILLY SUR ANDELLE","marque":"Intermarche"},{"id":"27350004","commune":"ROUTOT","cp":"27350","adresse":"19 rue du roumois","nom":"Carrefour contact","marque":"Carrefour Contact"},{"id":"27250002","commune":"RUGLES","cp":"27250","adresse":"Za du, le petit hanoy","nom":"INTERMARCHE RUGLES","marque":"Intermarche"},{"id":"27220001","commune":"SAINT-ANDRE-DE-L'EURE","cp":"27220","adresse":"Rd 52","nom":"Carrefour Market","marque":"Carrefour Market"},{"id":"27120003","commune":"SAINT-AQUILIN-DE-PACY","cp":"27120","adresse":"71 rue marcel moisson","nom":"SUPER U","marque":"Systeme U"},{"id":"27950002","commune":"SAINT-MARCEL","cp":"27950","adresse":"Rue des pres","nom":"INTERMARCHE SAINT-MARCEL","marque":"Intermarche"},{"id":"27670004","commune":"SAINT-OUEN-DU-TILLEUL","cp":"27670","adresse":"18 rue des canadiens","nom":"Relais Saint Gabriel","marque":"Hussein"},{"id":"27290001","commune":"SAINT-PHILBERT-SUR-RISLE","cp":"27290","adresse":"Lieudit pont joly cd47","nom":"INTERMARCHE ST PHILBERT SUR RISL","marque":"Intermarche"},{"id":"27370002","commune":"SAINT-PIERRE-DES-FLEURS","cp":"27370","adresse":"Route du neubourg","nom":"INTERMARCHE ST PIERRE DES FLEURS","marque":"Intermarche"},{"id":"27230004","commune":"THIBERVILLE","cp":"27230","adresse":"16 route de lieurey","nom":"Carrefour Market THIBERVILLE","marque":"Carrefour Market"},{"id":"27230006","commune":"THIBERVILLE","cp":"27230","adresse":"2 rue de lisieux","nom":"Garare THIBERVILLE - MRA GOMATI","marque":"gt"},{"id":"27100001","commune":"VAL-DE-REUIL","cp":"27100","adresse":"Place des 4 saisons","nom":"Auchan supermarche","marque":"Auchan"},{"id":"27350003","commune":"VALLETOT","cp":"27350","adresse":"Route de medine","nom":"Station Service Medine","marque":"TotalEnergies"},{"id":"27130002","commune":"VERNEUIL-SUR-AVRE","cp":"27130","adresse":"228 rue robert zaigue","nom":"ETS JEAN CHANOINE","marque":"TotalEnergies"},{"id":"27130005","commune":"VERNEUIL-SUR-AVRE","cp":"27130","adresse":"Rn12 route de montagne","nom":"INTERMARCHE VERNEUIL SUR AVRE","marque":"Intermarche"},{"id":"27130001","commune":"VERNEUIL-SUR-AVRE","cp":"27130","adresse":"Za pont rouge","nom":"SARL CARPEDIEM","marque":"Carrefour Market"},{"id":"27200001","commune":"VERNON","cp":"27200","adresse":"Boulevard edouard isambard","nom":"CARREFOUR VERNON","marque":"Carrefour"},{"id":"27200004","commune":"VERNON","cp":"27200","adresse":"73 avenue de paris","nom":"SARL ALBIK","marque":"Avia"},{"id":"27201001","commune":"VERNON","cp":"27200","adresse":"Boulevard jean jaures","nom":"VERMADIS","marque":"Leclerc"},{"id":"27400009","commune":"VIRONVAY","cp":"27400","adresse":"Autoroute a13 - aire de vironvay nord","nom":"ESSO A13 AIRE DE VIRONVAY NORD","marque":"Esso"},{"id":"27400007","commune":"VIRONVAY","cp":"27400","adresse":"Autoroute a13 - aire de vironvay sud","nom":"ESSO VIRONVAY SUD","marque":"Esso"}]}