{"numero":"37","stations":[{"id":"37340002","commune":"AMBILLOU","cp":"37340","adresse":"Place des petits paves","nom":"Utile AMBILLOU","marque":"Systeme U"},{"id":"37400008","commune":"AMBOISE","cp":"37400","adresse":"44 rue gregoire de tours","nom":"Carrefour Contact","marque":"Carrefour Contact"},{"id":"37400002","commune":"AMBOISE","cp":"37400","adresse":"Avenue leonard de vinci","nom":"LA MONTGOLFIERE SAS","marque":"Leclerc"},{"id":"37400004","commune":"AMBOISE","cp":"37400","adresse":"21 avenue de tours","nom":"NETTO AMBOISE","marque":"Netto"},{"id":"37400006","commune":"AMBOISE","cp":"37400","adresse":"1786 boulevard saint denis hors","nom":"SAS ALKAN CARBURANT","marque":"TotalEnergies"},{"id":"37260005","commune":"ARTANNES SUR INDRE","cp":"37260","adresse":"Rue des grands clos","nom":"SUPERMARCHE G20","marque":"G20"},{"id":"37270006","commune":"ATHEE-SUR-CHER","cp":"37270","adresse":"Aire de athee-sur-cher autoroute a 85","nom":"AGIP AIRE ATHEE A85","marque":"ENI"},{"id":"37420003","commune":"AVOINE","cp":"37420","adresse":"11 place emile zola","nom":"CARREFOUR CONTACT","marque":"Carrefour Contact"},{"id":"37420002","commune":"AVOINE","cp":"37420","adresse":"Za les buttes","nom":"SAS AVOINE AUTOMOBILES","marque":"TotalEnergies"},{"id":"37190002","commune":"AZAY-LE-RIDEAU","cp":"37190","adresse":"La loge cite bellevue","nom":"Carrefour Market","marque":"Carrefour Market"},{"id":"37190001","commune":"AZAY-LE-RIDEAU","cp":"37190","adresse":"Lieu-dit la loge","nom":"LES LOGES AUTOMOBILES","marque":"TotalEnergies"},{"id":"37270002","commune":"AZAY-SUR-CHER","cp":"37270","adresse":"Bourg neuf","nom":"SARL GARAGE MILLON","marque":"TotalEnergies"},{"id":"37510001","commune":"BALLAN-MIRE","cp":"37510","adresse":"9, rue jean mermoz","nom":"AUCHAN Supermarche","marque":"Auchan"},{"id":"37150003","commune":"BLERE","cp":"37150","adresse":"5 avenue du 11 novembre 1918","nom":"INTERMARCHE BLERE","marque":"Intermarche"},{"id":"37150002","commune":"BLERE","cp":"37150","adresse":"25 rue de tours","nom":"MARKET","marque":"Carrefour Market"},{"id":"37140001","commune":"BOURGUEIL","cp":"37140","adresse":"27 avenue du general de gaulle","nom":"HYPER U","marque":"Systeme U"},{"id":"37170007","commune":"CHAMBRAY-LES-TOURS","cp":"37170","adresse":"77 grand sud avenue","nom":"RELAIS CROIX FOUCREAU","marque":"TotalEnergies Access"},{"id":"37170006","commune":"CHAMBRAY-LES-TOURS","cp":"37170","adresse":"340 avenue du grand sud rd910","nom":"RELAIS LES RENARDIERES","marque":"TotalEnergies Access"},{"id":"37172001","commune":"CHAMBRAY-LES-TOURS","cp":"37170","adresse":"Rue de joue","nom":"STATION AUCHAN CHAMBRAY","marque":"Auchan"},{"id":"37390003","commune":"CHANCEAUX SUR CHOISILLE","cp":"37390","adresse":"Zac de la grande piece","nom":"Super U CHANCEAUX  SUR CHOISILLE","marque":"Systeme U"},{"id":"37330001","commune":"CHATEAU-LA-VALLIERE","cp":"37330","adresse":"75 avenue du general de gaulle","nom":"Super U CHATEAU LA VALLIERE","marque":"Systeme U"},{"id":"37110002","commune":"CHATEAU-RENAULT","cp":"37110","adresse":"Rue gambetta","nom":"Carrefour Market","marque":"Carrefour Market"},{"id":"37110003","commune":"CHATEAU-RENAULT","cp":"37110","adresse":"Rue du petit versailles","nom":"INTERMARCHE CHATEAU RENAULT","marque":"Intermarche"},{"id":"37120001","commune":"CHAVEIGNES","cp":"37120","adresse":"28 route de tours","nom":"INTERMARCHE CHAVEIGNES","marque":"Intermarche"},{"id":"37500002","commune":"CHINON","cp":"37500","adresse":"Route de saumur","nom":"GARAGE FOUSSIER","marque":"Elan"},{"id":"37500003","commune":"CHINON","cp":"37500","adresse":"Route de tours","nom":"SORADIS BATIMAT","marque":"Leclerc"},{"id":"37500001","commune":"CHINON","cp":"37500","adresse":"2 rue rene cassin","nom":"Super U CHINON","marque":"Systeme U"},{"id":"37150004","commune":"CIVRAY DE TOURAINE","cp":"37150","adresse":"77 rue de chenonceaux","nom":"GARAGE DU CHATEAU TOTAL - AM AUTO","marque":"TotalEnergies"},{"id":"37320010","commune":"CORMERY","cp":"37320","adresse":"Za du bois joly rd 82-9000","nom":"CARREFOUR CONTACT","marque":"Carrefour Contact"},{"id":"37160003","commune":"DESCARTES","cp":"37160","adresse":"Rue jean monnet","nom":"INTERMARCHE DESCARTES","marque":"Intermarche"},{"id":"37190003","commune":"DRUYE","cp":"37190","adresse":"Aire des jardins de villandry a85","nom":"Relais des Jardins de Villandry SARL DESPIERRE","marque":"Avia"},{"id":"37320001","commune":"ESVRES","cp":"37320","adresse":"Zae le grand berchenay","nom":"AUCHAN SUPERMARCHE","marque":"Auchan"},{"id":"37230003","commune":"FONDETTES","cp":"37230","adresse":"4 avenue jaures","nom":"SA FONDIS","marque":"Leclerc"},{"id":"37300006","commune":"JOUE LES TOURS","cp":"37300","adresse":"150 boulevard de chinon","nom":"ESSO EXPRESS JOUE LES TOURS VALLEE VIOLETTE","marque":"Esso Express"},{"id":"37300004","commune":"JOUE-LES-TOURS","cp":"37300","adresse":"42 rue de la gitonniere","nom":"INTERMARCHE JOUE-LES-TOURS","marque":"Intermarche"},{"id":"37306001","commune":"JOUE-LES-TOURS","cp":"37300","adresse":"Rue de la bondonniere","nom":"JOUE DISTRIBUTION","marque":"Leclerc"},{"id":"37300009","commune":"JOUE-LES-TOURS","cp":"37300","adresse":"2 rue de la liodiere","nom":"JOUE ENERGIE SAS","marque":"Leclerc"},{"id":"37300008","commune":"JOUE-LES-TOURS","cp":"37300","adresse":"119-123 bd jean jaures","nom":"RELAIS JOUE LES TOURS","marque":"TotalEnergies Access"},{"id":"37300007","commune":"JOUE-LES-TOURS","cp":"37300","adresse":"6 rue du franc palais","nom":"STATION SERVICE 24/24","marque":"Aldi"},{"id":"37300001","commune":"JOUE-LES-TOURS","cp":"37300","adresse":"Boulevard des bretonnieres","nom":"SUPER U","marque":"Systeme U"},{"id":"37130001","commune":"LANGEAIS","cp":"37130","adresse":"Rue carnot","nom":"Carrefour Market","marque":"Carrefour Market"},{"id":"37520004","commune":"LA RICHE","cp":"37520","adresse":"Zac des minimes","nom":"Station service Intermarche La Riche","marque":"Intermarche"},{"id":"37520002","commune":"LA RICHE","cp":"37520","adresse":"42 rue des hautes marches","nom":"Super U LA RICHE","marque":"Systeme U"},{"id":"37700004","commune":"LA VILLE-AUX-DAMES","cp":"37700","adresse":"Zac les fougerolles la ville aux dames","nom":"DAMES-DIS","marque":"Leclerc"},{"id":"37240001","commune":"LIGUEIL","cp":"37240","adresse":"Avenue des martyrs","nom":"SIMPLY MARKET","marque":"Simply Market"},{"id":"37220002","commune":"L'ILE-BOUCHARD","cp":"37220","adresse":"50 rue carnot","nom":"RICHER","marque":"Elan"},{"id":"37220001","commune":"L'ILE-BOUCHARD","cp":"37220","adresse":"Centre cial la rocade","nom":"Super U L'ILE BOUCHARD","marque":"Systeme U"},{"id":"37600004","commune":"LOCHES","cp":"37600","adresse":"La cloutiere       perrusson","nom":"SOLODIS","marque":"Leclerc"},{"id":"37600007","commune":"LOCHES","cp":"37600","adresse":"105 rue st jacques","nom":"STATION LOCHES","marque":"TotalEnergies"},{"id":"37600001","commune":"LOCHES","cp":"37600","adresse":"Route de vauzelles","nom":"Super U LOCHES","marque":"Systeme U"},{"id":"37230004","commune":"LUYNES","cp":"37230","adresse":"Zone industrielle du chapelet","nom":"SUPER U  LUYNES","marque":"Systeme U"},{"id":"37380003","commune":"MONNAIE","cp":"37380","adresse":"Autoroute a10 aire de la brunellerie","nom":"ESSO A10 AIRE DE TOURS LA LONGUE VUE","marque":"Esso"},{"id":"37380004","commune":"MONNAIE","cp":"37380","adresse":"Autoroute a10 - aire tours val de loire","nom":"RELAIS TOURS VAL DE LOIRE","marque":"TotalEnergies"},{"id":"37380001","commune":"MONNAIE","cp":"37380","adresse":"La croix poelon","nom":"SARL VBM","marque":"Auchan"},{"id":"37270001","commune":"MONTLOUIS-SUR-LOIRE","cp":"37270","adresse":"Avenue victor laloux","nom":"Super U MONTLOUIS","marque":"Systeme U"},{"id":"37260001","commune":"MONTS","cp":"37260","adresse":"Rue de la vasseliere","nom":"Super U MONTS","marque":"Systeme U"},{"id":"37360001","commune":"NEUILLE-PONT-PIERRE","cp":"37360","adresse":"C c de l hippodrome","nom":"Super U NEUILLE PONT PIERRE","marque":"Systeme U"},{"id":"37390002","commune":"NOTRE-DAME-D'OE","cp":"37390","adresse":"1 rue rene cassin","nom":"INTERMARCHE NOTRE DAME D'OE","marque":"Intermarche"},{"id":"37460001","commune":"NOUANS-LES-FONTAINES","cp":"37460","adresse":"15 rue victor hugo","nom":"AGS","marque":"TotalEnergies"},{"id":"37800004","commune":"NOYANT-DE-TOURAINE","cp":"37800","adresse":"75 route de chinon","nom":"SARL GARAGE LAROSE","marque":"TotalEnergies"},{"id":"37530002","commune":"POCE-SUR-CISSE","cp":"37530","adresse":"Boulevard du sevrage","nom":"INTERMARCHE DE POCE SUR CISSE","marque":"Intermarche"},{"id":"37290002","commune":"PREUILLY-SUR-CLAISE","cp":"37290","adresse":"16 route de loches","nom":"STATION SERVICE TOTAL POMPEIGNE","marque":"TotalEnergies"},{"id":"37550001","commune":"SAINT-AVERTIN","cp":"37550","adresse":"355 route de  cormery","nom":"SUPERMARCHE AUCHAN","marque":"Auchan"},{"id":"37320008","commune":"SAINT BRANCHS","cp":"37320","adresse":"Route de tours","nom":"G20 SUPERMARCHE ST BRANCHS","marque":"G20"},{"id":"37540001","commune":"SAINT-CYR-SUR-LOIRE","cp":"37540","adresse":"247 boulevard charles de gaulle","nom":"AUCHAN ST CYR","marque":"Auchan"},{"id":"37540005","commune":"SAINT-CYR-SUR-LOIRE","cp":"37540","adresse":"181 boulevard charles de gaulle","nom":"TOTAL ALKAN","marque":"TotalEnergies"},{"id":"37800005","commune":"SAINTE-MAURE DE TOURAINE","cp":"37800","adresse":"Zac les marchaux - les rotes","nom":"INTERMARCHE STE MAURE DE TOURAINE","marque":"Intermarche"},{"id":"37800008","commune":"SAINT-EPAIN","cp":"37800","adresse":"Autoroute a10 aire de fontaine colette","nom":"ESSO fontaine colette","marque":"Esso"},{"id":"37800006","commune":"SAINT-EPAIN","cp":"37800","adresse":"Autoroute a10 - aire de sainte maure de touraine","nom":"RELAIS STE MAURE","marque":"TotalEnergies"},{"id":"37700001","commune":"SAINT-PIERRE-DES-CORPS","cp":"37700","adresse":"Avenue jacques duclos","nom":"CARREFOUR Tours-St Pierre des Corps","marque":"Carrefour"},{"id":"37700011","commune":"SAINT-PIERRE-DES-CORPS","cp":"37700","adresse":"Avenue jacques duclos","nom":"RELAIS BRETECHE","marque":"TotalEnergies Access"},{"id":"37340001","commune":"SAVIGNE-SUR-LATHAN","cp":"37340","adresse":"Chemin du pont de la forge,","nom":"Super U SAVIGNE LATHAN","marque":"Systeme U"},{"id":"37250006","commune":"SORIGNY","cp":"37250","adresse":"Rue des peupliers - rond point du four a chaux","nom":"AUCHAN STATION SORIGNY","marque":"Auchan"},{"id":"37700010","commune":"ST PIERRE DES CORPS","cp":"37700","adresse":"76, quai de la loire","nom":"RELAIS DU ROCHIN","marque":"TotalEnergies"},{"id":"37100001","commune":"TOURS","cp":"37100","adresse":"Rond point gustave effeil","nom":"AUCHAN LA PETITE ARCHE","marque":"Auchan"},{"id":"37100002","commune":"TOURS","cp":"37100","adresse":"Rue frederic chopin","nom":"AUCHAN SUPERMARCHE ST SYMPHORIEN","marque":"Auchan"},{"id":"37000007","commune":"TOURS","cp":"37000","adresse":"300 rue du general renault","nom":"Carrefour Market RENAULT","marque":"Carrefour Market"},{"id":"37000011","commune":"TOURS","cp":"37000","adresse":"89 boulevard richard wagner","nom":"ESSO EXPRESS TOURS RIVES CHER","marque":"Esso Express"},{"id":"37003001","commune":"TOURS","cp":"37100","adresse":"Rue des bordiers","nom":"LECLERC TOURS NORD","marque":"Leclerc"},{"id":"37200004","commune":"TOURS","cp":"37200","adresse":"32 route de st avertin","nom":"RELAIS CENTRE ATLANTIQUE","marque":"TotalEnergies Access"},{"id":"37000014","commune":"TOURS","cp":"37000","adresse":"63 bld du tonnelle","nom":"RELAIS ST FRANCOIS","marque":"TotalEnergies"},{"id":"37100011","commune":"TOURS","cp":"37100","adresse":"Rue abel gance - zac de l'aeroga","nom":"RELAIS TOURS AEROPORT","marque":"TotalEnergies Access"},{"id":"37000015","commune":"TOURS","cp":"37000","adresse":"65 boulevard heurteloup","nom":"RELAIS TOURS BALZAC","marque":"TotalEnergies"},{"id":"37100010","commune":"TOURS","cp":"37100","adresse":"45, quai de marmoutier","nom":"RELAIS TOURS SAINTE RADEGONDE","marque":"TotalEnergies"},{"id":"37000016","commune":"TOURS","cp":"37000","adresse":"13 a 17 rue du 501e regiment","nom":"STATION CARREFOUR MARKET","marque":"Carrefour Market"},{"id":"37100012","commune":"TOURS","cp":"37100","adresse":"35 rue de jemmapes","nom":"U express","marque":"Systeme U"},{"id":"37250005","commune":"VEIGNE","cp":"37250","adresse":"Rd 910 les gues de veigne sens montbazon > tours","nom":"ESSO EXPRESS VEIGNE LA BODINIERE","marque":"Esso Express"},{"id":"37250002","commune":"VEIGNE","cp":"37250","adresse":"2 rue de tivoli","nom":"INTERMARCHE VEIGNE","marque":"Intermarche"},{"id":"37270005","commune":"VERETZ","cp":"37270","adresse":"62 chemin de la bussardiere","nom":"INTERMARCHE VERETZ","marque":"Intermarche"},{"id":"37210002","commune":"VERNOU-SUR-BRENNE","cp":"37210","adresse":"25 rue du professeur robert debre","nom":"Super U VERNOU SUR BRENNE","marque":"Systeme U"},{"id":"37110004","commune":"VILLEDOMER","cp":"37110","adresse":"Rn 10","nom":"RELAIS DE VILLEDOMER","marque":"TotalEnergies Access"},{"id":"37210004","commune":"VOUVRAY","cp":"37210","adresse":"27 rue des ecoles","nom":"Auchan VOUVRAY","marque":"Auchan"},{"id":"37290001","commune":"YZEURES-SUR-CREUSE","cp":"37290","adresse":"Les chalussons","nom":"INTERMARCHE YZEURES S/CREUSE","marque":"Intermarche"}]}