{"numero":"53","stations":[{"id":"53300003","commune":"AMBRIERES-LES-VALLEES","cp":"53300","adresse":"4 rue des vallees","nom":"CARREFOUR CONTACT","marque":"Carrefour Contact"},{"id":"53240001","commune":"ANDOUILLE","cp":"53240","adresse":"1 rue frederic chaplet","nom":"CARREFOUR CONTACT","marque":"Carrefour Contact"},{"id":"53240002","commune":"ANDOUILLE","cp":"53240","adresse":"Za de la maladrerie","nom":"SARL GAMBERT - MAYENNE COMBUSTIBLES","marque":"GAMBERT"},{"id":"53210001","commune":"ARGENTRE","cp":"53210","adresse":"Chemin des marzelles","nom":"UEXPRESS ARGENTRE","marque":"Systeme U"},{"id":"53200003","commune":"AZE","cp":"53200","adresse":"11 avenue rene cassin","nom":"HAUT ANJOU AUTOMOBILES","marque":"TotalEnergies"},{"id":"53160002","commune":"BAIS","cp":"53160","adresse":"Zi de l'aubriere","nom":"Carrefour contact","marque":"Carrefour Contact"},{"id":"53960001","commune":"BONCHAMP-LES-LAVAL","cp":"53960","adresse":"A81","nom":"Aire de La Mayenne","marque":"Avia"},{"id":"53960003","commune":"BONCHAMP-LES-LAVAL","cp":"53960","adresse":"Rue du bois-hedin","nom":"INTERMARCHE CONTACT","marque":"INTERMARCHE CONTACT"},{"id":"53810001","commune":"CHANGE","cp":"53810","adresse":"Impasse des sablons","nom":"Market","marque":"Carrefour Market"},{"id":"53200005","commune":"CHATEAU-GONTIER","cp":"53203","adresse":"Avenue georges pompidou","nom":"AZEDIS Station Leclerc","marque":"Leclerc"},{"id":"53230003","commune":"COSSE-LE-VIVIEN","cp":"53230","adresse":"Route de craon","nom":"CARREFOUR CONTACT","marque":"Carrefour Contact"},{"id":"53230001","commune":"COSSE-LE-VIVIEN","cp":"53230","adresse":"Rn 178 bis","nom":"SARL GARAGE BATARD","marque":"TotalEnergies"},{"id":"53400002","commune":"CRAON","cp":"53400","adresse":"68 route de nantes","nom":"ADM CRAON","marque":"TotalEnergies"},{"id":"53400001","commune":"CRAON","cp":"53400","adresse":"Z.a.  la pepiniere","nom":"Super U CRAON ST CLEMENT","marque":"Systeme U"},{"id":"53500004","commune":"ERNEE","cp":"53500","adresse":"La hainaud","nom":"Carrefour Market","marque":"Carrefour Market"},{"id":"53500003","commune":"ERNEE","cp":"53500","adresse":"Route de mayenne","nom":"MME PAPOIN LILIANE","marque":"TotalEnergies"},{"id":"53500001","commune":"ERNEE","cp":"53500","adresse":"Les  semondieres","nom":"Super U ERNEE","marque":"Systeme U"},{"id":"53600003","commune":"EVRON","cp":"53600","adresse":"8, avenue des sports","nom":"Carrefour Market","marque":"Carrefour Market"},{"id":"53600001","commune":"EVRON","cp":"53600","adresse":"Route de laval","nom":"HYPER U EVRON","marque":"Systeme U"},{"id":"53600002","commune":"EVRON","cp":"53600","adresse":"29 rte de laval","nom":"SARL GGE DES COEVRONS","marque":"TotalEnergies"},{"id":"53600007","commune":"EVRON","cp":"53600","adresse":"Route de sille","nom":"U EXPRESS","marque":"Systeme U"},{"id":"53190001","commune":"FOUGEROLLES-DU-PLESSIS","cp":"53190","adresse":"Haut du plessis route de landivy","nom":"INTERMARCHE CONTACT","marque":"Intermarche Contact"},{"id":"53120001","commune":"GORRON","cp":"53120","adresse":"Route d ambieres","nom":"Super U GORRON","marque":"Systeme U"},{"id":"53410003","commune":"LA GRAVELLE","cp":"53410","adresse":"2 route neuve","nom":"Station TotalEnergies","marque":"TotalEnergies"},{"id":"53110001","commune":"LASSAY-LES-CHATEAUX","cp":"53110","adresse":"1 rue de l'europe","nom":"INTERMARCHE LASSAY LES CHATEAUX","marque":"Intermarche"},{"id":"53002001","commune":"LAVAL","cp":"53000","adresse":"46 avenue de lattre de tassigny","nom":"CARREFOUR LAVAL","marque":"Carrefour"},{"id":"53000006","commune":"LAVAL","cp":"53000","adresse":"61 boulevard felix grat","nom":"Carrefour Market","marque":"Carrefour Market"},{"id":"53061001","commune":"LAVAL","cp":"53000","adresse":"60, avenue de la comm. europeenne","nom":"E.Leclerc Laval","marque":"Leclerc"},{"id":"53000008","commune":"LAVAL","cp":"53000","adresse":"195 avenue de chanzy","nom":"INTERMARCHE LAVAL","marque":"Intermarche"},{"id":"53000009","commune":"LAVAL","cp":"53000","adresse":"Route de mayenne - rn 162","nom":"RELAIS DU PONT DE PARIS","marque":"TotalEnergies"},{"id":"53000011","commune":"LAVAL","cp":"53000","adresse":"248 rue de bretagne","nom":"RELAIS LA CLOSERIE","marque":"TotalEnergies Access"},{"id":"53000010","commune":"LAVAL","cp":"53000","adresse":"Bld des trappistines","nom":"RELAIS LAVAL TRAPPISTINES","marque":"TotalEnergies Access"},{"id":"53000005","commune":"LAVAL","cp":"53000","adresse":"140 avenue de fougeres","nom":"SARL GARAGE LERAY","marque":"TotalEnergies"},{"id":"53410001","commune":"LE BOURGNEUF-LA-FORET","cp":"53410","adresse":"Route de laval","nom":"Super U  LE BOURGNEUF LA FORET","marque":"Systeme U"},{"id":"53970001","commune":"L'HUISSERIE","cp":"53970","adresse":"Zone artiz de l'aubepin","nom":"U Express L'HUISSERIE","marque":"Systeme U"},{"id":"53320002","commune":"LOIRON","cp":"53320","adresse":"R.d.  n 115","nom":"U EXPRESS LOIRON","marque":"Systeme U"},{"id":"53950002","commune":"LOUVERNE","cp":"53950","adresse":"9 rue du lavoir  route de st jean","nom":"Sa2b distribution","marque":"Carrefour Contact"},{"id":"53100001","commune":"MAYENNE","cp":"53100","adresse":" rue de bretagne","nom":"Carrefour Market","marque":"Carrefour Market"},{"id":"53102001","commune":"MAYENNE","cp":"53100","adresse":"550 boulevard jean monnet","nom":"Hyper U MAYENNE","marque":"Systeme U"},{"id":"53102002","commune":"MAYENNE","cp":"53102","adresse":"582, rue du prieure de berne","nom":"LECLERC MAYENNE","marque":"Leclerc"},{"id":"53100007","commune":"MAYENNE","cp":"53100","adresse":"Route de paris - bld paul lintie","nom":"RELAIS MADELEINE LINTIER","marque":"TotalEnergies Access"},{"id":"53100006","commune":"MAYENNE","cp":"53100","adresse":"977 rue de la peyenniere","nom":"SARL MARTINEAU-DURAND","marque":"Independant sans enseigne"},{"id":"53170001","commune":"MESLAY-DU-MAINE","cp":"53170","adresse":"Rue des tilleuls","nom":"Super U MESLAY DU MAINE","marque":"Systeme U"},{"id":"53150001","commune":"MONTSURS","cp":"53150","adresse":"Rue de la liberation","nom":"INTERMARCHE CONTACT  MONTSURS","marque":"Intermarche"},{"id":"53140003","commune":"PRE-EN-PAIL","cp":"53140","adresse":"Rn 12 route de paris","nom":"RELAIS AVALOIRS","marque":"TotalEnergies Access"},{"id":"53140001","commune":"PRE-EN-PAIL","cp":"53140","adresse":"Zone normandie maine","nom":"Super U PRE EN PAIL","marque":"Systeme U"},{"id":"53800001","commune":"RENAZE","cp":"53800","adresse":"Rn 171","nom":"SAS OVICK","marque":"Intermarche"},{"id":"53940001","commune":"SAINT BERTHEVIN","cp":"53940","adresse":"62 boulevard louis armand","nom":"E.LECLERC SAINT BERTHEVIN","marque":"Leclerc"},{"id":"53200006","commune":"SAINT-FORT","cp":"53200","adresse":"30 avenue des sablonnieres","nom":"INTERMARCHE ST FORT","marque":"Intermarche"},{"id":"53370001","commune":"SAINT-PIERRE-DES-NIDS","cp":"53370","adresse":"32 rue des avaloirs","nom":"GARAGE OLIVIER EURL","marque":"TotalEnergies"},{"id":"53410004","commune":"SAINT-PIERRE-LA-COUR","cp":"53410","adresse":"3 place des cypres","nom":"Carrefour Express SAINT PIERRE LA COUR","marque":"Carrefour Express"},{"id":"53270002","commune":"THORIGNE-EN-CHARNIE","cp":"53270","adresse":"Autoroute a81aire de la vallee de l'erve","nom":"DYNEFF AIRE DE LA VALLEE DE L'ERVE","marque":"Dyneff"},{"id":"53480002","commune":"VAIGES","cp":"53480","adresse":"Le perray","nom":"CARREFOUR EXPRESS","marque":"Carrefour Express"},{"id":"53700001","commune":"VILLAINES-LA-JUHEL","cp":"53700","adresse":"Route du mans","nom":"Super U VILLAINES LA JUHEL","marque":"Systeme U"}]}