{"numero":"35","stations":[{"id":"35560003","commune":"ANTRAIN","cp":"35560","adresse":"Rue de fougeres","nom":"Carrefour Contact ANTRAIN","marque":"Carrefour Contact"},{"id":"35370002","commune":"ARGENTRE-DU-PLESSIS","cp":"35370","adresse":"8 rue des sports","nom":"INTERMARCHE ARGENTRE DU PLESSIS","marque":"Intermarche"},{"id":"35470003","commune":"BAIN-DE-BRETAGNE","cp":"35470","adresse":"Le chene vert","nom":"INTERMARCHE BAIN DE BRETAGNE","marque":"Intermarche"},{"id":"35470004","commune":"BAIN-DE-BRETAGNE","cp":"35470","adresse":"Route nationale 137","nom":"RELAIS POMMENIAC","marque":"TotalEnergies"},{"id":"35470001","commune":"BAIN-DE-BRETAGNE","cp":"35470","adresse":"Za  chateau gaillard","nom":"Z_SAS DACAR","marque":"Leclerc"},{"id":"35560005","commune":"BAZOUGES-LA-PEROUSE","cp":"35560","adresse":"Route de saint remy du plain","nom":"utile bazouges la perouse","marque":"Systeme U"},{"id":"35830002","commune":"BETTON","cp":"35830","adresse":"64 rue de rennes","nom":"FLEX AUTO SERVICES","marque":"TotalEnergies"},{"id":"35230007","commune":"BOURGBARRE","cp":"35230","adresse":"Rue d'orgeres, zac de, la gree","nom":"CARREFOUR CONTACT","marque":"Carrefour Contact"},{"id":"35310004","commune":"BREAL-SOUS-MONTFORT","cp":"35310","adresse":"Lieu-dit le pommeret","nom":"Market","marque":"Carrefour Market"},{"id":"35150004","commune":"BRIE","cp":"35150","adresse":"2 le hardier","nom":"Totalenergies BRIE","marque":"Totalenergies"},{"id":"35170001","commune":"BRUZ","cp":"35170","adresse":"2 place du vert buisson","nom":"INTERMARCHE BRUZ","marque":"Intermarche"},{"id":"35170002","commune":"BRUZ","cp":"35170","adresse":"109 avenue alphonse legault","nom":"SUPER U BRUZ","marque":"Systeme U"},{"id":"35260002","commune":"CANCALE","cp":"35260","adresse":"La nouvelle vague","nom":"Super U CANCALE","marque":"Systeme U"},{"id":"35510001","commune":"CESSON-SEVIGNE","cp":"35510","adresse":"Rue de la rigourdiere","nom":"CARREFOUR CESSON SEVIGNE","marque":"Carrefour"},{"id":"35510006","commune":"CESSON-SEVIGNE","cp":"35510","adresse":"50 rue de belle epine et boulevard des metairies","nom":"Carrefour contact","marque":"Carrefour Contact"},{"id":"35510005","commune":"CESSON-SEVIGNE","cp":"35510","adresse":"27 rte de rennes","nom":"RELAIS CESSON SEVIGNE","marque":"TotalEnergies"},{"id":"35135001","commune":"CHANTEPIE","cp":"35135","adresse":"Rue loroux","nom":"INTERMARCHE CHANTEPIE","marque":"Intermarche"},{"id":"35131001","commune":"CHARTRES-DE-BRETAGNE","cp":"35131","adresse":"La croix aux potiers","nom":"Carrefour Market","marque":"Carrefour Market"},{"id":"35220001","commune":"CHATEAUBOURG","cp":"35220","adresse":"Zac des jardins de la bretonniere","nom":"Super U CHATEAUBOURG","marque":"Systeme U"},{"id":"35410001","commune":"CHATEAUGIRON","cp":"35410","adresse":"Cc  univer ,le petit launay","nom":"Hyper U CHATEAUGIRON","marque":"Systeme U"},{"id":"35720001","commune":"COMBOURG","cp":"35270","adresse":"Avenue de la liberation","nom":"COMBOURG- GGE  JOURDAN","marque":"TotalEnergies"},{"id":"35270001","commune":"COMBOURG","cp":"35270","adresse":"7 av. des erables","nom":"Hyper U COMBOURG","marque":"Systeme U"},{"id":"35270003","commune":"COMBOURG","cp":"35270","adresse":"Parc d'activites du moulin madame, 14 rue des coutures","nom":"INTERMARCHE","marque":"Intermarche"},{"id":"35320003","commune":"CREVIN","cp":"35320","adresse":"10 rue de bel air","nom":"UTILE","marque":"Systeme U"},{"id":"35800002","commune":"DINARD","cp":"35800","adresse":"68 boulevard jules verger","nom":"BRETECHE STATION SERVICES","marque":"Avia"},{"id":"35800004","commune":"DINARD","cp":"35800","adresse":"20, boulevard de la liberation","nom":"RELAIS DU PRIEURE","marque":"TotalEnergies Access"},{"id":"35120001","commune":"DOL-DE-BRETAGNE","cp":"35120","adresse":"P.a. les rolandieres","nom":"Carrefour Market DOL DE BRETAGNE","marque":"Carrefour Market"},{"id":"35120002","commune":"DOL-DE-BRETAGNE","cp":"35120","adresse":"Rue du docteur gringoire","nom":"Super U DOL DE BRETAGNE","marque":"Systeme U"},{"id":"35113002","commune":"DOMAGNE","cp":"35113","adresse":"Rue saint-pierre","nom":"CARREFOUR EXPRESS","marque":"Carrefour Express"},{"id":"35410002","commune":"DOMLOUP","cp":"35410","adresse":"1 rue gifard","nom":"INTERMARCHE les Mousquetaires DOMLOUP CHATEAUGIRON","marque":"Intermarche"},{"id":"35500009","commune":"ERBREE","cp":"35500","adresse":"Route nationale 157 - aire d'erbree","nom":"RELAIS ERBREE","marque":"TotalEnergies"},{"id":"35370004","commune":"ETRELLES","cp":"35370","adresse":"12 zone d'activite piquet ouest","nom":"SAS KERALLI STATION","marque":"Intermarche"},{"id":"35301001","commune":"FOUGERES","cp":"35300","adresse":"39 boulevard de groslay","nom":"CARREFOUR FOUGERES","marque":"Carrefour"},{"id":"35300002","commune":"FOUGERES","cp":"35300","adresse":"20 place de l'europe","nom":"Carrefour Market","marque":"Carrefour Market"},{"id":"35300001","commune":"FOUGERES","cp":"35300","adresse":"20 boulevard saint germain","nom":"ESSO EMERAUDE","marque":"Esso Express"},{"id":"35300004","commune":"FOUGERES","cp":"35300","adresse":"58 avenue de la verrerie","nom":"TOTAL FOUGERES - SOLUTION ENEGY (SAS)","marque":"TotalEnergies"},{"id":"35850003","commune":"GEVEZE","cp":"35850","adresse":"Rue de rennes","nom":"Carrefour Market","marque":"Carrefour Market"},{"id":"35580003","commune":"GOVEN","cp":"35580","adresse":"Rue du perray","nom":"INTERMARCHE GOVEN","marque":"Intermarche"},{"id":"35390001","commune":"GRAND-FOUGERAY","cp":"35390","adresse":"3 parc des lizardais","nom":"U EXPRESS","marque":"Systeme U"},{"id":"35580001","commune":"GUICHEN","cp":"35580","adresse":"Rue ampere","nom":"Hyper U GUICHEN","marque":"Systeme U"},{"id":"35580004","commune":"GUIGNEN","cp":"35580","adresse":"D177 -  les bois","nom":"RELAIS DE GUIGNEN","marque":"TotalEnergies Access"},{"id":"35480001","commune":"GUIPRY","cp":"35480","adresse":"35  avenue du port","nom":"Super U GUIPRY","marque":"Systeme U"},{"id":"35150003","commune":"JANZE","cp":"35150","adresse":"Route de bain de bretagne","nom":"INTERMARCHE JANZE","marque":"Intermarche"},{"id":"35150001","commune":"JANZE","cp":"35150","adresse":"Boulevard charcot","nom":"Super U JANZE","marque":"Systeme U"},{"id":"35340003","commune":"LA BOUEXIERE","cp":"35340","adresse":"46 rue de la foret","nom":"INTERMARCHE CONTACT","marque":"Intermarche Contact"},{"id":"35520002","commune":"LA CHAPELLE-DES-FOUGERETZ","cp":"35520","adresse":"La brosse","nom":"SARL DVT","marque":"TotalEnergies"},{"id":"35111001","commune":"LA FRESNAIS","cp":"35111","adresse":"Rue des frenes","nom":"Utile LA FRESNAIS","marque":"Systeme U"},{"id":"35350004","commune":"LA GOUESNIERE","cp":"35350","adresse":"16, rue d'aleth","nom":"La Halte de Bonaban","marque":"station 24/24"},{"id":"35130003","commune":"LA GUERCHE-DE-BRETAGNE","cp":"35130","adresse":"Route de vitre","nom":"INTERMARCHE LA GUERCHE/BRETAGNE","marque":"Intermarche"},{"id":"35130001","commune":"LA GUERCHE-DE-BRETAGNE","cp":"35130","adresse":"30 route de nantes","nom":"Super U LA GUERCHE DE BRETAGNE","marque":"Systeme U"},{"id":"35890001","commune":"LAILLE","cp":"35890","adresse":"Rue du point du jour","nom":"Carrefour Market","marque":"Carrefour Market"},{"id":"35520003","commune":"LA MEZIERE","cp":"35520","adresse":"Lieu-dit beausejour","nom":"INTERMARCHE LA MEZIERE","marque":"Intermarche"},{"id":"35520004","commune":"LA MEZIERE","cp":"35520","adresse":"Rue du phare de la balue cap malo","nom":"LECLERC station CAP MALO","marque":"Leclerc"},{"id":"35133001","commune":"LECOUSSE","cp":"35133","adresse":"Zone commerciale de la pilais","nom":"FOUGERES DISTRIBUTION","marque":"Leclerc"},{"id":"35650003","commune":"LE RHEU","cp":"35650","adresse":"Allee du chene vert","nom":"INTERMARCHE LE RHEU","marque":"Intermarche"},{"id":"35650002","commune":"LE RHEU","cp":"35650","adresse":"Avenue des acquets","nom":"Super U Le Rheu","marque":"SUPER U"},{"id":"35590001","commune":"L'HERMITAGE","cp":"35590","adresse":"La musse","nom":"Super U L'HERMITAGE","marque":"Systeme U"},{"id":"35340002","commune":"LIFFRE","cp":"35340","adresse":"Centre commercial beauge","nom":"INTERMARCHE LIFFRE","marque":"Intermarche"},{"id":"35342001","commune":"LIFFRE","cp":"35340","adresse":"98 rue de rennes","nom":"Super U LIFFRE","marque":"Systeme U"},{"id":"35450001","commune":"LIVRE-SUR-CHANGEON","cp":"35450","adresse":"17 rue jeanne dufeu","nom":"SARL MDA","marque":"TotalEnergies"},{"id":"35550006","commune":"LOHEAC","cp":"35550","adresse":"1 rue de l'ecusson","nom":"BOUGEARD 24-24","marque":"TotalEnergies"},{"id":"35680001","commune":"LOUVIGNE-DE-BAIS","cp":"35680","adresse":"Route de vitre","nom":"LOUVIGNE AUTO SERVICE","marque":"Elan"},{"id":"35420001","commune":"LOUVIGNE-DU-DESERT","cp":"35420","adresse":"Avenue de normandie","nom":"Super U  LOUVIGNE DU DESERT","marque":"Systeme U"},{"id":"35640001","commune":"MARTIGNE-FERCHAUD","cp":"35640","adresse":"Za du ronzeray","nom":"INTERMARCHE SAS JUGUERO","marque":"Intermarche Contact"},{"id":"35520001","commune":"MELESSE","cp":"35520","adresse":"Za de la metairie quartier libre","nom":"Super U MELESSE","marque":"Systeme U"},{"id":"35330002","commune":"MERNEL","cp":"35330","adresse":"2 rue du querpon","nom":"INTERMARCHE MERNEL","marque":"Intermarche"},{"id":"35480003","commune":"MESSAC","cp":"35480","adresse":" rue du general allard","nom":"SNC CARVA","marque":"Independant sans enseigne"},{"id":"35540008","commune":"MINIAC MORVAN","cp":"35540","adresse":"17, rue de la livraison","nom":"Carrefour Contact SNC DISPARAM","marque":"Carrefour Contact"},{"id":"35370003","commune":"MONDEVERT","cp":"35370","adresse":"Route nationale 157 - aire de mondevert","nom":"RELAIS MONDEVERT","marque":"TotalEnergies"},{"id":"35360001","commune":"MONTAUBAN-DE-BRETAGNE","cp":"35360","adresse":"58 rue de rennes","nom":"INTERMARCHE MONTAUBAN DE BRETAGN","marque":"Intermarche"},{"id":"35160002","commune":"MONTFORT-SUR-MEU","cp":"35160","adresse":"Rue de rennes","nom":"SARL GARAGE GANDON GILLES","marque":"TotalEnergies"},{"id":"35160001","commune":"MONTFORT-SUR-MEU","cp":"35160","adresse":"Launay quero","nom":"Super U  PAYS DE MONTFORT","marque":"Systeme U"},{"id":"35440002","commune":"MONTREUIL-SUR-ILLE","cp":"35440","adresse":"Rue clos gerard","nom":"CARREFOUR CONTACT","marque":"Carrefour Contact"},{"id":"35310002","commune":"MORDELLES","cp":"35310","adresse":"Avenue des platanes","nom":"Super U MORDELLES","marque":"Systeme U"},{"id":"35230006","commune":"NOYAL-CHATILLON-SUR-SEICHE","cp":"35230","adresse":"Route de nantes le vallon","nom":"ESSO EXPRESS NOYAL CHATILLON SUR SEICHE","marque":"Esso Express"},{"id":"35230001","commune":"NOYAL-CHATILLON-SUR-SEICHE","cp":"35230","adresse":"Rue mathurin meheut","nom":"Super U NOYAL CHATILLON","marque":"Systeme U"},{"id":"35330001","commune":"NOYAL SUR VILAINE","cp":"35530","adresse":"5 avenue du general de gaulle","nom":"SARL GARAGE LEPELTIER","marque":"TotalEnergies"},{"id":"35530001","commune":"NOYAL-SUR-VILAINE","cp":"35530","adresse":"Za le chene joli - cd92","nom":"SONODIS","marque":"Leclerc"},{"id":"35230004","commune":"ORGERES","cp":"35230","adresse":"6 avenue de l'alliance","nom":"INTERMARCHE ORGERES","marque":"Intermarche"},{"id":"35740001","commune":"PACE","cp":"35740","adresse":"34 bd dumaine de la josserie","nom":"AUTO PACE SERVICES","marque":"Elan"},{"id":"35743001","commune":"PACE","cp":"35740","adresse":"Boulevard giraudais","nom":"Cora","marque":"CORA"},{"id":"35550004","commune":"PIPRIAC","cp":"35550","adresse":"47 rue de l'avenir","nom":"Super U PIPRIAC","marque":"Systeme U"},{"id":"35610001","commune":"PLEINE-FOUGERES","cp":"35610","adresse":"Ville cherel","nom":"INTERMARCHE PLEINE FOUGERES","marque":"Intermarche"},{"id":"35380001","commune":"PLELAN-LE-GRAND","cp":"35380","adresse":"Rue de la vallee du cast","nom":"Super U PLELAN LE GRAND","marque":"Systeme U"},{"id":"35540009","commune":"PLERGUER","cp":"35540","adresse":"Rue de saint malo","nom":"U Express Plerguer","marque":"Systeme U"},{"id":"35137001","commune":"PLEUMELEUC","cp":"35137","adresse":"2 rue de l'epinette","nom":"LECLERC PLEUMELEUC","marque":"Leclerc"},{"id":"35780001","commune":"PLEURTUIT","cp":"35730","adresse":"1 rue du cap breton","nom":"INTERMARCHE PLEURTUIT","marque":"Intermarche"},{"id":"35730001","commune":"PLEURTUIT","cp":"35730","adresse":"2 rue des terres neuvas","nom":"Super U PLEURTUIT","marque":"Systeme U"},{"id":"35600003","commune":"REDON","cp":"35600","adresse":"6 rue louis guilloux","nom":"INTERMARCHE REDON","marque":"Intermarche"},{"id":"35600006","commune":"REDON","cp":"35600","adresse":"8 rue de la barre","nom":"ROUXEL AUTOMOBILES","marque":"Elan"},{"id":"35600004","commune":"REDON","cp":"35600","adresse":"84 rue de vannes","nom":"SAS FRANCK VIVIEN TOTAL REDON","marque":"TOTAL REDON"},{"id":"35660004","commune":"RENAC","cp":"35660","adresse":"8 lotissemennt beauregard","nom":"Renac Automobiles","marque":"TotalEnergies"},{"id":"35200003","commune":"RENNES","cp":"35200","adresse":"Boulevard paul hutin desgrees","nom":"Carrefour Market LA POTERIE","marque":"Carrefour Market"},{"id":"35000015","commune":"RENNES","cp":"35000","adresse":"228 route de lorient","nom":"ESSO EXPRESS RENNES OUEST","marque":"Esso Express"},{"id":"35700001","commune":"RENNES","cp":"35700","adresse":"Allee morvan lebesque","nom":"INTERMARCHE RENNES","marque":"Intermarche"},{"id":"35000012","commune":"RENNES","cp":"35000","adresse":"Rue jules valles","nom":"LECLERC REN'OUEST","marque":"Leclerc"},{"id":"35000017","commune":"RENNES","cp":"35000","adresse":"202 route de lorient","nom":"RELAIS BARRE THOMAS","marque":"TotalEnergies"},{"id":"35000019","commune":"RENNES","cp":"35000","adresse":"Avenue charles tillon","nom":"RELAIS ILE DE FRANCE","marque":"TotalEnergies"},{"id":"35000023","commune":"RENNES","cp":"35000","adresse":"100-102 route de saint-brieuc","nom":"RELAIS MALIFEU","marque":"TotalEnergies Access"},{"id":"35000021","commune":"RENNES","cp":"35200","adresse":"Centre commercial alma, 10 rue b","nom":"RELAIS RENNES ALMA","marque":"TotalEnergies Access"},{"id":"35000022","commune":"RENNES","cp":"35000","adresse":"254, route de fougeres","nom":"RELAIS RENNES HIPPODROME","marque":"TotalEnergies Access"},{"id":"35000020","commune":"RENNES","cp":"35000","adresse":"124, avenue du general leclerc","nom":"RELAIS RENNES LECLERC","marque":"TotalEnergies Access"},{"id":"35200007","commune":"RENNES","cp":"35200","adresse":"334 rue de nantes","nom":"RELAIS RENNES ROUTE DE NANTES","marque":"TotalEnergies Access"},{"id":"35000006","commune":"RENNES","cp":"35000","adresse":"17  boulevardleon bourgeois","nom":"SARL LEFEBVRE MICHEL","marque":"TotalEnergies"},{"id":"35000024","commune":"RENNES","cp":"35000","adresse":"182 rue de chateaugiron","nom":"SAS AROBIN","marque":"Avia"},{"id":"35000013","commune":"RENNES","cp":"35000","adresse":"238 rue saint-malo","nom":"Station Malo","marque":"Station Malo"},{"id":"35200008","commune":"RENNES","cp":"35200","adresse":"7 boulevard de l'yser","nom":"Super U Rennes Sarah Bernhardt","marque":"Systeme U"},{"id":"35205001","commune":"RENNES","cp":"35200","adresse":"256 rue de nantes","nom":"Super U RENNES ST JACQUES","marque":"Systeme U"},{"id":"35240001","commune":"RETIERS","cp":"35240","adresse":"43 rue auguste pavie","nom":"Super U RETIERS","marque":"Systeme U"},{"id":"35490001","commune":"ROMAZY","cp":"35490","adresse":"Route du mont st michel","nom":"JLJ DISTRIBUTION","marque":"TotalEnergies"},{"id":"35850001","commune":"ROMILLE","cp":"35850","adresse":"2, rue de broceliande","nom":"Super U ROMILLE","marque":"Systeme U"},{"id":"35250001","commune":"SAINT-AUBIN-D'AUBIGNE","cp":"35250","adresse":"2, allee de la piloinais","nom":"Super U ST AUBIN D'AUBIGNE","marque":"Systeme U"},{"id":"35140001","commune":"SAINT-AUBIN-DU-CORMIER","cp":"35140","adresse":"28 rue de rennes","nom":"Market","marque":"Carrefour Market"},{"id":"35140002","commune":"SAINT-AUBIN-DU-CORMIER","cp":"35140","adresse":"2 rue de tregor","nom":"TOTAL Garage du Cormier RENAULT","marque":"TotalEnergies"},{"id":"35114002","commune":"SAINT-BENOIT-DES-ONDES","cp":"35114","adresse":"Rue du bord de mer","nom":"STATION GARAGE DE LA BAIE","marque":"TotalEnergies"},{"id":"35460001","commune":"SAINT-BRICE-EN-COGLES","cp":"35460","adresse":"Rue de la croix rouge","nom":"Super U ST BRICE EN COGLES","marque":"Systeme U"},{"id":"35590004","commune":"SAINT-GILLES","cp":"35590","adresse":"Beaurenom, rn12 sens rennes/st-brieuc","nom":"Aire d'Armor et d'Argoat","marque":"Shell"},{"id":"35590007","commune":"SAINT-GILLES","cp":"35590","adresse":" rue de saint-brieuc","nom":"CARREFOUR CONTACT","marque":"Carrefour Contact"},{"id":"35590008","commune":"SAINT-GILLES","cp":"35590","adresse":"Route nationale 12 - aire du pays de rennes","nom":"RELAIS DU PAYS DE RENNES","marque":"TotalEnergies"},{"id":"35760007","commune":"SAINT GREGOIRE","cp":"35760","adresse":"Boulevard de la robiquette","nom":"STATION U RENNES SAINT GREGOIRE","marque":"Systeme U"},{"id":"35760002","commune":"SAINT-GREGOIRE","cp":"35760","adresse":"Zone industrielle de l'etang","nom":"LECLERC station ST-GREGOIRE","marque":"Leclerc"},{"id":"35760004","commune":"SAINT-GREGOIRE","cp":"35760","adresse":"Rue du general de gaulle","nom":"RELAIS SAINT-GREGOIRE","marque":"TotalEnergies"},{"id":"35430001","commune":"SAINT-JOUAN-DES-GUERETS","cp":"35430","adresse":"Le moulin du domaine","nom":"Cora Saint Jouan des Guerets","marque":"CORA"},{"id":"35400008","commune":"SAINT-MALO","cp":"35400","adresse":"Avenue general de gaulle","nom":"BISQUINE-INTERMARCHE SAINT MALO","marque":"Intermarche"},{"id":"35400006","commune":"SAINT-MALO","cp":"35400","adresse":"Rue de la flaudais","nom":"CARREFOUR SAINT MALO","marque":"Carrefour"},{"id":"35400007","commune":"SAINT-MALO","cp":"35400","adresse":"55 boulevard des deportes","nom":"E.LECLERC ST MALO DISTRIBUTION","marque":"Leclerc"},{"id":"35400009","commune":"SAINT-MALO","cp":"35400","adresse":"126, boulevard des talards","nom":"RELAIS MALOUIN","marque":"TotalEnergies"},{"id":"35400010","commune":"SAINT-MALO","cp":"35400","adresse":"18, rue de la balue","nom":"RELAIS ST SERVAN LA BALUE","marque":"TotalEnergies Access"},{"id":"35400002","commune":"SAINT-MALO","cp":"35400","adresse":"131 boulevard gambetta","nom":"SARL ACDL- SAINT MALO","marque":"TotalEnergies"},{"id":"35290003","commune":"SAINT-MEEN-LE-GRAND","cp":"35290","adresse":"Zone du maupas","nom":"INTERMARCHE ST MEEN LE GRAND","marque":"Intermarche"},{"id":"35290001","commune":"SAINT-MEEN-LE-GRAND","cp":"35290","adresse":"Rue henri letort","nom":"Super U ST MEEN LE GRAND","marque":"Systeme U"},{"id":"35350003","commune":"SAINT-MELOIR-DES-ONDES","cp":"35350","adresse":"Le portail","nom":"INTERMARCHE ST MELOIR DES ONDES","marque":"Intermarche"},{"id":"35720004","commune":"SAINT-PIERRE-DE-PLESGUEN","cp":"35720","adresse":"60 rue de la liberation","nom":"CARREFOUR CONTACT","marque":"Carrefour Contact"},{"id":"35400012","commune":"SAINT-SERVAN-SUR-MER","cp":"35400","adresse":"Rn 137 cote est","nom":"RELAIS ST MALO EST - GD COTE","marque":"TotalEnergies Access"},{"id":"35400011","commune":"SAINT-SERVAN-SUR-MER","cp":"35400","adresse":"Rn 137 - cote ouest - direction","nom":"RELAIS ST MALO OUEST PETIT COTE","marque":"TotalEnergies Access"},{"id":"35530002","commune":"SERVON-SUR-VILAINE","cp":"35530","adresse":"Zone artisanale d'olivet","nom":"SERVON SUR VILAINE","marque":"Avia"},{"id":"35136004","commune":"ST JACQUES DE LA LANDE","cp":"35136","adresse":"14 cours camille claudel","nom":"Carrefour Market","marque":"Carrefour Market"},{"id":"35235001","commune":"THORIGNE-FOUILLARD","cp":"35235","adresse":"Za du portail  rn 12","nom":"SAS ABR - GARAGE MACE","marque":"TotalEnergies"},{"id":"35190003","commune":"TINTENIAC","cp":"35190","adresse":"Rue du papegault","nom":"Super U TINTENIAC","marque":"Systeme U"},{"id":"35770002","commune":"VERN-SUR-SEICHE","cp":"35770","adresse":"Route de rennes","nom":"AVIA","marque":"Avia"},{"id":"35770006","commune":"VERN-SUR-SEICHE","cp":"35770","adresse":"18 rue du champ martin","nom":"RELAIS DE VERN SUR SEICHE","marque":"TotalEnergies Access"},{"id":"35770001","commune":"VERN-SUR-SEICHE","cp":"35770","adresse":"Rue de l'orson","nom":"Z VERN SUR SEICHE","marque":"Leclerc"},{"id":"35132004","commune":"VEZIN LE COQUET","cp":"35132","adresse":"Route de lorient","nom":"RELAIS LES TROIS MARCHES","marque":"TotalEnergies Access"},{"id":"35490003","commune":"VIEUX-VY-SUR-COUESNON","cp":"35490","adresse":"La croix couverte","nom":"INTERMARCHE VIEUX VY S/ COUESNON","marque":"Intermarche"},{"id":"35500001","commune":"VITRE","cp":"35500","adresse":"21 route de redon","nom":"Hyper U VITRE","marque":"Systeme U"},{"id":"35500008","commune":"VITRE","cp":"35500","adresse":"1 boulevard georges charpak","nom":"INTERMACHE SUPER","marque":"Intermarche"},{"id":"35500006","commune":"VITRE","cp":"35500","adresse":"1 rue de domalain","nom":"INTERMARCHE VITRE","marque":"Intermarche"},{"id":"35500004","commune":"VITRE","cp":"35500","adresse":"Rue du mee","nom":"VITRE-DIS","marque":"Leclerc"}]}