{"numero":"52","stations":[{"id":"52170001","commune":"BAYARD-SUR-MARNE","cp":"52170","adresse":"Rue de la gare","nom":"INTERMARCHE","marque":"Intermarche"},{"id":"52100010","commune":"BETTANCOURT-LA-FERREE","cp":"52100","adresse":"Route de bar le duc","nom":"VALENZISI PHILIPPE SARL","marque":"ESSO"},{"id":"52310001","commune":"BOLOGNE","cp":"52310","adresse":"Lieu dit la hache lotissement la champagne","nom":"INTERMARCHE BOLOGNE","marque":"Intermarche"},{"id":"52400001","commune":"BOURBONNE-LES-BAINS","cp":"52400","adresse":"39 rue du moulin","nom":"Carrefour Market","marque":"Carrefour Market"},{"id":"52400002","commune":"BOURBONNE-LES-BAINS","cp":"52400","adresse":"2 route de vittel","nom":"RELAIS DES TROIS PROVINCES","marque":"Avia"},{"id":"52600001","commune":"CHALINDREY","cp":"52600","adresse":"46 rue de langres","nom":"Central Garage","marque":"Avia"},{"id":"52600004","commune":"CHALINDREY","cp":"52600","adresse":"4 place de verdun","nom":"INTERMARCHE","marque":"Intermarche Contact"},{"id":"52120001","commune":"CHATEAUVILLAIN","cp":"52120","adresse":"A 5 aire de chateauvillain sur orge","nom":"BP A5 AIRE DE CHATEAUVILLAIN SUR ORGE","marque":"BP"},{"id":"52120002","commune":"CHATEAUVILLAIN","cp":"52120","adresse":"5 route de chatillon","nom":"INTERMARCHE CHATEAUVILLAIN","marque":"Intermarche"},{"id":"52000006","commune":"CHAUMONT","cp":"52000","adresse":"Faubourg du moulin neuf","nom":"CHAUMONDIS","marque":"Leclerc"},{"id":"52000005","commune":"CHAUMONT","cp":"52000","adresse":"1 avenue pierre burello","nom":"ESSO GLORIETTE","marque":"Esso Express"},{"id":"52000010","commune":"CHAUMONT","cp":"52000","adresse":"7 avenue de la republique","nom":"INTERMARCHE","marque":"Intermarche"},{"id":"52000009","commune":"CHAUMONT","cp":"52000","adresse":"8-10 , avenue carnot","nom":"RELAIS BUXEREUILLES","marque":"TotalEnergies Access"},{"id":"52000008","commune":"CHAUMONT","cp":"52000","adresse":"3, route de langres","nom":"RELAIS DE LA SUIZE","marque":"TotalEnergies"},{"id":"52500002","commune":"FAYL-BILLOT","cp":"52500","adresse":"Route de vesoul","nom":"DATS FAYL BILLOT","marque":"Colruyt"},{"id":"52500001","commune":"FAYL-BILLOT","cp":"52500","adresse":"39 route de vesoul","nom":"DAVID AUTOMOBILES","marque":"Avia"},{"id":"52800003","commune":"FOULAIN","cp":"52800","adresse":"Grande rue","nom":"AVIA FOULAIN SAS NEXCAR","marque":"Avia"},{"id":"52100016","commune":"HALLIGNICOURT","cp":"52100","adresse":"Route nationale 4 - lieu dit 'la bobotte'","nom":"RELAIS DU DER NORD","marque":"TotalEnergies"},{"id":"52100015","commune":"HALLIGNICOURT","cp":"52100","adresse":"Route nationale 4","nom":"RELAIS DU DER SUD","marque":"TotalEnergies"},{"id":"52100018","commune":"HALLIGNICOURT","cp":"52100","adresse":"Rn4 sens nancy-paris","nom":"Shell","marque":"Shell"},{"id":"52100019","commune":"HALLIGNICOURT","cp":"52100","adresse":"Rn4 sens vitry nancy","nom":"SHELL","marque":"Shell"},{"id":"52600002","commune":"HORTES","cp":"52600","adresse":"15 rue camille perfetti","nom":"SARL JKR AUTOMOBILES","marque":"Avia"},{"id":"52300003","commune":"JOINVILLE","cp":"52300","adresse":"Avenue de la marne","nom":"INTERMARCHE JOINVILLE","marque":"Intermarche"},{"id":"52300002","commune":"JOINVILLE","cp":"52300","adresse":"Avenue de lorraine","nom":"SUPER U","marque":"Systeme U"},{"id":"52330002","commune":"JUZENNECOURT","cp":"52330","adresse":"2 route nationale 19","nom":"Aux p'tites autos","marque":"Avia"},{"id":"52200010","commune":"LANGRES","cp":"52200","adresse":"Centre commercial les franchises","nom":"INTERMARCHE SA BARVIN","marque":"Intermarche"},{"id":"52200014","commune":"LANGRES","cp":"52200","adresse":"Faubourg de la colliniere","nom":"RELAIS DE LA COLLINIERE","marque":"TotalEnergies Access"},{"id":"52200012","commune":"LANGRES","cp":"52200","adresse":"24 avenue turenne","nom":"STATION AVIA SAS PLB","marque":"Avia"},{"id":"52250001","commune":"LONGEAU-PERCEY","cp":"52250","adresse":"Rue du vernoy","nom":"EPONINE SAS","marque":"Intermarche Contact"},{"id":"52220001","commune":"MONTIER-EN-DER","cp":"52220","adresse":"Route de saint-dizier","nom":"GARAGE DHOBIE","marque":"TotalEnergies"},{"id":"52220002","commune":"MONTIER-EN-DER","cp":"52220","adresse":"Zi les patis","nom":"SAS EMIDER","marque":"Intermarche"},{"id":"52140002","commune":"MONTIGNY LE ROI","cp":"52140","adresse":"18 avenue de haute meuse","nom":"GARAGE FLAGEZ","marque":"TotalEnergies"},{"id":"52800002","commune":"NOGENT","cp":"52800","adresse":"13 rue de mandres","nom":"RELAIS DES FORGES - SCAP PEUGEOT","marque":"Avia"},{"id":"52800001","commune":"NOGENT","cp":"52800","adresse":"Rue ambroise pare","nom":"SAS CHELOUMEX","marque":"Systeme U"},{"id":"52160008","commune":"PERROGNEY-LES-FONTAINES","cp":"52160","adresse":"A31  aire de langres perrogney","nom":"AVIA Perrogney","marque":"avia"},{"id":"52160010","commune":"PERROGNEY-LES-FONTAINES","cp":"52160","adresse":"A31 aide de langres noidant","nom":"Noidant SARL MCV","marque":"Avia"},{"id":"52700002","commune":"RIMAUCOURT","cp":"52700","adresse":"Rue du general leclerc","nom":"ECOMARCHE RIMAUCOURT","marque":"Intermarche"},{"id":"52112001","commune":"SAINT-DIZIER","cp":"52100","adresse":"Route de bar le duc","nom":"CORA","marque":"CORA"},{"id":"52100008","commune":"SAINT-DIZIER","cp":"52100","adresse":"Route de vitry","nom":"ESSO AERODROME","marque":"Esso Express"},{"id":"52100012","commune":"SAINT-DIZIER","cp":"52100","adresse":"12 route de nancy","nom":"ESSO CHAMPAGNE","marque":"Esso"},{"id":"52100011","commune":"SAINT-DIZIER","cp":"52100","adresse":"Avenue leon blum","nom":"INTERMARCHE VERT-BOIS","marque":"Intermarche"},{"id":"52100014","commune":"SAINT-DIZIER","cp":"52100","adresse":"56 rue de vergy","nom":"SAS JEANDELINE INTERMARCHE","marque":"Intermarche"},{"id":"52100009","commune":"SAINT-DIZIER","cp":"52100","adresse":"Rue des loyes","nom":"SAS PETRO EST LECLERC ST DIZIER","marque":"Leclerc"},{"id":"52200004","commune":"SAINTS-GEOSMES","cp":"52200","adresse":"13 rue de l'avenir","nom":"SOLADI","marque":"Leclerc"},{"id":"52150001","commune":"SAINT-THIEBAULT","cp":"52150","adresse":"Rue carnot","nom":"GARAGE CENTRAL DUGRILLON","marque":"Avia"},{"id":"52100003","commune":"VALCOURT","cp":"52100","adresse":"Av. du piemont","nom":"SARL BRIVOT ET CHEVALIER","marque":"TotalEnergies"},{"id":"52140003","commune":"VAL-DE-MEUSE","cp":"52140","adresse":"Route de neufchateau rd 74","nom":"INTERMARCHE MONTIGNY LE ROI","marque":"Intermarche"},{"id":"52140004","commune":"VAL-DE-MEUSE","cp":"52140","adresse":"Aire de montigny le roi a31","nom":"STATION AVIA MONTIGNY LE ROI","marque":"Avia"},{"id":"52140005","commune":"VAL-DE-MEUSE","cp":"52140","adresse":"Aire de val de meuse a31","nom":"STATION AVIA VAL DE MEUSE","marque":"Avia"},{"id":"52130002","commune":"WASSY","cp":"52130","adresse":"Rue du general leclerc","nom":"INTERMARCHE","marque":"Intermarche"},{"id":"52130003","commune":"WASSY","cp":"52130","adresse":"Rue de la madeleine","nom":"STATION DE LA MADELEINE","marque":"Avia"}]}