{"numero":"41","stations":[{"id":"41240002","commune":"BEAUCE LA ROMAINE","cp":"41240","adresse":"2 bis voie romaine","nom":"INTERMARCHE OUZOUER LE MARCHE","marque":"Intermarche"},{"id":"41240003","commune":"BINAS","cp":"41240","adresse":"15 rue du 8 mai 1945","nom":"BINAS AUTOMOBILES","marque":"TotalEnergies"},{"id":"41000022","commune":"BLOIS","cp":"41000","adresse":"1 rue de la quiniere","nom":"Carrefour Market","marque":"Carrefour Market"},{"id":"41000020","commune":"BLOIS","cp":"41000","adresse":"1 rue duguay trouin","nom":"Market blois chavy","marque":"Carrefour Market"},{"id":"41000019","commune":"BLOIS","cp":"41000","adresse":"107, avenue de vendome","nom":"RELAIS ANNE DE BRETAGNE","marque":"TotalEnergies Access"},{"id":"41000007","commune":"BLOIS","cp":"41000","adresse":"15 rue du bout des haies","nom":"SOBLEDIS","marque":"Leclerc"},{"id":"41000014","commune":"BLOIS","cp":"41000","adresse":"Rue edouard branly","nom":"Station Avia","marque":"Avia"},{"id":"41120002","commune":"CHAILLES","cp":"41120","adresse":"Rue de la liberation","nom":"INTERMARCHE CHAILLES","marque":"Intermarche"},{"id":"41320002","commune":"CHATRES SUR CHER","cp":"41320","adresse":"88 rue nationale","nom":"Utile Chatres sur cher","marque":"Systeme U"},{"id":"41600007","commune":"CHAUMONT-SUR-THARONNE","cp":"41600","adresse":"Aire de chaumont sur tharonne, autoroute a71","nom":"ENI AIRE DE CHAUMONT SUR THARONNE","marque":"ENI"},{"id":"41600004","commune":"CHAUMONT-SUR-THARONNE","cp":"41600","adresse":"Autoroute a 71","nom":"ESSO LA FERTE ST AUBIN","marque":"Esso"},{"id":"41400001","commune":"CHISSAY-EN-TOURAINE","cp":"41400","adresse":"Rue de chenonceaux","nom":"Super U CHISSAY EN TOURAINE","marque":"Systeme U"},{"id":"41700006","commune":"CONTRES","cp":"41700","adresse":"16 avenue du general de gaulle","nom":"SARL GARAGE PAUGOY","marque":"TotalEnergies"},{"id":"41700004","commune":"CONTRES","cp":"41700","adresse":"69 route de cheverny","nom":"Super U CONTRES","marque":"Systeme U"},{"id":"41360003","commune":"EPUISAY","cp":"41360","adresse":"Route du mans","nom":"GARAGE DE LA GRANGE","marque":"Elan"},{"id":"41400004","commune":"FAVEROLLES-SUR-CHER","cp":"41400","adresse":"Centre commercial montparnasse","nom":"Carrefour Market","marque":"Carrefour Market"},{"id":"41190002","commune":"HERBAULT","cp":"41190","adresse":"Zone commerciale de la valstiere","nom":"INTERMARCHE","marque":"Intermarche"},{"id":"41370001","commune":"JOSNES","cp":"41370","adresse":"Route de mer","nom":"EURL GARAGE HURAULT","marque":"Elan"},{"id":"41260001","commune":"LA CHAUSSEE-SAINT-VICTOR","cp":"41260","adresse":"1 route nationale 152","nom":"Carrefour Market","marque":"Carrefour Market"},{"id":"41260005","commune":"LA CHAUSSEE-SAINT-VICTOR","cp":"41260","adresse":"Bd des deportes - angle rue des merisiers / av deportes","nom":"ESSO EXPRESS LA CHAUSSEE SAINT VICTOR","marque":"Esso Express"},{"id":"41600001","commune":"LAMOTTE-BEUVRON","cp":"41600","adresse":"20 rue gaugiran","nom":"Carrefour Market","marque":"Carrefour Market"},{"id":"41600005","commune":"LAMOTTE-BEUVRON","cp":"41600","adresse":"93 avenue de vierzon","nom":"INTERMARCHE LAMOTTE BEUVRON","marque":"Intermarche"},{"id":"41600006","commune":"LAMOTTE-BEUVRON","cp":"41600","adresse":"5 av. de l'hotel de ville","nom":"RELAIS DU BEUVRON","marque":"TotalEnergies"},{"id":"41370004","commune":"MARCHENOIR","cp":"41370","adresse":"Route de blois","nom":"Marchenoir - CCBVL","marque":"Independant sans enseigne"},{"id":"41500001","commune":"MER","cp":"41500","adresse":"Rte de blois","nom":"Super U MER","marque":"Systeme U"},{"id":"41170002","commune":"MONDOUBLEAU","cp":"41170","adresse":"Route de cloyes","nom":"Super U MONDOUBLEAU","marque":"Systeme U"},{"id":"41800003","commune":"MONTOIRE SUR LE LOIR","cp":"41800","adresse":"14 boulevard mermoz","nom":"U EXPRESS","marque":"Systeme U"},{"id":"41800002","commune":"MONTOIRE-SUR-LE-LOIR","cp":"41800","adresse":"Avenue de la paix","nom":"INTERMARCHE MONTOIRE SUR LE LOIR","marque":"Intermarche"},{"id":"41250001","commune":"MONT-PRES-CHAMBORD","cp":"41250","adresse":"45, rue des morines","nom":"INTERMARCHE MONT PRES CHAMBORD","marque":"Intermarche"},{"id":"41400006","commune":"MONTRICHARD","cp":"41400","adresse":"60 route de tours","nom":"ESSO EXPRESS MONTRICHARD SAINT LUC","marque":"Esso Express"},{"id":"41160001","commune":"MOREE","cp":"41160","adresse":"Za la varenne","nom":"Smg distribution","marque":"Carrefour Contact"},{"id":"41230001","commune":"MUR-DE-SOLOGNE","cp":"41230","adresse":"341, route de blois","nom":"SARL JBK AUTOS MOTOS","marque":"TotalEnergies"},{"id":"41210000","commune":"NEUNG-SUR-BEUVRON","cp":"41210","adresse":"Lieu-dit la croute","nom":"Carrefour Contact","marque":"Carrefour Contact"},{"id":"41140004","commune":"NOYERS-SUR-CHER","cp":"41140","adresse":"12 rue andre boulle. za les plantes","nom":"INTERMARCHE NOYERS SUR CHER","marque":"Intermarche"},{"id":"41400007","commune":"PONTLEVOY","cp":"41400","adresse":"63 route de montrichard","nom":"Carrefour Contact Pontlevoy","marque":"Carrefour Contact"},{"id":"41200009","commune":"PRUNIERS-EN-SOLOGNE","cp":"41200","adresse":"Autoroute a85 - aire de romorantin","nom":"RELAIS DE ROMORANTIN","marque":"TotalEnergies"},{"id":"41200006","commune":"PRUNIERS-EN-SOLOGNE","cp":"41200","adresse":"La brigaudiere","nom":"Super U  PRUNIERS EN SOLOGNE","marque":"Systeme U"},{"id":"41200001","commune":"ROMORANTIN-LANTHENAY","cp":"41200","adresse":"Zac de plaisance","nom":"Carrefour Romorantin","marque":"Carrefour"},{"id":"41200002","commune":"ROMORANTIN-LANTHENAY","cp":"41200","adresse":"4 avenue de villefranche","nom":"LE RELAIS DE VILLEFRANCHE","marque":"TOTAL"},{"id":"41200003","commune":"ROMORANTIN-LANTHENAY","cp":"41200","adresse":"81 avenue de paris","nom":"SORODIS","marque":"Leclerc"},{"id":"41200010","commune":"ROMORANTIN-LANTHENAY","cp":"41200","adresse":"1 rue des chardonnes","nom":"SORODIS","marque":"Leclerc"},{"id":"41200005","commune":"ROMORANTIN-LANTHENAY","cp":"41200","adresse":"La brigaudiere","nom":"SUPER U ROMORANTIN","marque":"Systeme U"},{"id":"41110001","commune":"SAINT-AIGNAN","cp":"41110","adresse":" impasse des terres rouges","nom":"Super U ST AIGNAN SUR CHER","marque":"Systeme U"},{"id":"41400002","commune":"SAINT-GEORGES-SUR-CHER","cp":"41400","adresse":"Rn 76","nom":"SARL RELAIS DES CARRIERES","marque":"TotalEnergies"},{"id":"41220001","commune":"SAINT-LAURENT-NOUAN","cp":"41220","adresse":"Avenue de sologne","nom":"Super U ST LAURENT NOUAN","marque":"Systeme U"},{"id":"41100002","commune":"SAINT-OUEN","cp":"41100","adresse":"Rn10 71 route de paris","nom":"CITROEN VENDOME BIGOT AUTO","marque":"TotalEnergies"},{"id":"41300001","commune":"SALBRIS","cp":"41300","adresse":"74 bd republique","nom":"Carrefour Market","marque":"Carrefour Market"},{"id":"41300002","commune":"SALBRIS","cp":"41300","adresse":"Avenue de la resistance","nom":"Super U SALBRIS","marque":"Systeme U"},{"id":"41360005","commune":"SAVIGNY-SUR-BRAYE","cp":"41360","adresse":"5 bis avenue de la braye","nom":"Utile","marque":"Systeme U"},{"id":"41130003","commune":"SELLES-SUR-CHER","cp":"41130","adresse":"Avenue cher sologne","nom":"Super U SELLES SUR CHER","marque":"Systeme U"},{"id":"41300008","commune":"THEILLAY","cp":"41300","adresse":"Autoroute a71, sens paris-vierzon","nom":"Aire de Salbris-Theillay","marque":"Avia"},{"id":"41300007","commune":"THEILLAY","cp":"41300","adresse":"A71 - aire de salbris la loge","nom":"Avia Salbris la Loge","marque":"Avia"},{"id":"41100003","commune":"VENDOME","cp":"41100","adresse":"Route national 10","nom":"Carrefour Market","marque":"Carrefour Market"},{"id":"41100005","commune":"VENDOME","cp":"41100","adresse":"Route de blois la pierre levee","nom":"INTERMARCHE VENDOME","marque":"Intermarche"},{"id":"41100004","commune":"VENDOME","cp":"41100","adresse":"74 rue de courtiras","nom":"Leclerc Vendome","marque":"Leclerc"},{"id":"41100006","commune":"VENDOME","cp":"41100","adresse":"35, avenue gerard yvon","nom":"RELAIS DU VAL DE LOIRE","marque":"TotalEnergies Access"},{"id":"41150005","commune":"VEUZAIN SUR LOIRE","cp":"41150","adresse":"35 rue gustave marc","nom":"Intermarche Onzain","marque":"Intermarche"},{"id":"41000001","commune":"VILLEBAROU","cp":"41000","adresse":"Route de vendome","nom":"CORA BLOIS","marque":"CORA"},{"id":"41000021","commune":"VILLERBON","cp":"41000","adresse":"A10 aire de blois menars","nom":"Esso Blois Menars","marque":"Esso"},{"id":"41000005","commune":"VILLERBON","cp":"41000","adresse":"A10 - aire de blois-villerbon","nom":"SARL ROUX","marque":"Shell"},{"id":"41350001","commune":"VINEUIL","cp":"41350","adresse":"Zi les gats de coeur","nom":"AUCHAN","marque":"Auchan"},{"id":"41350003","commune":"VINEUIL","cp":"41350","adresse":"Rue paul valery","nom":"INTERMARCHE VINEUIL","marque":"Intermarche"},{"id":"41350007","commune":"VINEUIL","cp":"41350","adresse":"D 174","nom":"RELAIS VINEUIL DENIS PAPIN 1","marque":"TotalEnergies Access"},{"id":"41350008","commune":"VINEUIL","cp":"41350","adresse":"Cd 174","nom":"RELAIS VINEUIL DENIS PAPIN 2","marque":"TotalEnergies Access"}]}