{"numero":"16","stations":[{"id":"16021001","commune":"ANGOULEME","cp":"16000","adresse":"5 avenue paul desfarges","nom":"ANGOULEME LECLERC","marque":"Leclerc"},{"id":"16000004","commune":"ANGOULEME","cp":"16000","adresse":"186 rue de saintes","nom":"INTERMARCHE ANGOULEME","marque":"Intermarche"},{"id":"16000005","commune":"ANGOULEME","cp":"16000","adresse":"Boulevard jean moulin","nom":"INTERMARCHE ANGOULEME - CC PLEIN SUD","marque":"Intermarche"},{"id":"16000009","commune":"ANGOULEME","cp":"16000","adresse":"Bd du 8 mai 1945","nom":"RELAIS ANGOULEME RUBEMPRE","marque":"TotalEnergies"},{"id":"16000008","commune":"ANGOULEME","cp":"16000","adresse":"430 route de bordeaux","nom":"RELAIS ANGOULEME SILLAC STAR","marque":"TotalEnergies Access"},{"id":"16500006","commune":"ANSAC-SUR-VIENNE","cp":"16500","adresse":"Le cerisier de la barre","nom":"Centr'Auto Confolentais","marque":"Esso"},{"id":"16360002","commune":"BAIGNES-SAINTE-RADEGONDE","cp":"16360","adresse":"Route de barbezieux cd 14","nom":"INTERMARCHE BAIGNES","marque":"Intermarche"},{"id":"16300004","commune":"BARBEZIEUX-SAINT-HILAIRE","cp":"16300","adresse":"Avenue de l'europe","nom":"INTERMARCHE BARBEZIEUX","marque":"Intermarche"},{"id":"16300005","commune":"BARBEZIEUX-SAINT-HILAIRE","cp":"16300","adresse":"Avenue de l'europe","nom":"LECLERC BARBEZIEUX Europe","marque":"Leclerc"},{"id":"16300001","commune":"BARBEZIEUX-SAINT-HILAIRE","cp":"16300","adresse":"Lieu-dit plaisance","nom":"SAS ENA","marque":"TotalEnergies"},{"id":"16250001","commune":"BLANZAC-PORCHERESSE","cp":"16250","adresse":"Aux naulets pereuil","nom":"CARREFOUR CONTACT SARL ZETIMARCEL","marque":"Carrefour Contact"},{"id":"16150004","commune":"CHABANAIS","cp":"16150","adresse":"Rn 141","nom":"RELAIS CHANTALOUETTE","marque":"Elan"},{"id":"16150003","commune":"CHABANAIS","cp":"16150","adresse":"Za de chassat","nom":"Super U CHABANAIS","marque":"Systeme U"},{"id":"16210001","commune":"CHALAIS","cp":"16210","adresse":"Rue de la tude","nom":"INTERMARCHE CHALAIS","marque":"Intermarche"},{"id":"16350001","commune":"CHAMPAGNE-MOUTON","cp":"16350","adresse":"Rue sapin vert","nom":"CARREFOUR CONTACT","marque":"Carrefour Contact"},{"id":"16430006","commune":"CHAMPNIERS","cp":"16430","adresse":"Rn 10 les grandes chaumes","nom":"AUCHAN CHAMPNIERS (ANGOULEME)","marque":"Auchan"},{"id":"16430004","commune":"CHAMPNIERS","cp":"16430","adresse":"Za les montagnes les plantes neuves","nom":"INTERMARCHE CHAMPNIERS","marque":"Intermarche"},{"id":"16430005","commune":"CHAMPNIERS","cp":"16430","adresse":"Rn 10 - les chauvauds","nom":"RELAIS LES CHAUVAUDS","marque":"TotalEnergies Access"},{"id":"16260002","commune":"CHASSENEUIL-SUR-BONNIEURE","cp":"16260","adresse":"2 rue de la gare","nom":"INTERMARCHE SAS BELEOKING","marque":"Intermarche"},{"id":"16260001","commune":"CHASSENEUIL-SUR-BONNIEURE","cp":"16260","adresse":"Route d'angouleme","nom":"SARL AGENCE DE LA TOISON D'OR","marque":"TotalEnergies"},{"id":"16100001","commune":"CHATEAUBERNARD","cp":"16100","adresse":"40 rue de l'annisserie","nom":"AUCHAN CHATEAUBERNARD","marque":"Auchan"},{"id":"16120004","commune":"CHATEAUNEUF-SUR-CHARENTE","cp":"16120","adresse":"Place de la gare - 3 bld gambetta","nom":"CARREFOUR CONTACT - SA HELACAS","marque":"Carrefour Contact"},{"id":"16120001","commune":"CHATEAUNEUF-SUR-CHARENTE","cp":"16120","adresse":"Route de blanzac","nom":"Super U CHATEAUNEUF SUR CHARENTE","marque":"Systeme U"},{"id":"16100005","commune":"COGNAC","cp":"16100","adresse":"220 avenue victor hugo","nom":"AVIA PICOTY ENERGIES SERVICES","marque":"Avia"},{"id":"16100004","commune":"COGNAC","cp":"16100","adresse":"105 rue basse saint-martin","nom":"COGNAC DISTRIBUTION","marque":"Leclerc"},{"id":"16100006","commune":"COGNAC","cp":"16100","adresse":"20 avenue des saintes","nom":"INTERMARCHE COGNAC","marque":"Intermarche"},{"id":"16100007","commune":"COGNAC","cp":"16100","adresse":"70 rue de l'echassier","nom":"INTERMARCHE CONTACT COGNAC","marque":"Intermarche Contact"},{"id":"16100008","commune":"COGNAC","cp":"16100","adresse":"43 place de la corderie","nom":"RELAIS COGNAC CORDERIE STAR","marque":"TotalEnergies"},{"id":"16500002","commune":"CONFOLENS","cp":"16500","adresse":"Avenue du 8 mai 1945","nom":"INTERMARCHE","marque":"Intermarche"},{"id":"16500005","commune":"CONFOLENS","cp":"16500","adresse":"2 rue arnaud beltrame - za du pre de l'etang","nom":"Intermarche Confolens","marque":"Intermarche"},{"id":"16320005","commune":"EDON","cp":"16320","adresse":"La foret  rte de perigueux","nom":"STATION 24/24","marque":"INDEPENDANT"},{"id":"16730001","commune":"FLEAC","cp":"16730","adresse":"2 avenue des plantes","nom":"GARAGE CHAUVEAU SARL","marque":"Avia"},{"id":"16160001","commune":"GOND-PONTOUVRE","cp":"16160","adresse":"Route de paris","nom":"AVIA PICOTY ENERGIES","marque":"Avia"},{"id":"16200003","commune":"JARNAC","cp":"16200","adresse":"Avenue de l'europe","nom":"INTERMARCHE JARNAC","marque":"Intermarche"},{"id":"16200005","commune":"JARNAC","cp":"16200","adresse":"40 avenue general leclerc","nom":"NACJAR 2 Intermarche","marque":"Intermarche"},{"id":"16200001","commune":"JARNAC","cp":"16200","adresse":"Avenue d'ecosse","nom":"U Express Coop Atlantique Jarnac","marque":"Systeme U"},{"id":"16400001","commune":"LA COURONNE","cp":"16400","adresse":"Route de bordeaux","nom":"AUCHAN ANGOULEME","marque":"Auchan"},{"id":"16400002","commune":"LA COURONNE","cp":"16400","adresse":"96 avenue de la gare","nom":"Super U Coop Atlantique La Couronne","marque":"Systeme U"},{"id":"16110004","commune":"LA ROCHEFOUCAULD","cp":"16110","adresse":"18 boulevard du 8 mai","nom":"ETS BORDIER","marque":"AVIA"},{"id":"16110005","commune":"LA ROCHEFOUCAULD","cp":"16110","adresse":"22 rue faubourg tete noire","nom":"SIGESS CLD/STATION ESSO","marque":"Esso"},{"id":"16110001","commune":"LA ROCHEFOUCAULD","cp":"16110","adresse":"Route de limoges","nom":"SODIROCHE","marque":"Leclerc"},{"id":"16730002","commune":"LINARS","cp":"16730","adresse":"15 route des boisdons - le maine deliot","nom":"INTERMARCHE  LINARS","marque":"Intermarche"},{"id":"16340002","commune":"L'ISLE-D'ESPAGNAC","cp":"16340","adresse":"250 avenue de la republique","nom":"ESSO EXPRESS ISLE D ESPAGNAC","marque":"Esso Express"},{"id":"16230004","commune":"MANSLE","cp":"16230","adresse":"Avenue paul mairat","nom":"Avia XPress Picoty Reseau","marque":"Avia"},{"id":"16230002","commune":"MANSLE","cp":"16230","adresse":"Rue grange du chapitre","nom":"Super U Coop Atlantique Mansle","marque":"Systeme U"},{"id":"16220001","commune":"MONTBRON","cp":"16220","adresse":"Place de l'hotel de ville","nom":"INTERMARCHE MONTBRON","marque":"Intermarche"},{"id":"16190001","commune":"MONTMOREAU-SAINT-CYBARD","cp":"16190","adresse":"58 avenue de l augoumois","nom":"Super U Coop Atlantique Montmoreau","marque":"Systeme U"},{"id":"16360001","commune":"REIGNAC","cp":"16360","adresse":"Rn 10","nom":"LAUTRET SA","marque":"TotalEnergies"},{"id":"16170001","commune":"ROUILLAC","cp":"16170","adresse":"Route de genac","nom":"Super U ROUILLAC","marque":"Systeme U"},{"id":"16270003","commune":"ROUMAZIERES-LOUBERT","cp":"16270","adresse":"122 rue nationale","nom":"INTERMARCHE ROUMAZIERES LOUBERT","marque":"Intermarche"},{"id":"16270001","commune":"ROUMAZIERES-LOUBERT","cp":"16270","adresse":"Rue des paleines","nom":"U Express Coop Atlantique Roumazieres","marque":"Systeme U"},{"id":"16600001","commune":"RUELLE-SUR-TOUVRE","cp":"16600","adresse":"Avenue foch","nom":"INTERMARCHE RUELLE","marque":"Intermarche"},{"id":"16700002","commune":"RUFFEC","cp":"16700","adresse":"Rn 10","nom":"DUPE TROLL RUFFEC","marque":"Shell"},{"id":"16700004","commune":"RUFFEC","cp":"16700","adresse":"Avenue du professeur girard","nom":"INTERMARCHE RUFFEC","marque":"Intermarche"},{"id":"16700003","commune":"RUFFEC","cp":"16700","adresse":"Route d'aigre ","nom":"RUDIS","marque":"Leclerc"},{"id":"16330001","commune":"SAINT-AMANT-DE-BOIXE","cp":"16330","adresse":"Route de mansle","nom":"INTERMARCHE","marque":"Intermarche"},{"id":"16710001","commune":"SAINT-YRIEIX-SUR-CHARENTE","cp":"16710","adresse":"183 rue de saint jean d'angely","nom":"Super U Coop Atlantique St Yrieix/Charente","marque":"Systeme U"},{"id":"16130002","commune":"SEGONZAC","cp":"16130","adresse":"Route de cognac","nom":"INTERMARCHE SEGONZAC","marque":"Intermarche"},{"id":"16800001","commune":"SOYAUX","cp":"16800","adresse":"Ave du general de gaulle","nom":"CARREFOUR SOYAUX","marque":"Carrefour"},{"id":"16320003","commune":"VILLEBOIS-LAVALETTE","cp":"16320","adresse":"1 route de  sigalaud","nom":"Super U VILLEBOIS LAVALETTE","marque":"Systeme U"},{"id":"16700007","commune":"VILLEGATS","cp":"16700","adresse":"Rn10 aire des groies","nom":"Dyneff Groies","marque":"Dyneff"},{"id":"16140002","commune":"VILLEJESUS","cp":"16140","adresse":"2 clos chabot","nom":"CARREFOUR CONTACT","marque":"Carrefour Contact"}]}