{"numero":"03","stations":[{"id":"3360001","commune":"AINAY-LE-CHATEAU","cp":"03360","adresse":"Rue du pave","nom":"Intermarche","marque":"Intermarche"},{"id":"3000003","commune":"AVERMES","cp":"03000","adresse":"2 rue alphonse daudet","nom":"SA AVERMES DISTRIBUTION","marque":"Leclerc"},{"id":"3000006","commune":"AVERMES","cp":"03000","adresse":"Zac les portes de l'allier","nom":"Station les portes de l'Allier - SAS Avermes Distribution","marque":"Leclerc"},{"id":"3700004","commune":"BELLERIVE-SUR-ALLIER","cp":"03700","adresse":"Rue rhin et danube","nom":"BELLERIVEDIS","marque":"Leclerc"},{"id":"3700002","commune":"BELLERIVE-SUR-ALLIER","cp":"03700","adresse":"22 avenue de la republique","nom":"Relais Lagarde Bellerive","marque":"TotalEnergies"},{"id":"3160001","commune":"BOURBON-L'ARCHAMBAULT","cp":"03160","adresse":"Avenue emile guillaumin","nom":"Market","marque":"Carrefour Market"},{"id":"3110003","commune":"BROUT-VERNET","cp":"03110","adresse":"24 village des combes","nom":"STATION AVIA","marque":"Avia"},{"id":"3350002","commune":"CERILLY","cp":"03350","adresse":"Avenue jean jaures","nom":"CARREFOUR CONTACT","marque":"Carrefour Contact"},{"id":"3110001","commune":"CHARMEIL","cp":"03110","adresse":"19 route de saint-pourcain","nom":"Charmeil","marque":"TotalEnergies"},{"id":"3600001","commune":"COMMENTRY","cp":"03600","adresse":"Avenue edouard vaillant","nom":"Carrefour Market","marque":"Carrefour Market"},{"id":"3600003","commune":"COMMENTRY","cp":"03600","adresse":"La brande malicorne","nom":"INTERMARCHE COMMENTRY MALICORNE","marque":"Intermarche"},{"id":"3600004","commune":"COMMENTRY","cp":"03600","adresse":"12 rue jean jacques rousseau","nom":"STATION TOTAL ROCHE PETROLIER","marque":"TotalEnergies"},{"id":"3430001","commune":"COSNE-D'ALLIER","cp":"03430","adresse":"Route de herisson","nom":"Market","marque":"Carrefour Market"},{"id":"3300003","commune":"CUSSET","cp":"03300","adresse":"Rue des peupliers","nom":"CARREFOUR","marque":"Carrefour"},{"id":"3300001","commune":"CUSSET","cp":"03300","adresse":"Rte de charmeil","nom":"Carrefour Market","marque":"Carrefour Market"},{"id":"3300002","commune":"CUSSET","cp":"03300","adresse":"24 rue de la republique","nom":"Relais Lagarde Cusset","marque":"TotalEnergies"},{"id":"3630004","commune":"DESERTINES","cp":"03630","adresse":"51 rue de la republique","nom":"MARKET DESERTINES","marque":"Carrefour Market"},{"id":"3630003","commune":"DESERTINES","cp":"03630","adresse":"12 rue ambroise croizat","nom":"RELAIS CHATELARD","marque":"TotalEnergies Access"},{"id":"3240003","commune":"DEUX-CHAISES","cp":"03240","adresse":"Route de longeville","nom":"relais de DEUX CHAISES","marque":"TotalEnergies"},{"id":"3410001","commune":"DOMERAT","cp":"03410","adresse":"65 avenue des martyrs","nom":"AUCHAN CARBURANT MONTLUCON DOMERAT","marque":"Auchan"},{"id":"3410007","commune":"DOMERAT","cp":"03410","adresse":"61 avenue des martyrs","nom":"ESSO EXPRESS DOMERAT TERRE NEUVE","marque":"Esso Express"},{"id":"3410008","commune":"DOMERAT","cp":"03410","adresse":"Rue de la cheveche","nom":"LECLERC CHATEAUGAY","marque":"Leclerc"},{"id":"3290003","commune":"DOMPIERRE SUR BESBRE","cp":"03290","adresse":"223 rue nationale","nom":"ESSO GARAGE MICHAUD","marque":"Esso"},{"id":"3290002","commune":"DOMPIERRE SUR BESBRE","cp":"03290","adresse":"464 route de diou","nom":"SUPER U","marque":"Systeme U"},{"id":"3290001","commune":"DOMPIERRE-SUR-BESBRE","cp":"03290","adresse":"La chapelle","nom":"DOMPIERRE SUR BESBRE","marque":"Avia"},{"id":"3100006","commune":"DOYET","cp":"03170","adresse":"A71 aire de l'allier saulzet (sens province paris)","nom":"Avia","marque":"Avia"},{"id":"3170001","commune":"DOYET","cp":"03170","adresse":"A71 aire de l'allier doyet(sens paris province)","nom":"Avia","marque":"Avia"},{"id":"3450001","commune":"EBREUIL","cp":"03450","adresse":"Za les varennes","nom":"CMN","marque":"Independant sans enseigne"},{"id":"3800003","commune":"GANNAT","cp":"03800","adresse":"Avenue de la gare","nom":"AUCHAN SUPERMARCHE","marque":"Auchan"},{"id":"3800009","commune":"GANNAT","cp":"03800","adresse":"1 avenue des portes occitanes","nom":"CARREFOUR MARKET","marque":"Carrefour Market"},{"id":"3800004","commune":"GANNAT","cp":"03800","adresse":"6 avenue p.mendes france","nom":"Relais Lagarde Gannat MENDES FRANCE","marque":"TotalEnergies"},{"id":"3800005","commune":"GANNAT","cp":"03800","adresse":"77 rue des capucins","nom":"Relais Lagarde Paris Lozere","marque":"TotalEnergies"},{"id":"3800006","commune":"GANNAT","cp":"03800","adresse":"12 avenue des portes occitanes","nom":"SAS SAIVE","marque":"Intermarche"},{"id":"3380002","commune":"HURIEL","cp":"03380","adresse":"Rue calaubys","nom":"INTERMARCHE HURIEL","marque":"Intermarche Contact"},{"id":"3380001","commune":"LA CHAPELAUDE","cp":"03380","adresse":"Relais des tartasses","nom":"MME CARTERON COLETTE","marque":"TotalEnergies"},{"id":"3120001","commune":"LAPALISSE","cp":"03120","adresse":"94 rue president roosevelt","nom":"AGIP LAPALISSE - STATION CANTAT","marque":"ENI"},{"id":"3120004","commune":"LAPALISSE","cp":"03120","adresse":"Zac les pres de la grand route","nom":"Aire des verites","marque":"Total Access"},{"id":"3120002","commune":"LAPALISSE","cp":"03120","adresse":"Rue de verdun","nom":"Carrefour Market","marque":"Carrefour Market"},{"id":"3120003","commune":"LAPALISSE","cp":"03120","adresse":"Avenue jean masse","nom":"INTERMARCHE LAPALISSE","marque":"Intermarche"},{"id":"3120005","commune":"LAPALISSE","cp":"03120","adresse":"1 avenue du 8 mai 1945","nom":"LAPALISSE ESSENCE","marque":"Independant sans enseigne"},{"id":"3130002","commune":"LE DONJON","cp":"03130","adresse":"11 avenue preveraud","nom":"STATION DONJONNAISE","marque":"Dyneff"},{"id":"3250002","commune":"LE MAYET-DE-MONTAGNE","cp":"03250","adresse":"Route des ferrieres","nom":"INTERMARCHE LE MAYET DE MONTAGNE","marque":"Intermarche"},{"id":"3320001","commune":"LURCY-LEVIS","cp":"03320","adresse":"Route de moulins","nom":"AVIA XPRESS","marque":"AVIA"},{"id":"3100001","commune":"MONTLUCON","cp":"03100","adresse":"Quai ledru rollin","nom":"CARREFOUR MONTLUCON","marque":"Carrefour"},{"id":"3100009","commune":"MONTLUCON","cp":"03100","adresse":"106 avenue john kennedy","nom":"ENI FRANCE  RELAIS SAINT JEAN","marque":"ENI FRANCE"},{"id":"3100008","commune":"MONTLUCON","cp":"03100","adresse":"Rue de la rotonde","nom":"INTERMARCHE MONTLUCON","marque":"Intermarche"},{"id":"3100010","commune":"MONTLUCON","cp":"03100","adresse":"Avenue jules guesde","nom":"INTERMARCHE MONTLUCON","marque":"Intermarche"},{"id":"3100007","commune":"MONTLUCON","cp":"03100","adresse":"345 avenue president auriol","nom":"LECLERC EXPRESS","marque":"Leclerc"},{"id":"3100005","commune":"MONTLUCON","cp":"03100","adresse":"Avenue pierre villon","nom":"Marais-Dis","marque":"Leclerc"},{"id":"3100002","commune":"MONTLUCON","cp":"03100","adresse":"52 rue paul constans","nom":"Relais Lagarde Montlucon","marque":"TotalEnergies"},{"id":"3390003","commune":"MONTMARAULT","cp":"03390","adresse":"Route de moulins","nom":"CARREFOUR MARKET","marque":"Carrefour Market"},{"id":"3390004","commune":"MONTMARAULT","cp":"03390","adresse":"Route de moulins","nom":"sas mpm - ENI","marque":"ENI"},{"id":"3000001","commune":"MOULINS","cp":"03000","adresse":"169 route de lyon","nom":"CARREFOUR MOULINS","marque":"Carrefour"},{"id":"3000004","commune":"MOULINS","cp":"03000","adresse":"Le pre-vert","nom":"Dubois-Dallois Station TOTAL","marque":"TotalEnergies"},{"id":"3000005","commune":"MOULINS","cp":"03000","adresse":"16 route de montilly","nom":"INTERMARCHE MOULINS","marque":"Intermarche"},{"id":"3310002","commune":"NERIS-LES-BAINS","cp":"03310","adresse":"Route de clermont","nom":"SARL ADOL NERIS LES BAINS","marque":"Intermarche"},{"id":"3260001","commune":"SAINT-GERMAIN-DES-FOSSES","cp":"03260","adresse":"8 rue pierre semard","nom":"INTERMARCHE CONTACT","marque":"Intermarche"},{"id":"3500002","commune":"SAINT-POURCAIN-SUR-SIOULE","cp":"03500","adresse":"Route de montmarault","nom":"Carrefour Market","marque":"Carrefour Market"},{"id":"3500005","commune":"SAINT-POURCAIN-SUR-SIOULE","cp":"03500","adresse":"Route de gannat","nom":"DATS ST POURCAIN SUR SIOULE","marque":"Colruyt"},{"id":"3500003","commune":"SAINT-POURCAIN-SUR-SIOULE","cp":"03500","adresse":"Quartier tivoli","nom":"Relais de la Sioule Total Lagarde","marque":"TotalEnergies"},{"id":"3500006","commune":"SAINT-POURCAIN-SUR-SIOULE","cp":"03500","adresse":"168 route de gannat","nom":"Station total access Relais des Beaumenus","marque":"TotalEnergies Access"},{"id":"3410004","commune":"SAINT-VICTOR","cp":"03410","adresse":"Route de paris","nom":"EURL BITEZ","marque":"ENI"},{"id":"3410009","commune":"SAINT-VICTOR","cp":"03410","adresse":"Lieu-dit la loue","nom":"LECLERC LA LOUE","marque":"Leclerc"},{"id":"3270001","commune":"SAINT-YORRE","cp":"03270","adresse":"3 rue du bois des jarraux","nom":"Carrefour Market","marque":"Carrefour Market"},{"id":"3500004","commune":"SAULCET","cp":"03500","adresse":"4 rue armand queroy","nom":"RELAIS PARIS PYRENEES","marque":"Avia"},{"id":"3390005","commune":"SAZERET","cp":"03390","adresse":"40 allee de la pause","nom":"Avia Montmarault","marque":"Avia"},{"id":"3210001","commune":"SOUVIGNY","cp":"03210","adresse":"1 route de cosne","nom":"INTERMARCHE CONTACT  SOUVIGNY","marque":"Intermarche Contact"},{"id":"3400005","commune":"TOULON SUR ALLIER","cp":"03400","adresse":"Zone artisanale du larry","nom":"SHELL TOULON","marque":"Shell"},{"id":"3400006","commune":"TOULON-SUR-ALLIER","cp":"03400","adresse":"Domaine des sannes","nom":"Fulli - Aire du Bourbonnais A79","marque":"Fulli"},{"id":"3190005","commune":"VALLON EN SULLY","cp":"03190","adresse":"1 route de montlucon","nom":"CARREFOUR CONTACT VALLON EN SULLY","marque":"Carrefour Contact"},{"id":"3150008","commune":"VARENNES SUR ALLIER","cp":"03150","adresse":"37 avenue de lyon","nom":"AVIA XPRESS VARENNES SUR ALLIER","marque":"Avia"},{"id":"3150005","commune":"VARENNES-SUR-ALLIER","cp":"03150","adresse":"98 avenue de chazeuil","nom":"Carrefour Market","marque":"Carrefour Market"},{"id":"3150007","commune":"VARENNES-SUR-ALLIER","cp":"03150","adresse":"90 avenue de chazeuil","nom":"PowerFuel 24/24 - LIDL","marque":"Powerfuel"},{"id":"3150006","commune":"VARENNES-SUR-ALLIER","cp":"03150","adresse":"11 av de chazeuil","nom":"RELAIS DU VAL D'ALLIER","marque":"Avia"},{"id":"3150001","commune":"VARENNES-SUR-ALLIER","cp":"03150","adresse":"66, avenue de chazeuil","nom":"Relais Lagarde Varennes","marque":"TotalEnergies"},{"id":"3200005","commune":"VICHY","cp":"03200","adresse":"Allee des ailes","nom":"CORA VICHY","marque":"CORA"},{"id":"3200003","commune":"VICHY","cp":"03200","adresse":"48 avenue de gramont","nom":"Relais de Gramont","marque":"TotalEnergies"},{"id":"3200002","commune":"VICHY","cp":"03200","adresse":"57 avenue poincare","nom":"Relais Total du Vernet","marque":"TotalEnergies"},{"id":"3400004","commune":"YZEURE","cp":"03400","adresse":"Rd12 zone la plaine bodin - 65 route de montbeugny","nom":"CARREFOUR MARKET","marque":"Carrefour Market"},{"id":"3400003","commune":"YZEURE","cp":"03400","adresse":"28 rue bergeron-vebret","nom":"RELAIS BEAU SOLEIL","marque":"Avia"},{"id":"3400001","commune":"YZEURE","cp":"03400","adresse":"28, route de lyon","nom":"Relais Lagarde Yzeure","marque":"TotalEnergies"}]}