{"numero":"38","stations":[{"id":"38580004","commune":"ALLEVARD","cp":"38580","adresse":"88 route de montouvrard","nom":"Station-service Carrefour Contact","marque":"Carrefour Contact"},{"id":"38750001","commune":"ALPE D'HUEZ","cp":"38750","adresse":"55 entree est - zac des berger","nom":"CARBEL","marque":"CARBEL"},{"id":"38490005","commune":"AOSTE","cp":"38490","adresse":"420 route de belley","nom":"SAS CYRQUEN","marque":"Intermarche"},{"id":"38490006","commune":"AOSTE","cp":"38490","adresse":"3390 route de belley","nom":"SNC STATION SERVICE LES 3D","marque":"TotalEnergies"},{"id":"38140005","commune":"APPRIEU","cp":"38140","adresse":"Parc d'activites bievre dauphine, 305 rue du grand-champ","nom":"INTERMARCHE APPRIEU","marque":"Intermarche"},{"id":"38550002","commune":"AUBERIVES SUR VAREZE","cp":"38550","adresse":"Route nationale 7","nom":"Station U Auberives","marque":"Systeme U"},{"id":"38880002","commune":"AUTRANS","cp":"38880","adresse":"190 chemin de champ bernard","nom":"TOTAL","marque":"Elan"},{"id":"38530005","commune":"BARRAUX","cp":"38530","adresse":"Rn 90","nom":"SAS MAXELI","marque":"Intermarche"},{"id":"38270005","commune":"BEAUREPAIRE","cp":"38270","adresse":"170 avenue d'auenwald","nom":"CARREFOUR MARKET BEAUREPAIRE","marque":"Carrefour Market"},{"id":"38330002","commune":"BIVIERS","cp":"38330","adresse":"Chemin des evequaux","nom":"ESSO BIVIERS","marque":"Esso Express"},{"id":"38300021","commune":"BOURGOIN","cp":"38300","adresse":"Le rivet","nom":"INTERMARCHE LE RIVET","marque":"Intermarche"},{"id":"38300018","commune":"BOURGOIN JALLIEU","cp":"38300","adresse":"37 av.alsace lorraine","nom":"RELAIS LES BERJALLIENS","marque":"TotalEnergies"},{"id":"38300008","commune":"BOURGOIN-JALLIEU","cp":"38300","adresse":"Avenue henri barbusse","nom":"BOURGOIN DISTRIBUTION","marque":"Leclerc"},{"id":"38300023","commune":"BOURGOIN-JALLIEU","cp":"38300","adresse":"2 route de lyon","nom":"ENI BOURGOIN route de lyon","marque":"ENI"},{"id":"38300004","commune":"BOURGOIN-JALLIEU","cp":"38300","adresse":"45 av alsace lorraine","nom":"ESSO BOURGOIN","marque":"Esso Express"},{"id":"38300022","commune":"BOURGOIN-JALLIEU","cp":"38300","adresse":"25 rue pontcottier","nom":"FUELFORPLANET Bourgoin","marque":"FUELFORPLANET"},{"id":"38300020","commune":"BOURGOIN-JALLIEU","cp":"38300","adresse":"3 avenue du rivet","nom":"Supeco Bourgoin","marque":"Carrefour Market"},{"id":"38150005","commune":"CHANAS","cp":"38150","adresse":"Za le parc du soleil - route nationale 7","nom":"INTERMARCHE CHANAS","marque":"Intermarche"},{"id":"38150003","commune":"CHANAS","cp":"38150","adresse":"Rn 7","nom":"SAS ANTON AUTOMOBILES","marque":"Dyneff"},{"id":"38530004","commune":"CHAPAREILLAN","cp":"38530","adresse":"Chemin des noyers","nom":"SAS CHAPANEY","marque":"Intermarche"},{"id":"38490004","commune":"CHARANCIEU","cp":"38490","adresse":"130 rn 75","nom":"INTERMARCHE CHARANCIEU","marque":"Intermarche"},{"id":"38850002","commune":"CHARAVINES","cp":"38850","adresse":"810 rue principale","nom":"GARAGE HENRI CHABOUD","marque":"TotalEnergies"},{"id":"38230005","commune":"CHARVIEU-CHAVAGNEUX","cp":"38230","adresse":"Route des perves","nom":"CHARVIEU / TIGNIEUDIS","marque":"Leclerc"},{"id":"38670002","commune":"CHASSE SUR RHONE","cp":"38670","adresse":"Zi de l'islon","nom":"SHELL CHASSE","marque":"Shell"},{"id":"38670003","commune":"CHASSE-SUR-RHONE","cp":"38670","adresse":"1515 avenue mistral","nom":"INTERMARCHE CHASSE SUR RHONE","marque":"Intermarche"},{"id":"38160002","commune":"CHATTE","cp":"38160","adresse":"Zi les gameux","nom":"ISERE DISTRIBUTION","marque":"Leclerc"},{"id":"38640001","commune":"CLAIX","cp":"38640","adresse":"Avenue de la ridelet","nom":"Carrefour Market","marque":"Carrefour Market"},{"id":"38930001","commune":"CLELLES EN TRIEVES","cp":"38930","adresse":"Rd 1075 - 964 route de sisteron","nom":"STATION SERVICE  AUTOMAT 24/24 LA REMISE","marque":"DKV UTA Automa"},{"id":"38690006","commune":"COLOMBE","cp":"38690","adresse":"Parc d activite bievre dauphine - 250 route de rives","nom":"SUPER U Colombe","marque":"Systeme U"},{"id":"38630003","commune":"CORBELIN","cp":"38630","adresse":"520, avenue des freres joseph et marcel guiguet","nom":"CORBEDIS U EXPRESS","marque":"Systeme U"},{"id":"38970000","commune":"CORPS","cp":"38970","adresse":"Route napoleon","nom":"Station Total NOVALOC - RIVIERE","marque":"TotalEnergies"},{"id":"38460002","commune":"CREMIEU","cp":"38460","adresse":"Route de lyon","nom":"Carrefour Market","marque":"Carrefour Market"},{"id":"38830001","commune":"CRETS-EN-BELLEDONNE","cp":"38830","adresse":"Rue du champ sappey","nom":"DATS ST PIERRE D'ALLEVARD","marque":"Colruyt"},{"id":"38190005","commune":"CROLLES","cp":"38190","adresse":"Z i de crollesrue de belledonne","nom":"AUCHAN SUPERMARCHE CROLLES","marque":"Auchan"},{"id":"38920002","commune":"CROLLES","cp":"38920","adresse":"431 avenue ambroise-croizat","nom":"CARREFOUR MARKET","marque":"Carrefour Market"},{"id":"38790003","commune":"DIEMOZ","cp":"38790","adresse":"2 chemin de grange neuve","nom":"carrefour contact","marque":"Carrefour Contact"},{"id":"38300009","commune":"DOMARIN","cp":"38300","adresse":"178 route de lyon","nom":"INTERMARCHE DOMARIN","marque":"Intermarche"},{"id":"38420003","commune":"DOMENE","cp":"38420","adresse":"1 avenue aristide berges","nom":"INTERMARCHE DOMENE","marque":"Intermarche"},{"id":"38431001","commune":"ECHIROLLES","cp":"38130","adresse":"Voie ndeg 24 villeneuve echirolles","nom":"CARREFOUR ECHIROLLES","marque":"Carrefour"},{"id":"38130002","commune":"ECHIROLLES","cp":"38130","adresse":"8 place grande moucherolle","nom":"ECHIROLLES DISTRIBUTION","marque":"Leclerc"},{"id":"38380001","commune":"ENTRE-DEUX-GUIERS","cp":"38380","adresse":"Route de st laurent du pont","nom":"NETTO","marque":"Netto"},{"id":"38320003","commune":"EYBENS","cp":"38320","adresse":"40 avenue jean jaures","nom":"ENI EYBENS","marque":"ENI"},{"id":"38320002","commune":"EYBENS","cp":"38320","adresse":"128 avenue jean jaures","nom":"ESSO EYBENS (VAL D')","marque":"Esso Express"},{"id":"38320006","commune":"EYBENS","cp":"38320","adresse":"Rocade sud","nom":"RELAIS D'EYBENS","marque":"TotalEnergies"},{"id":"38600003","commune":"FONTAINE","cp":"38600","adresse":"120 boulevard paul langevin","nom":"AUCHAN FONTAINE (GRENOBLE)","marque":"Auchan"},{"id":"38190001","commune":"FROGES","cp":"38190","adresse":"Route departementale 523 bois de chalimbeaud","nom":"Carrefour Market","marque":"Carrefour Market"},{"id":"38610001","commune":"GIERES","cp":"38610","adresse":"14 avenue esclangon","nom":"SARL GGE GARCIA","marque":"TotalEnergies"},{"id":"38000018","commune":"GRENOBLE","cp":"38000","adresse":"32 avenue rhin et danube","nom":"ENI AVENUE RHIN ET DANUBE","marque":"ENI"},{"id":"38100003","commune":"GRENOBLE","cp":"38100","adresse":"117 rue de stalingrad","nom":"ESSO GRENOBLE BELLEDONNE","marque":"Esso"},{"id":"38000015","commune":"GRENOBLE","cp":"38000","adresse":"3 av du marechal randon","nom":"ESSO GRENOBLE CHARTREUSE CARREFOUR EXPRESS","marque":"Esso"},{"id":"38100013","commune":"GRENOBLE","cp":"38100","adresse":"23-27 brd joseph vallier","nom":"ESSO GRENOBLE VERCORS CARREFOUR EXPRESS","marque":"Esso"},{"id":"38100012","commune":"GRENOBLE","cp":"38100","adresse":"1 bd marechal foch","nom":"RELAIS FOCH","marque":"TotalEnergies"},{"id":"38100015","commune":"GRENOBLE","cp":"38100","adresse":"5 avenue jean perrot","nom":"STATION SERVICE ENI","marque":"ENI"},{"id":"38540001","commune":"HEYRIEUX","cp":"38540","adresse":"Zac les brosses","nom":"INTERMARCHE HEYRIEUX","marque":"Intermarche"},{"id":"38260007","commune":"LA COTE-SAINT-ANDRE","cp":"38260","adresse":"36 avenue aristide briand","nom":"INTERMARCHE LA COTE ST ANDRE","marque":"Intermarche"},{"id":"38260005","commune":"LA COTE-SAINT-ANDRE","cp":"38260","adresse":"Rue salpetriere","nom":"MARKET LA COTE SAINT ANDRE","marque":"Carrefour Market"},{"id":"38260004","commune":"LA COTE-SAINT-ANDRE","cp":"38260","adresse":"2935 chemin de la voie ferree","nom":"STATION SERVICE COTOISE","marque":"TotalEnergies"},{"id":"38260003","commune":"LA FRETTE","cp":"38260","adresse":"Rn 85","nom":"GARAGE TOZLANIAN","marque":"TotalEnergies"},{"id":"38260002","commune":"LA FRETTE","cp":"38260","adresse":"510 route de grenoble","nom":"SARL  TRAPIER FRERES","marque":"TotalEnergies"},{"id":"38350004","commune":"LA MURE","cp":"38350","adresse":"Zi les marais rn 85","nom":"INTERMARCHE LA MURE","marque":"Intermarche"},{"id":"38350001","commune":"LA MURE","cp":"38350","adresse":"26 avenue du docteur tagnard","nom":"SA LAMUREDIS","marque":"Systeme U"},{"id":"38350005","commune":"LA MURE","cp":"38350","adresse":"Avenue du 22 aout 1944","nom":"STATION TOTALENERGIES","marque":"TotalEnergies"},{"id":"38110002","commune":"LA TOUR-DU-PIN","cp":"38110","adresse":"23 rue pasteur","nom":"STATION TOTAL","marque":"TotalEnergies"},{"id":"38700001","commune":"LA TRONCHE","cp":"38700","adresse":"3 passage ricou","nom":"LES SABLONS","marque":"Esso"},{"id":"38700003","commune":"LA TRONCHE","cp":"38700","adresse":"Avenue de verdun","nom":"TOTAL ACCESS LA TRONCHE","marque":"TotalEnergies Access"},{"id":"38290003","commune":"LA VERPILLIERE","cp":"38290","adresse":"347 avenue de la liberation","nom":"ALEP SAS","marque":"TotalEnergies"},{"id":"38290005","commune":"LA VERPILLIERE","cp":"38290","adresse":"Rue de picardie / boulevard de la noiree","nom":"Station U","marque":"Systeme U"},{"id":"38520001","commune":"LE BOURG-D'OISANS","cp":"38520","adresse":"30 route du puy - rd 1091","nom":"BOURG D'O ST LAURENT","marque":"TotalEnergies"},{"id":"38520005","commune":"LE BOURG-D'OISANS","cp":"38520","adresse":"Le pre des roches","nom":"SAS CALAO 200","marque":"Intermarche"},{"id":"38570003","commune":"LE CHEYLAS","cp":"38570","adresse":"Lieu dit le rompay rd523","nom":"NETTO LE CHEYLAS","marque":"Intermarche Contact"},{"id":"38142001","commune":"LE FRENEY-D'OISANS","cp":"38142","adresse":"Rd 1091","nom":"AVIA","marque":"Avia"},{"id":"38690007","commune":"LE GRAND LEMPS","cp":"38690","adresse":"Autoroute a 48 gare de peage","nom":"ENI RIVES","marque":"ENI"},{"id":"38550001","commune":"LE PEAGE-DE-ROUSSILLON","cp":"38550","adresse":"Rue bellefontaine","nom":"INTERMARCHE -SAS SARDA-","marque":"Intermarche"},{"id":"38480005","commune":"LE PONT-DE-BEAUVOISIN","cp":"38480","adresse":"Autoroute a 43 romagnieu","nom":"AVIA ROMAGNIEU","marque":"Avia"},{"id":"38490012","commune":"LES ABRETS EN DAUPHINE","cp":"38490","adresse":"Rue de la republique","nom":"CARREFOUR MARKET LES ABRETS","marque":"Carrefour Market"},{"id":"38490010","commune":"LES ABRETS EN DAUPHINE","cp":"38490","adresse":"Rn75  84 rue gambetta","nom":"SARL ROMTIN STATION AVIA","marque":"Avia"},{"id":"38630005","commune":"LES AVENIERES VEYRINS THUELLIN","cp":"38630","adresse":"74 route de jalerieu","nom":"INTERMARCHE LES AVENIERES","marque":"Intermarche"},{"id":"38860001","commune":"LES DEUX-ALPES","cp":"38860","adresse":"8 avenue de la muzelle","nom":"CARBEL","marque":"CARBEL"},{"id":"38660001","commune":"LE TOUVET","cp":"38660","adresse":"Route nationale 90","nom":"SAS Garage Poulat","marque":"TotalEnergies"},{"id":"38660002","commune":"LE TOUVET","cp":"38660","adresse":"Rn90","nom":"STATION DYNEFF LE TOUVET","marque":"Dyneff"},{"id":"38420004","commune":"LE VERSOUD","cp":"38420","adresse":"102 route de grenoble","nom":"L'ETAPE","marque":"TotalEnergies"},{"id":"38080007","commune":"L'ISLE-D'ABEAU","cp":"38080","adresse":"A43 aire de l'isle-d'abeau sud","nom":"AVIA SARL KARADEMIR","marque":"Avia"},{"id":"38080003","commune":"L'ISLE-D'ABEAU","cp":"38080","adresse":"25 rue des sayes","nom":"CARREFOUR L'ISLE D'ABEAU","marque":"Carrefour"},{"id":"38080006","commune":"L'ISLE-D'ABEAU","cp":"38080","adresse":"Autoroute a43 - aire l'isle d'abeau nord","nom":"RELAIS L'ISLE D'ABEAU NORD","marque":"TotalEnergies"},{"id":"38260008","commune":"MARCILLOLES","cp":"38260","adresse":"1070 avenue des alpes","nom":"STATION TOTAL / AGENT CITROEN","marque":"TotalEnergies"},{"id":"38710003","commune":"MENS","cp":"38710","adresse":"218 rue docteur senebier","nom":"GARAGE CENTRAL DU TRIEVES","marque":"TotalEnergies"},{"id":"38240004","commune":"MEYLAN","cp":"38240","adresse":"45 avenue des sept laux","nom":"AGIP MEYLAN 7 LAUX","marque":"ENI"},{"id":"38240003","commune":"MEYLAN","cp":"38240","adresse":"1 boulevard des alpes","nom":"CARREFOUR GRENOBLE MEYLAN","marque":"Carrefour"},{"id":"38240006","commune":"MEYLAN","cp":"38240","adresse":"Rn 87","nom":"RELAIS DE MEYLAN","marque":"TotalEnergies Access"},{"id":"38430001","commune":"MOIRANS","cp":"38430","adresse":"8 rue carnot","nom":"Carrefour Market","marque":"Carrefour Market"},{"id":"38430002","commune":"MOIRANS","cp":"38430","adresse":"8 route de grenoble","nom":"ESSO MOIRANS","marque":"Esso Express"},{"id":"38430004","commune":"MOIRANS","cp":"38430","adresse":"211 rue vincent martin","nom":"SAS VALICIA","marque":"Intermarche"},{"id":"38650003","commune":"MONESTIER-DE-CLERMONT","cp":"38650","adresse":"1 grand rue","nom":"LA REMISE CB DKV UTA","marque":"AUTOMAT DKVUTA"},{"id":"38110006","commune":"MONTALIEU-VERCIEU","cp":"38390","adresse":"151 grande  rue","nom":"MARKET MONTALIEU VERCIEU","marque":"Carrefour Market"},{"id":"38510004","commune":"MORESTEL","cp":"38510","adresse":"166 route d'argent","nom":"STATION AVIA PELLET NORD ISERE CITROEN","marque":"Avia"},{"id":"38510005","commune":"MORESTEL","cp":"38510","adresse":"1080 rue paul claudel","nom":"SUPER U MORESTEL","marque":"Systeme U"},{"id":"38780003","commune":"OYTIER ST OBLAS","cp":"38780","adresse":"3725 route du peage","nom":"utile oytier st oblas","marque":"UTILE"},{"id":"38510003","commune":"PASSINS","cp":"38510","adresse":"Lieu-dit  le lanthey passins","nom":"INTERMARCHE MORESTEL","marque":"Intermarche"},{"id":"38530001","commune":"PONTCHARRA","cp":"38530","adresse":"Avenue de la gare","nom":"SUPER U","marque":"Systeme U"},{"id":"38480006","commune":"PONT DE BEAUVOISIN","cp":"38480","adresse":"Chemin de l'avenir","nom":"E.LECLERC","marque":"Leclerc"},{"id":"38230001","commune":"PONT-DE-CHERUY","cp":"38230","adresse":"Rue des aubepines","nom":"Market","marque":"Carrefour Market"},{"id":"38800003","commune":"PONT-DE-CLAIX","cp":"38800","adresse":"96 cours st andre","nom":"RELAIS VILLANCOURT","marque":"TotalEnergies Access"},{"id":"38780001","commune":"PONT-EVEQUE","cp":"38780","adresse":"Rue joseph grenouillet","nom":"Carrefour Market","marque":"Carrefour Market"},{"id":"38140009","commune":"RENAGE","cp":"38140","adresse":"Za le plan, 180 rue du 8 mai 1945","nom":"SAS MABRILY","marque":"Netto"},{"id":"38270003","commune":"REVEL-TOURDAN","cp":"38270","adresse":"4 chemin de l etang girard rd 538","nom":"SUPER U REVEL-TOURDAN","marque":"Systeme U"},{"id":"38140001","commune":"RIVES","cp":"38140","adresse":"151 rue de la chartreuse","nom":"Carrefour Market","marque":"Carrefour Market"},{"id":"38480007","commune":"ROMAGNIEU","cp":"38480","adresse":"Autouroute a43 sens chambery - lyon","nom":"Aire du Guiers","marque":"Esso"},{"id":"69340003","commune":"ROUSSILLON","cp":"38150","adresse":"Autoroute a7","nom":"SHELL ROUSSILLON","marque":"Shell"},{"id":"38150012","commune":"ROUSSILLON","cp":"38150","adresse":"9001 avenue jacques prevert","nom":"Station U","marque":"Systeme U"},{"id":"38300001","commune":"RUY-MONTCEAU","cp":"38300","adresse":"126 chemin de rosiere (anciennement la plaine)","nom":"Carrefour Market","marque":"Carrefour Market"},{"id":"38890002","commune":"SAINT-CHEF","cp":"38890","adresse":"130 voie des contamines","nom":"CARREFOUR CONTACT SAINT CHEF","marque":"Carrefour Contact"},{"id":"38110001","commune":"SAINT-CLAIR-DE-LA-TOUR","cp":"38110","adresse":"Avenue de savoie","nom":"Carrefour Market","marque":"Carrefour Market"},{"id":"38370003","commune":"SAINT-CLAIR-DU-RHONE","cp":"38370","adresse":"Route de condrieu","nom":"S.A.S. CLAIRIDIS","marque":"Leclerc"},{"id":"38120001","commune":"SAINT-EGREVE","cp":"38120","adresse":"1 rue des abattoirs","nom":"CARREFOUR Saint-Egreve","marque":"Carrefour"},{"id":"38120002","commune":"SAINT-EGREVE","cp":"38120","adresse":"7 route de lyon","nom":"GARAGE DU ROCHER","marque":"TotalEnergies"},{"id":"38590001","commune":"SAINT-ETIENNE-DE-SAINT-GEOIRS","cp":"38590","adresse":"2 chemin de la pierre zone commerciale","nom":"SUPER U","marque":"Systeme U"},{"id":"38620002","commune":"SAINT-GEOIRE-EN-VALDAINE","cp":"38620","adresse":"Zi la thuery","nom":"Carrefour Express","marque":"Carrefour Express"},{"id":"38460005","commune":"SAINT HILAIRE DE BRENS","cp":"38460","adresse":"219 route de cremieu","nom":"MANCIPOZ","marque":"MANCIPOZ"},{"id":"38440004","commune":"SAINT JEAN DE BOURNAY","cp":"38440","adresse":"174 route des echarrieresquartier depot","nom":"AUCHAN SUPERMARCHE SAINT-JEAN-DE-BOURNAY","marque":"Auchan"},{"id":"38440003","commune":"SAINT-JEAN-DE-BOURNAY","cp":"38440","adresse":"51 route nationale","nom":"INTERMARCHE ST JEAN DE BOURNAY","marque":"Intermarche"},{"id":"38430003","commune":"SAINT-JEAN-DE-MOIRANS","cp":"38430","adresse":"Chemin du monteuil","nom":"Carrefour Market","marque":"Carrefour Market"},{"id":"38110004","commune":"SAINT-JEAN-DE-SOUDAIN","cp":"38110","adresse":"Route de bourgoin","nom":"INTERMARCHE ST JEAN DE SOUDAIN","marque":"Intermarche"},{"id":"38540002","commune":"SAINT-JUST-CHALEYSSIN","cp":"38540","adresse":"415 route du concordat","nom":"STATION AT.PG","marque":"Independant sans enseigne"},{"id":"38380002","commune":"SAINT-LAURENT-DU-PONT","cp":"38380","adresse":"28, avenue de la gare","nom":"GARAGE COTTAVE","marque":"Dyneff"},{"id":"38380003","commune":"SAINT-LAURENT-DU-PONT","cp":"38380","adresse":"293, avenue victor hugo","nom":"INTERMARCHE ST LAURENT DU PONT","marque":"Intermarche"},{"id":"38160006","commune":"SAINT-MARCELLIN","cp":"38160","adresse":"2 avenue de romans","nom":"SARL ROMTIN","marque":"Avia"},{"id":"38400005","commune":"SAINT-MARTIN-D'HERES","cp":"38400","adresse":"Rue du pre ruffier","nom":"ESSO  Saint-Martin-d'Heres LE MURIER","marque":"Esso Express"},{"id":"38400006","commune":"SAINT-MARTIN-D'HERES","cp":"38400","adresse":"76 av. gabriel peri","nom":"INTERMARCHE SAINT MARTIN D'HERES","marque":"Intermarche"},{"id":"38190004","commune":"SAINT-NAZAIRE-LES-EYMES","cp":"38330","adresse":"Autoroute a 41","nom":"ESSO DU GRESIVAUDAN","marque":"Esso"},{"id":"38330006","commune":"SAINT-NAZAIRE-LES-EYMES","cp":"38330","adresse":"Aire de saint nazaire les eymes","nom":"SAS LGC","marque":"Avia"},{"id":"38070001","commune":"SAINT-QUENTIN-FALLAVIER","cp":"38070","adresse":"Rue des muguets","nom":"Carrefour Market","marque":"Carrefour Market"},{"id":"38160003","commune":"SAINT-SAUVEUR","cp":"38160","adresse":"28, route de grenoble","nom":"SAS SAUDIDRO","marque":"Intermarche"},{"id":"38870001","commune":"SAINT-SIMEON-DE-BRESSIEUX","cp":"38870","adresse":"Le bizolle","nom":"INTERMARCHE ST SIMEON BRESSIEUX","marque":"Intermarche"},{"id":"38150001","commune":"SALAISE-SUR-SANNE","cp":"38150","adresse":"165 rn7","nom":"CARREFOUR SALAISE","marque":"Carrefour"},{"id":"38150011","commune":"SALAISE-SUR-SANNE","cp":"38150","adresse":"Rn7 les perriers","nom":"ESSO EXPRESS SALAISE","marque":"Esso Express"},{"id":"38150010","commune":"SALAISE-SUR-SANNE","cp":"38150","adresse":"601 route nationale 7","nom":"RELAIS SALAISE SUR SANNE","marque":"TotalEnergies Access"},{"id":"38360001","commune":"SASSENAGE","cp":"38360","adresse":"Rue du 19 mars 1962","nom":"Carrefour Market","marque":"Carrefour Market"},{"id":"38360006","commune":"SASSENAGE","cp":"38360","adresse":"31 avenue de romans","nom":"RELAIS SASSENAGE AV.DE ROMANS","marque":"TotalEnergies Access"},{"id":"38290006","commune":"SATOLAS-ET-BONCE","cp":"38290","adresse":"83 route de bourbre","nom":"Sas station matenzo","marque":"Avia"},{"id":"38170004","commune":"SEYSSINET","cp":"38170","adresse":"115 avenue de la republique","nom":"RELAIS DU DRAC","marque":"TotalEnergies Access"},{"id":"38180001","commune":"SEYSSINS","cp":"38180","adresse":"112 rue de la liberte","nom":"INTERMARCHE SEYSSINS","marque":"Intermarche"},{"id":"38270006","commune":"ST BARTHELEMY DE BEAUREPAIRE","cp":"38270","adresse":"Lieu dit le suzon","nom":"INTERMARCHE ST BARTHELEMY","marque":"Intermarche"},{"id":"38300024","commune":"ST SAVIN","cp":"38300","adresse":"155 rue de la bascule","nom":"garage de saint savin","marque":"TotalEnergies Access"},{"id":"38350006","commune":"SUSVILLE","cp":"38350","adresse":"Z.i de la mure","nom":"Netto SUSVILLE","marque":"Netto"},{"id":"38570005","commune":"TENCIN","cp":"38570","adresse":"Lieu-dit 'la tuilerie' - avenue du gresivaudan, d523","nom":"Station U Express Tencin","marque":"Systeme U"},{"id":"38230002","commune":"TIGNIEU-JAMEYZIEU","cp":"38230","adresse":"48 route de cremieu","nom":"ATR AUTO","marque":"TotalEnergies"},{"id":"38230003","commune":"TIGNIEU-JAMEYZIEU","cp":"38230","adresse":"Rue des ardennes","nom":"TIGNIEU-JAMEYZIEU / TIGNIEUDIS","marque":"Leclerc"},{"id":"38210001","commune":"TULLINS","cp":"38210","adresse":"Route de saint-quentin s/ isere","nom":"Carrefour Market","marque":"Carrefour Market"},{"id":"38210004","commune":"TULLINS","cp":"38210","adresse":"Avenue de la contamine","nom":"INTERMARCHE TULLINS","marque":"Intermarche"},{"id":"38210003","commune":"TULLINS","cp":"38210","adresse":"Route de saint-quentin","nom":"STATION DE LA PLAINE","marque":"Avia"},{"id":"38760004","commune":"VARCES-ALLIERES-ET-RISSET","cp":"38760","adresse":"Zac du champ st ange","nom":"ENI VARCES","marque":"ENI"},{"id":"38113001","commune":"VEUREY-VOROIZE","cp":"38113","adresse":"Route de valence","nom":"Esso Service Voroize","marque":"ESSO"},{"id":"38630004","commune":"VEYRINS-THUELLIN","cp":"38630","adresse":"Route des avenieres","nom":"DATS VEYRINS-THUELLIN","marque":"Colruyt"},{"id":"38510006","commune":"VEZERONCE-CURTIN","cp":"38510","adresse":"230 route de la chartreuse","nom":"AUCHAN SUPERMARCHE VEZERONCE-CURTIN","marque":"Auchan"},{"id":"38200017","commune":"VIENNE","cp":"38200","adresse":"19 avenue berthelot","nom":"Carrefour Market Vienne Estressin","marque":"Carrefour Market"},{"id":"38200007","commune":"VIENNE","cp":"38200","adresse":"Za de la gere","nom":"INTERMARCHE VIENNE","marque":"Intermarche"},{"id":"38200019","commune":"VIENNE","cp":"38200","adresse":"2 rue du colonel arnaud beltrame","nom":"MONOPRIX VIENDIS","marque":"Monoprix"},{"id":"38200014","commune":"VIENNE","cp":"38200","adresse":"14 cours de verdun","nom":"Relais du Champ de Mars","marque":"TotalEnergies"},{"id":"38200018","commune":"VIENNE","cp":"38200","adresse":"16 boulevard des alpes","nom":"RELAIS TOTAL ST BENOIT","marque":"TotalEnergies Access"},{"id":"38200004","commune":"VIENNE","cp":"38200","adresse":"Chemin des lones","nom":"VIENNEDIS","marque":"Leclerc"},{"id":"38450002","commune":"VIF","cp":"38450","adresse":"95 rue champollion","nom":"FLASH SERVICES","marque":"Dyneff"},{"id":"38250003","commune":"VILLARD-DE-LANS","cp":"38250","adresse":"531 avenue du general de gaulle","nom":"GARAGE DE LA BOURNE","marque":"Avia"},{"id":"38250002","commune":"VILLARD-DE-LANS","cp":"38250","adresse":"190 rue des machurons zone des geymonds","nom":"INTERMARCHE VILLARD-DE-LANS","marque":"Intermarche"},{"id":"38090005","commune":"VILLEFONTAINE","cp":"38090","adresse":"45 rue emile romanet","nom":"SAS DALORENZO - NETTO","marque":"Netto"},{"id":"38090004","commune":"VILLEFONTAINE","cp":"38090","adresse":"62 avenue de la verpilliere","nom":"STATION AVIA /TABAC DES ROCHES","marque":"Avia"},{"id":"38460004","commune":"VILLEMOIRIEU","cp":"38460","adresse":"Route de satolas","nom":"ALLAROUSSE Combustible","marque":"Independant sans enseigne"},{"id":"38280001","commune":"VILLETTE-D'ANTHON","cp":"38280","adresse":"Rue des diamants","nom":"SAS ANTHORIMEL","marque":"Intermarche"},{"id":"38200016","commune":"VILLETTE-DE-VIENNE","cp":"38200","adresse":"80 chemin de maupas","nom":"LANGOUSTIER","marque":"Intermarche"},{"id":"38470003","commune":"VINAY","cp":"38470","adresse":"2375 route de grenoble","nom":"CARRON ET CIE","marque":"TotalEnergies"},{"id":"38470002","commune":"VINAY","cp":"38470","adresse":"123 avenue de la gare","nom":"SUPER U","marque":"Systeme U"},{"id":"38980001","commune":"VIRIVILLE","cp":"38980","adresse":"497 route de chatenay","nom":"STATION TOTAL","marque":"TotalEnergies"},{"id":"38220003","commune":"VIZILLE","cp":"38220","adresse":"315 rue ambroise croizat","nom":"INTERMARCHE VIZILLE","marque":"Intermarche"},{"id":"38220002","commune":"VIZILLE","cp":"38220","adresse":"Avenue maurice thorez","nom":"VIZILLE STATION LETELLIER","marque":"TotalEnergies"},{"id":"38500003","commune":"VOIRON","cp":"38500","adresse":"Boulevard edgar kofler","nom":"AUCHAN SUPERMARCHE","marque":"Auchan"},{"id":"38500001","commune":"VOIRON","cp":"38500","adresse":"Z.a des blanchisseries","nom":"CARREFOUR","marque":"Carrefour"},{"id":"38500008","commune":"VOIRON","cp":"38500","adresse":"38 rue general rambeaud","nom":"CARREFOUR MARKET VOIRON COLOMBIER","marque":"Carrefour Market"},{"id":"38500005","commune":"VOIRON","cp":"38500","adresse":"Av du 8 mai 1945","nom":"ESSO VOIRON","marque":"Esso Express"},{"id":"38500007","commune":"VOIRON","cp":"38500","adresse":"5 avenue docteur valois","nom":"RELAIS VOIRON VALOIS","marque":"TotalEnergies Access"},{"id":"38500006","commune":"VOIRON","cp":"38500","adresse":"7 rue de l'industrie","nom":"U DRIVE VOIRON","marque":"Systeme U"},{"id":"38340018","commune":"VOREPPE","cp":"38340","adresse":"A48 aire ile rose","nom":"ENI A48 AIRE ILE ROSE","marque":"ENI"},{"id":"38340013","commune":"VOREPPE","cp":"38340","adresse":"1159 avenue de juin 1940","nom":"RELAIS DE LA ROIZE","marque":"TotalEnergies Access"},{"id":"38340012","commune":"VOREPPE","cp":"38340","adresse":"Rn 75 crue de moirans","nom":"RELAIS DES BALMES","marque":"TotalEnergies Access"},{"id":"38340011","commune":"VOREPPE","cp":"38340","adresse":"Autoroute a48 - aire de voreppe","nom":"RELAIS VOREPPE","marque":"TotalEnergies"},{"id":"38340006","commune":"VOREPPE","cp":"38340","adresse":"400 av de juin 1940","nom":"STATION U / SA CHARANDIS","marque":"Systeme U"},{"id":"38340015","commune":"VOREPPE","cp":"38340","adresse":"129 avenue simone veil - avenue du 11 novembre","nom":"SUPER U VOREPPE","marque":"SUPER U"}]}