{"numero":"05","stations":[{"id":"5200005","commune":"BARATIER","cp":"05200","adresse":"Zone commerciale","nom":"CENTRE AUTO VIANOR FIORANI MYLENE","marque":"VIANOR"},{"id":"5200004","commune":"BARATIER","cp":"05200","adresse":"Route nationale 94 route nationale 94","nom":"INTERMARCHE EMBRUN","marque":"Intermarche"},{"id":"5200009","commune":"BARATIER","cp":"05200","adresse":"Rn 94 le petit liou","nom":"STATION 3E","marque":"TotalEnergies"},{"id":"5100004","commune":"BRIANCON","cp":"05100","adresse":"Centre commercial sud","nom":"Carrefour Market","marque":"Carrefour Market"},{"id":"5100008","commune":"BRIANCON","cp":"05100","adresse":"Av. du dauphine","nom":"RELAIS GDE BOUCLE","marque":"TotalEnergies Access"},{"id":"5260001","commune":"CHABOTTES","cp":"05260","adresse":"Rn. 544 plaine de chabottes","nom":"MR. RANGUIS J.P.","marque":"TotalEnergies"},{"id":"5350001","commune":"CHATEAU-VILLE-VIEILLE","cp":"05350","adresse":"Rn 547","nom":"LE RELAIS DE CHARPENEL","marque":"Elan"},{"id":"5230003","commune":"CHORGES","cp":"05230","adresse":"Place de la gare","nom":"INTERMARCHE CHORGES","marque":"Intermarche"},{"id":"5230007","commune":"CHORGES","cp":"05230","adresse":"Rn 94 la grande ile","nom":"RELAIS CHORGES","marque":"TotalEnergies Access"},{"id":"5230008","commune":"CHORGES","cp":"05230","adresse":"Rn 94 la grande ile","nom":"RELAIS CHORGES 2","marque":"TotalEnergies Access"},{"id":"5200007","commune":"EMBRUN","cp":"05200","adresse":"Avenue justin gras","nom":"AVIA EURL SATINE","marque":"Avia"},{"id":"5200001","commune":"EMBRUN","cp":"05200","adresse":"Zone d'entraigues","nom":"SUPER U","marque":"Systeme U"},{"id":"5600005","commune":"EYGLIERS","cp":"05600","adresse":"Rn 94","nom":"INTERMARCHE","marque":"Intermarche"},{"id":"5260002","commune":"FOREST-SAINT-JULIEN","cp":"05260","adresse":"Pre du cros","nom":"SASU ELIE PELLEGRIN","marque":"SASU PELLEGRIN"},{"id":"5000005","commune":"GAP","cp":"05000","adresse":"Route de barcelonnette","nom":"AUCHAN","marque":"Auchan"},{"id":"5000010","commune":"GAP","cp":"05000","adresse":"Avenue de provence","nom":"ESSO FONT REYNE","marque":"Esso Express"},{"id":"5000008","commune":"GAP","cp":"05000","adresse":"10 avenue du commandant dumont","nom":"INTERMARCHE GAP","marque":"Intermarche"},{"id":"5000019","commune":"GAP","cp":"05000","adresse":"28, boulevard d'orient","nom":"Intermarche Hyper","marque":"Intermarche"},{"id":"5000017","commune":"GAP","cp":"05000","adresse":"46 av. de provence","nom":"RELAIS CHARANCE","marque":"TotalEnergies"},{"id":"5000018","commune":"GAP","cp":"05000","adresse":"10 av.guillaume farel","nom":"RELAIS PUYMAURE","marque":"TotalEnergies"},{"id":"5000006","commune":"GAP","cp":"05000","adresse":"Route des fauvins","nom":"SUDALP","marque":"Leclerc"},{"id":"5600006","commune":"GUILLESTRE","cp":"05600","adresse":"Porte du queyras","nom":"Carrefour market","marque":"Carrefour Market"},{"id":"5600002","commune":"GUILLESTRE","cp":"05600","adresse":"Le villard","nom":"INTERMARCHE GUILLESTRE","marque":"Intermarche"},{"id":"5500001","commune":"LA FARE-EN-CHAMPSAUR","cp":"05500","adresse":"Les barraques rn85","nom":"INTERMARCHE LA FARE EN CHAMPSAUR","marque":"Intermarche"},{"id":"5300005","commune":"LARAGNE MONTEGLIN","cp":"05300","adresse":"1 rue du maquis morvan","nom":"NETTO LARAGNE","marque":"Netto"},{"id":"5300003","commune":"LARAGNE-MONTEGLIN","cp":"05300","adresse":"Centre commercial le plan","nom":"INTERMARCHE LARAGNE","marque":"Intermarche"},{"id":"5300001","commune":"LARAGNE-MONTEGLIN","cp":"05300","adresse":"50 avenue de provence","nom":"SAS RRL REINAUDI","marque":"TotalEnergies"},{"id":"5120002","commune":"L'ARGENTIERE-LA-BESSEE","cp":"05120","adresse":"Place de la mairie","nom":"CARREFOUR CONTACT L ARGENTIERE LA BESSEE","marque":"Carrefour Contact"},{"id":"5240004","commune":"LA SALLE LES ALPES","cp":"05240","adresse":"60 rue de la guisane","nom":"Le relais de la vallee","marque":"Carrefour"},{"id":"5240003","commune":"LA SALLE-LES-ALPES","cp":"05240","adresse":"Le moulin baron","nom":"STATION AVIA","marque":"avia"},{"id":"5220001","commune":"LE MONETIER-LES-BAINS","cp":"05220","adresse":"Rd 1091 lieu-dit \"pre-bagnols\"","nom":"LECLERC","marque":"Leclerc"},{"id":"5100009","commune":"MONTGENEVRE","cp":"05100","adresse":"Rn 94","nom":"LECLERC","marque":"Leclerc"},{"id":"5190002","commune":"REMOLLON","cp":"05190","adresse":"Les graves","nom":"SUPER U","marque":"Systeme U"},{"id":"5500002","commune":"SAINT-BONNET-EN-CHAMPSAUR","cp":"05500","adresse":"Za du moulin","nom":"SAINT BONNET EN CHAMPSAUR","marque":"Carrefour Market"},{"id":"5120003","commune":"SAINT-MARTIN-DE-QUEYRIERES","cp":"05120","adresse":"Rn 94 lieu-dit pont la lame","nom":"LECLERC","marque":"Leclerc"},{"id":"5160001","commune":"SAVINES-LE-LAC","cp":"05160","adresse":"Avenue de la combe d'or","nom":"SUPER U","marque":"Systeme U"},{"id":"5700002","commune":"SERRES","cp":"05700","adresse":"Rd 1075- quartier les chambons","nom":"Station-service Les Chambons","marque":"Independant sans enseigne"},{"id":"5700001","commune":"SERRES","cp":"05700","adresse":"138 chemin de l'isclamare","nom":"U EXPRESS","marque":"Systeme U"},{"id":"5130002","commune":"TALLARD","cp":"05130","adresse":"230 avenue pierre bernard reymond","nom":"INTERMARCHE TALLARD","marque":"Intermarche"},{"id":"5130004","commune":"TALLARD","cp":"05130","adresse":"Av de provence","nom":"Station U Tallard","marque":"Systeme U"},{"id":"5560002","commune":"VARS","cp":"05560","adresse":"Saint marcellin","nom":"VIA-ALTITUDE","marque":"Avia"},{"id":"5400004","commune":"VEYNES","cp":"05400","adresse":"Route de gap","nom":"MARKET","marque":"Carrefour Market"},{"id":"5400003","commune":"VEYNES","cp":"05400","adresse":"1256 route de gap","nom":"Relais la gazoline","marque":"Dyneff"},{"id":"5400002","commune":"VEYNES","cp":"05400","adresse":"Route de gap","nom":"Super u veynes","marque":"Systeme U"}]}