{"numero":"47","stations":[{"id":"47000010","commune":"AGEN","cp":"47000","adresse":"21 rue j b peres","nom":"AVIA- Station Service Agen Barbusse","marque":"Avia"},{"id":"47000003","commune":"AGEN","cp":"47000","adresse":"Zac agen sud","nom":"INTERMARCHE","marque":"Intermarche"},{"id":"47000009","commune":"AGEN","cp":"47000","adresse":"Netto, 530 avenue leon blum","nom":"NETTO Agen","marque":"Netto"},{"id":"47190001","commune":"AIGUILLON","cp":"47190","adresse":"Rue anatole france","nom":"INTERMARCHE AIGUILLON","marque":"Intermarche"},{"id":"47220003","commune":"ASTAFFORT","cp":"47220","adresse":"Lotissement la tuine","nom":"INTERMARCHE CONTACT","marque":"Intermarche Contact"},{"id":"47470001","commune":"BEAUVILLE","cp":"47470","adresse":"313 avenue saint roch picadou","nom":"SARL VAL FLEURI BEAUVILLE","marque":"AIRE-C"},{"id":"47300001","commune":"BIAS","cp":"47300","adresse":"Route de bordeaux","nom":"Auchan Villeneuve sur lot","marque":"Auchan"},{"id":"47300002","commune":"BIAS","cp":"47300","adresse":"224 avenue de bordeaux","nom":"SARL STATION PEJEAN","marque":"TotalEnergies Access"},{"id":"47550011","commune":"BOE","cp":"47550","adresse":"Av. de lacapelette","nom":"INTERMARCHE BOE","marque":"Intermarche"},{"id":"47550007","commune":"BOE","cp":"47550","adresse":"Rte de toulouse rn 113","nom":"RELAIS BON ENCONTRE","marque":"TotalEnergies Access"},{"id":"47550009","commune":"BOE","cp":"47550","adresse":"1500 avenue du docteur jean nogues","nom":"SARL ALGUI","marque":"Esso"},{"id":"47240001","commune":"BON-ENCONTRE","cp":"47240","adresse":"Rd 813","nom":"026. SOCCAST - Bon Encontre","marque":"Leclerc"},{"id":"47240002","commune":"BON-ENCONTRE","cp":"47240","adresse":"Redon \nlieu-dit  mon repos  - rn 113","nom":"INTERMARCHE AGEN - BON ENCONTRE","marque":"Intermarche"},{"id":"47320004","commune":"BOURRAN","cp":"47320","adresse":"Le pesquier","nom":"RELAIS DU PESQUIER","marque":"TotalEnergies"},{"id":"47310007","commune":"BRAX","cp":"47310","adresse":"190 avenue des landes","nom":"Station U Express","marque":"Systeme U"},{"id":"47290002","commune":"CANCON","cp":"47290","adresse":"Route nationale 21","nom":"GARAGE DU COLLEGE","marque":"TotalEnergies"},{"id":"47440001","commune":"CASSENEUIL","cp":"47440","adresse":"La rigale","nom":"GARAGE JEROME RIEUCAUD","marque":"TotalEnergies"},{"id":"47700001","commune":"CASTELJALOUX","cp":"47700","adresse":"3 rue henri iv","nom":"CASTELDIS","marque":"Leclerc"},{"id":"47700002","commune":"CASTELJALOUX","cp":"47700","adresse":"16 rue pierre dufiet","nom":"INTERMARCHE CASTELJALOUX","marque":"Intermarche"},{"id":"47260001","commune":"CASTELMORON-SUR-LOT","cp":"47260","adresse":"120 route de st etienne de fougeres","nom":"U express castelmoron sur lot","marque":"Systeme U"},{"id":"47330001","commune":"CASTILLONNES","cp":"47330","adresse":"Rn 21 - monplaisir","nom":"INTERMARCHE","marque":"Intermarche"},{"id":"47320003","commune":"CLAIRAC","cp":"47320","adresse":"Quai gambetta","nom":"CARREFOUR CONTACT - SARL ALSOF","marque":"Carrefour Contact"},{"id":"47320002","commune":"CLAIRAC","cp":"47320","adresse":"19 rue saffin","nom":"RUZZICA MARIE PAULE","marque":"Elan"},{"id":"47450002","commune":"COLAYRAC-SAINT-CIRQ","cp":"47450","adresse":"70 route de bibes","nom":"INTERMARCHE - SAS LAEYOMAT","marque":"Intermarche"},{"id":"47450003","commune":"COLAYRAC-SAINT-CIRQ","cp":"47450","adresse":"246 avenue de la liberation","nom":"STATION TOTAL","marque":"TotalEnergies"},{"id":"47160001","commune":"DAMAZAN","cp":"47160","adresse":"5 avenue du 8 mai 1945","nom":"sas du canal","marque":"TotalEnergies"},{"id":"47120002","commune":"DURAS","cp":"47120","adresse":"Rte nationale 708","nom":"LE RELAIS DES DUCS","marque":"Independant sans enseigne"},{"id":"47120001","commune":"DURAS","cp":"47120","adresse":"Route de sainte foy la grande","nom":"SARL ORGANEAU","marque":"Carrefour Contact"},{"id":"47310003","commune":"ESTILLAC","cp":"47310","adresse":"45 route d'agen","nom":"GARAGE SCIE FILS","marque":"Elan"},{"id":"47220002","commune":"FALS","cp":"47220","adresse":"Lieu-dit la garenne","nom":"Sarl valf fleuri fals","marque":"Independant sans enseigne"},{"id":"47510001","commune":"FOULAYRONNES","cp":"47510","adresse":"21 avenue du caoulet","nom":"GGE CAOULET SARL","marque":"TotalEnergies"},{"id":"47510002","commune":"FOULAYRONNES","cp":"47510","adresse":"Zone le rouge zac de foulayronnes","nom":"INTERMARCHE FOULAYRONNES","marque":"Intermarche"},{"id":"47500009","commune":"FUMEL","cp":"47500","adresse":"Route de perigueux","nom":"SAS GREECE 70","marque":"Intermarche"},{"id":"47420001","commune":"HOUEILLES","cp":"47420","adresse":"Rue fernand aude rd8","nom":"SARL VAL FLEURI  - AIRE C","marque":"AIRE C"},{"id":"47240003","commune":"LAFOX","cp":"47240","adresse":"94 route de puymirol","nom":"NETTO LAFOX","marque":"Netto"},{"id":"47310005","commune":"LAPLUME","cp":"47310","adresse":"15 route d'agen","nom":"INTERMARCHE LAPLUME","marque":"Intermarche Contact"},{"id":"47310006","commune":"LAPLUME","cp":"47310","adresse":"Autoroute a62 - aire agen porte d'aquitaine nord","nom":"RELAIS AGEN PORTE D'AQUITAINE","marque":"TotalEnergies"},{"id":"47340001","commune":"LAROQUE TIMBAUT","cp":"47340","adresse":"1 rue beljouan","nom":"CARREFOUR CONTACT","marque":"Carrefour Contact"},{"id":"47410000","commune":"LAUZUN","cp":"47410","adresse":"Lieu-dit saint-etienne","nom":"SARL VAL FLEURI LAUZUN","marque":"AIREC"},{"id":"47230001","commune":"LAVARDAC","cp":"47230","adresse":"Route de mezin","nom":"SUPER U","marque":"Systeme U"},{"id":"47390003","commune":"LAYRAC","cp":"47390","adresse":"Lieu dit la tuilerie","nom":"carrefour contact layrac","marque":"Carrefour Contact"},{"id":"47390001","commune":"LAYRAC","cp":"47390","adresse":"Bouheballe","nom":"STATION ELAN","marque":"Elan"},{"id":"47430002","commune":"LE MAS-D'AGENAIS","cp":"47430","adresse":"Aire de mas d'agenais a62","nom":"SODIPLEC MAS D'AGENAIS","marque":"E.Leclerc"},{"id":"47520003","commune":"LE PASSAGE","cp":"47520","adresse":"La ville","nom":"INTERMARCHE LE PASSAGE","marque":"Intermarche"},{"id":"47520004","commune":"LE PASSAGE","cp":"47520","adresse":"106 avenue des pyrenees","nom":"RELAIS PASSAGE D'AGEN","marque":"TotalEnergies Access"},{"id":"47110002","commune":"LE TEMPLE-SUR-LOT","cp":"47110","adresse":"Route de bordeaux","nom":"SAS MASCARIN","marque":"TotalEnergies"},{"id":"47200005","commune":"MARMANDE","cp":"47200","adresse":"Route de bordeaux","nom":"035. JEANDIS - Marmande","marque":"Leclerc"},{"id":"47200008","commune":"MARMANDE","cp":"47200","adresse":"Avenue hubert ruffe","nom":"Carrefour Market","marque":"Carrefour Market"},{"id":"47200004","commune":"MARMANDE","cp":"47200","adresse":"Rte de miramont","nom":"MARTIN DISTRIBUT","marque":"TotalEnergies"},{"id":"47200002","commune":"MARMANDE","cp":"47200","adresse":"Pont des sables","nom":"SARL G.R.G.","marque":"TotalEnergies"},{"id":"47200013","commune":"MARMANDE","cp":"47200","adresse":"6-8 rue francois mauriac","nom":"SAS MARMANDIS","marque":"Systeme U"},{"id":"47200012","commune":"MARMANDE","cp":"47200","adresse":"118 avenue jean jaures","nom":"SAS NOZEDIS","marque":"Intermarche"},{"id":"47800004","commune":"MIRAMONT-DE-GUYENNE","cp":"47800","adresse":"12 place martignac","nom":"ETS Castagnier","marque":"TotalEnergies"},{"id":"47800003","commune":"MIRAMONT-DE-GUYENNE","cp":"47800","adresse":" avenue alfred court","nom":"NETTO SA ENILAC","marque":"Netto"},{"id":"47290003","commune":"MONBAHUS","cp":"47290","adresse":"2 rue du champ de foire","nom":"SARL VAL FLEURI","marque":"Aire C"},{"id":"47150003","commune":"MONFLANQUIN","cp":"47150","adresse":"Route de villeneuvelot vignes de la justice","nom":"AUCHAN SUPERMARCHE MONFLANQUIN","marque":"Auchan"},{"id":"47500003","commune":"MONTAYRAL","cp":"47500","adresse":"Za les portes du quercy","nom":"E.LECLERC MONTAYRAL","marque":"Leclerc"},{"id":"47600006","commune":"NERAC","cp":"47600","adresse":"Boulevard marechal foch / 3 rue durey","nom":"Avia Xpress Picoty Reseau","marque":"Avia"},{"id":"47600003","commune":"NERAC","cp":"47600","adresse":"Zi labarre","nom":"INTERMARCHE NERAC","marque":"Intermarche"},{"id":"47600005","commune":"NERAC","cp":"47600","adresse":"34 av. georges clemenceau","nom":"SAS MDV SERVICES","marque":"TotalEnergies"},{"id":"47480002","commune":"PONT-DU-CASSE","cp":"47480","adresse":"Lieudit le bourg c.c.","nom":"INTERMARCHE PONT DU CASSE","marque":"Intermarche"},{"id":"47480003","commune":"PONT-DU-CASSE","cp":"47480","adresse":"974 av de cahors","nom":"station total CAPDEVILLE","marque":"TotalEnergies"},{"id":"47130001","commune":"PORT-SAINTE-MARIE","cp":"47130","adresse":"2734 route de bordeaux","nom":"NETTO PORT STE MARIE","marque":"Netto"},{"id":"47360001","commune":"PRAYSSAS","cp":"47360","adresse":"Le bourg","nom":"SARL VAL FLEURI","marque":"Independant sans enseigne"},{"id":"47300008","commune":"PUJOLS","cp":"47300","adresse":"2, rue bir-hakeim","nom":"U EXPRESS PUJOLS","marque":"Systeme U"},{"id":"47310004","commune":"ROQUEFORT","cp":"47310","adresse":"Place du 8 mai 1945","nom":"INTERMARCHE SUPER","marque":"Intermarche"},{"id":"47180002","commune":"SAINTE-BAZEILLE","cp":"47180","adresse":"Lieu dit beylard rd 813","nom":"SUPER U Sainte-Bazeille","marque":"Systeme U"},{"id":"47140001","commune":"SAINTE-LIVRADE-SUR-LOT","cp":"47110","adresse":"Route de villeneuve","nom":"INTERMARCHE SAINTE LIVRADE","marque":"Intermarche"},{"id":"47800002","commune":"SAINT-PARDOUX-ISAAC","cp":"47800","adresse":"Au rebequet","nom":"INTERMARCHE ST PARDOUX ISAAC","marque":"Intermarche"},{"id":"47140002","commune":"SAINT-SYLVESTRE-SUR-LOT","cp":"47140","adresse":"Avenue de la myre mory","nom":"INTERMARCHE ST SYLVESTRE SUR LOT","marque":"Intermarche"},{"id":"47500007","commune":"SAINT-VITE","cp":"47500","adresse":"Zone du boscla","nom":"NETTO SAINT VITE","marque":"Netto"},{"id":"47250001","commune":"SAMAZAN","cp":"47250","adresse":"Lieu dit les barths","nom":"SARL Eureka Station Samazan","marque":"TotalEnergies"},{"id":"47500008","commune":"SAUVETERRE-LA-LEMANCE","cp":"47500","adresse":"Le bourg","nom":"Val fleuri Sauveterre","marque":"AIRE C"},{"id":"47400002","commune":"TONNEINS","cp":"47400","adresse":"Avenue pierre mendes france","nom":"051. SAINT PIERRE DISTRIBUTION - Tonneins","marque":"Leclerc"},{"id":"47400003","commune":"TONNEINS","cp":"47400","adresse":"Avenue beauregard","nom":"INTERMARCHE TONNEINS","marque":"Intermarche"},{"id":"47400004","commune":"TONNEINS","cp":"47400","adresse":"Rue mendes france","nom":"RELAIS DU STADE","marque":"TotalEnergies Access"},{"id":"47300003","commune":"VILLENEUVE-SUR-LOT","cp":"47300","adresse":"Route de fumel","nom":"044. VILLENEUVE DISTRIBUTION - Villeneuve sur Lot","marque":"Leclerc"},{"id":"47000001","commune":"VILLENEUVE-SUR-LOT","cp":"47300","adresse":"92 avenue henri barbusse","nom":"BUFFARD yannick","marque":"TotalEnergies"},{"id":"47300006","commune":"VILLENEUVE-SUR-LOT","cp":"47300","adresse":"Route d'agen","nom":"INTERMARCHE VILLENEUVE S/LOT","marque":"Intermarche"},{"id":"47300004","commune":"VILLENEUVE-SUR-LOT","cp":"47300","adresse":"2093 route nationale 21  soubirous","nom":"RELAIS DE SOUBIROUS   STATION   CAZASSUS","marque":"Fina"},{"id":"47210001","commune":"VILLEREAL","cp":"47210","adresse":"Route de castillonnes","nom":"INTERMARCHE VILLEREAL","marque":"Intermarche"},{"id":"47210002","commune":"VILLEREAL","cp":"47210","adresse":"Au caillou","nom":"SARL VAL FLEURI","marque":"Independant sans enseigne"},{"id":"47200011","commune":"VIRAZEIL","cp":"47200","adresse":"1440 rte de miramont de guyenne","nom":"STATION ELAN","marque":"Elan"}]}