{"numero":"48","stations":[{"id":"48200007","commune":"ALBARET-SAINTE-MARIE","cp":"48200","adresse":"D809 aire de la garde","nom":"ESSO LA GARDE","marque":"Esso"},{"id":"48500001","commune":"BANASSAC","cp":"48500","adresse":"74 avenue du lot","nom":"INTERMARCHE BANASSAC","marque":"Intermarche"},{"id":"48500002","commune":"BANASSAC","cp":"48500","adresse":"Avenue du lot","nom":"SARL RAJA","marque":"Independant sans enseigne"},{"id":"48600002","commune":"CHAMBON-LE-CHATEAU","cp":"48600","adresse":"Route de grandieu","nom":"ETS PIGNOL SARL","marque":"Independant sans enseigne"},{"id":"48230001","commune":"CHANAC","cp":"48230","adresse":"Av de la gare","nom":"SARL DAUDE","marque":"Independant sans enseigne"},{"id":"48170001","commune":"CHATEAUNEUF-DE-RANDON","cp":"48170","adresse":"Lieu-dit l'habitarelle","nom":"SARL NEGRE STATION TOTAL","marque":"TotalEnergies"},{"id":"48400003","commune":"FLORAC","cp":"48400","adresse":"65 avenue jean monestier","nom":"EURL FLORAC AUTO","marque":"Avia"},{"id":"48400006","commune":"FLORAC","cp":"48400","adresse":"2 rue du vibron, zae saint julien du gourg","nom":"Intermarche Florac","marque":"Intermarche"},{"id":"48400007","commune":"FLORAC","cp":"48400","adresse":"15 route de mende","nom":"PLANTIER Station","marque":"Dyneff"},{"id":"48310001","commune":"FOURNELS","cp":"48310","adresse":"Route de saint juery","nom":"ETS ROSSIGNOL SAS","marque":"Independant"},{"id":"48600003","commune":"GRANDRIEU","cp":"48600","adresse":"Route de st chely","nom":"ETS PIGNOL SARL","marque":"Independant sans enseigne"},{"id":"48600001","commune":"GRANDRIEU","cp":"48600","adresse":"Route de saint-chely","nom":"GEDIMAT","marque":"Independant sans enseigne"},{"id":"48300001","commune":"LANGOGNE","cp":"48300","adresse":"Quartier du pont d'allier","nom":"CARREFOUR CONTACT","marque":"Carrefour Contact"},{"id":"48300003","commune":"LANGOGNE","cp":"48300","adresse":"Avenue jean moulin","nom":"INTERMARCHE LANGOGNE","marque":"Intermarche"},{"id":"48300006","commune":"LANGOGNE","cp":"48300","adresse":"Av. marechal foch","nom":"RELAIS LANGOUYROU","marque":"TotalEnergies Access"},{"id":"48190003","commune":"LE BLEYMARD","cp":"48190","adresse":"Quartier de la remise","nom":"CARREFOUR LE BLEYMARD","marque":"Carrefour Express"},{"id":"48140002","commune":"LE MALZIEU VILLE","cp":"48140","adresse":"Route de saugues","nom":"CARREFOUR EXPRESS","marque":"Carrefour Express"},{"id":"48100006","commune":"LE MONASTIER PIN-MORIES","cp":"48100","adresse":"La gare","nom":"STATION DAUDE","marque":"Independant sans enseigne"},{"id":"48200006","commune":"LES MONTS-VERTS","cp":"48200","adresse":"A75 aire de la lozere","nom":"ESSO AIRE DE LA LOZERE","marque":"Esso"},{"id":"48100002","commune":"MARVEJOLS","cp":"48100","adresse":"Boulevard marechal foch","nom":"AVIA","marque":"Avia"},{"id":"48100004","commune":"MARVEJOLS","cp":"48100","adresse":"Avenue theophile roussel","nom":"CARREFOUR SUPERMARCHE","marque":"Carrefour Market"},{"id":"48100007","commune":"MARVEJOLS","cp":"48100","adresse":"4 bis promenade louis cabanette","nom":"LTL SERVICE","marque":"LTL SERVICE"},{"id":"48100001","commune":"MARVEJOLS","cp":"48100","adresse":"38 avenue theophile roussel","nom":"SARL LE RELAIS DU GEVAUDAN","marque":"TotalEnergies"},{"id":"48100003","commune":"MARVEJOLS","cp":"48100","adresse":"Place des cordeliers","nom":"SUPER U MARVEJOLS","marque":"SUPER U"},{"id":"48000006","commune":"MENDE","cp":"48000","adresse":"3 rue de la tendelle, zae du causse d'auge","nom":"Boissonnade Combustibles","marque":"Boissonnade"},{"id":"48000001","commune":"MENDE","cp":"48000","adresse":"Zac de ramilles","nom":"HYPER U","marque":"Systeme U"},{"id":"48000005","commune":"MENDE","cp":"48000","adresse":"14 avenue foch","nom":"RELAIS MENDE LES CAUSSES","marque":"TotalEnergies Access"},{"id":"48000008","commune":"MENDE","cp":"48000","adresse":"10 avenue du 8 mai 1945","nom":"sarl gomar et fils","marque":"Avia"},{"id":"48150002","commune":"MEYRUEIS","cp":"48150","adresse":"Route de mende","nom":"OMI","marque":"Independant sans enseigne"},{"id":"48130001","commune":"PEYRE EN AUBRAC","cp":"48130","adresse":"Avenue de la meridienne aumont-aubrac","nom":"Supermarche CARREFOUR MARKET","marque":"Carrefour Market"},{"id":"48700001","commune":"RIEUTORT-DE-RANDON","cp":"48700","adresse":"Rd806","nom":"DELOR Yves","marque":"Independant sans enseigne"},{"id":"48120001","commune":"SAINT ALBAN SUR LIMAGNOLE","cp":"48120","adresse":"Avenue de saint chely","nom":"SPAR Saint Alban sur Limagnole","marque":"Supermarches Spar"},{"id":"48200004","commune":"SAINT-CHELY-D'APCHER","cp":"48200","adresse":"Route du malzieu","nom":"INTERMARCHE ST CHELY D'APCHER","marque":"Intermarche"},{"id":"48200003","commune":"SAINT-CHELY-D'APCHER","cp":"48200","adresse":"41 boulevard guerin d'apcher","nom":"SARL AUTO SERVICE D'APCHER STATION AVIA","marque":"Avia"},{"id":"48200001","commune":"SAINT-CHELY-D'APCHER","cp":"48200","adresse":"Avenue pignide","nom":"SARL HERMET","marque":"TotalEnergies"},{"id":"48200005","commune":"SAINT-CHELY-D'APCHER","cp":"48200","adresse":"Boulevard guerin d'apcher","nom":"Super U saint chely d'apcher","marque":"Systeme U"},{"id":"48800002","commune":"VILLEFORT","cp":"48800","adresse":"65 avenue des cevennes","nom":"GARAGE DE LA REGORDANE","marque":"Avia"}]}