{"numero":"34","stations":[{"id":"34300013","commune":"AGDE","cp":"34300","adresse":"8 avenue des sergents","nom":"ENI CAP D'AGDE","marque":"ENI"},{"id":"34300001","commune":"AGDE","cp":"34300","adresse":"Boulevard maurice pacull","nom":"HYPER U","marque":"Systeme U"},{"id":"34300006","commune":"AGDE","cp":"34300","adresse":"Route de sete","nom":"INTERMARCHE AGDE - ACAR","marque":"Intermarche"},{"id":"34300002","commune":"AGDE","cp":"34300","adresse":"59 avenue de sete","nom":"L OCCITANE AUTOMOBILES","marque":"TotalEnergies"},{"id":"34300009","commune":"AGDE","cp":"34300","adresse":"Avenue bella isla","nom":"RELAIS CAP D'AGDE","marque":"TotalEnergies"},{"id":"34150001","commune":"ANIANE","cp":"34150","adresse":"Route de saint-guilhem","nom":"SPAR","marque":"Supermarches Spar"},{"id":"34670001","commune":"BAILLARGUES","cp":"34670","adresse":"103 avenue de la biste","nom":"SAS AVION","marque":"Intermarche Contact"},{"id":"34540002","commune":"BALARUC-LES-BAINS","cp":"34540","adresse":"Route de sete","nom":"SARL MONLLOR","marque":"TotalEnergies Access"},{"id":"34540001","commune":"BALARUC-LE-VIEUX","cp":"34540","adresse":"Route de sete","nom":"CARREFOUR BALARUC","marque":"Carrefour"},{"id":"34600001","commune":"BEDARIEUX","cp":"34600","adresse":"Route de st pons","nom":"CARREFOUR MARKET","marque":"Carrefour Market"},{"id":"34550001","commune":"BESSAN","cp":"34550","adresse":"Monts ramus c.d. 13","nom":"ESSO MONTS RAMUS","marque":"Esso Express"},{"id":"34550002","commune":"BESSAN","cp":"34550","adresse":"Route st thibery","nom":"INTERMARCHE BESSAN","marque":"Intermarche"},{"id":"34311001","commune":"BEZIERS","cp":"34500","adresse":"Avenue du pech de valras","nom":"037. DEVEDIS - Beziers","marque":"Leclerc"},{"id":"34500030","commune":"BEZIERS","cp":"34500","adresse":"Zac de montimaran - bretelle est autoroute a9","nom":"038. MARANDIS - Beziers","marque":"Leclerc"},{"id":"34500008","commune":"BEZIERS","cp":"34500","adresse":"4 av de la voie domitienne","nom":"AUCHAN","marque":"Auchan"},{"id":"34500033","commune":"BEZIERS","cp":"34500","adresse":"Route de pezenas","nom":"AUCHAN SUPERMARCHE BEZIERS","marque":"Auchan"},{"id":"34500024","commune":"BEZIERS","cp":"34500","adresse":"21 avenue du pont vieux","nom":"Dyneff Beziers","marque":"Dyneff"},{"id":"34500032","commune":"BEZIERS","cp":"34500","adresse":"Route de pezenas","nom":"ENI BEZIERS PEZENAS","marque":"ENI"},{"id":"34500023","commune":"BEZIERS","cp":"34500","adresse":"48 rue gerry roufs","nom":"INTERMARCHE","marque":"Intermarche"},{"id":"34500025","commune":"BEZIERS","cp":"34500","adresse":"152 av.marechal foch route de be","nom":"RELAIS DE LA CAPELIERE","marque":"TotalEnergies"},{"id":"34500027","commune":"BEZIERS","cp":"34500","adresse":"1 avenue de la deveze","nom":"RELAIS DEVEZE","marque":"TotalEnergies Access"},{"id":"34500028","commune":"BEZIERS","cp":"34500","adresse":"5 avenue de la voie domitienne","nom":"RELAIS LES ARENES","marque":"TotalEnergies Access"},{"id":"34500026","commune":"BEZIERS","cp":"34500","adresse":"43 avenue rhin et danube","nom":"RELAIS L'HORT MONSEIGNEUR","marque":"TotalEnergies Access"},{"id":"34160002","commune":"BOISSERON","cp":"34160","adresse":"543 avenue frederic mistral","nom":"GARAGE DE BOISSERON","marque":"gge boisseron"},{"id":"34140006","commune":"BOUZIGUES","cp":"34140","adresse":"180 chemin des esparrieres","nom":"SARL CARBUR","marque":"Avia"},{"id":"34310002","commune":"CAPESTANG","cp":"34310","adresse":"Avenue de nissan","nom":"INTERMARCHE CAPESTANG","marque":"Intermarche"},{"id":"34170004","commune":"CASTELNAU-LE-LEZ","cp":"34170","adresse":"1001 avenue de l'europe","nom":"CASTELNAU-LE-LEZ","marque":"Netto"},{"id":"34170001","commune":"CASTELNAU-LE-LEZ","cp":"34170","adresse":"753 route de la pompignane","nom":"SUPER U","marque":"Systeme U"},{"id":"34370001","commune":"CAZOULS-LES-BEZIERS","cp":"34370","adresse":"Route de beziers","nom":"Carrefour Market","marque":"Carrefour Market"},{"id":"34420004","commune":"CERS","cp":"34420","adresse":"Avenue de la promenade","nom":"INTERMARCHE","marque":"Intermarche"},{"id":"34460001","commune":"CESSENON-SUR-ORB","cp":"34460","adresse":"55 avenue de beziers","nom":"STATION DYNEFF","marque":"Dyneff"},{"id":"34800002","commune":"CLERMONT-L'HERAULT","cp":"34800","adresse":"9 rn 9","nom":"AVIA CLERMONT L'HERAULT RN9","marque":"Avia"},{"id":"34800001","commune":"CLERMONT-L'HERAULT","cp":"34800","adresse":"Centre cial grand axe la madeleine","nom":"HYPER U","marque":"Systeme U"},{"id":"34800004","commune":"CLERMONT-L'HERAULT","cp":"34800","adresse":"2 rue du servent","nom":"INTERMARCHE CLERMONT L'HERAULT","marque":"Intermarche"},{"id":"34800005","commune":"CLERMONT-L'HERAULT","cp":"34800","adresse":"341, avenue de la salamane","nom":"STATION SERVICE E.LECLERC","marque":"E.LECLERC"},{"id":"34440001","commune":"COLOMBIERS","cp":"34440","adresse":"Rn113-9 lieu dit la grillade","nom":"DYNEFF Colombiers","marque":"Dyneff"},{"id":"34440004","commune":"COLOMBIERS","cp":"34440","adresse":"Route de narbonne","nom":"STATION SERVICE SUPER U COLOMBIERS","marque":"Systeme U"},{"id":"34660001","commune":"COURNONSEC","cp":"34660","adresse":"Rd 5 - centre commercial le frigoulet rd 5 - centre commercial le frigoulet","nom":"INTERMARCHE COURNONSEC","marque":"Intermarche"},{"id":"34690010","commune":"FABREGUES","cp":"34690","adresse":"A9 sens espagne paris","nom":"AVIA AIRE DE FABREGUES SUD","marque":"Avia"},{"id":"34690011","commune":"FABREGUES","cp":"34690","adresse":"44 rue francis bergese, parking lidl","nom":"ESSO EXPRESS FABREGUES","marque":"Esso Express"},{"id":"34690004","commune":"FABREGUES","cp":"34690","adresse":"Rd 613","nom":"INTERMARCHE FABREGUES","marque":"Intermarche"},{"id":"34690009","commune":"FABREGUES","cp":"34690","adresse":"A9 - aire de fabregues nord","nom":"REL. MONTPELLIER FABREGUES NORD","marque":"TotalEnergies"},{"id":"34600002","commune":"FAUGERES","cp":"34600","adresse":"Station service de bel air","nom":"GALLIEN Faugeres","marque":"GALLIEN"},{"id":"34110002","commune":"FRONTIGNAN","cp":"34110","adresse":"Route de sete","nom":"Carbur","marque":"Independant sans enseigne"},{"id":"34110004","commune":"FRONTIGNAN","cp":"34110","adresse":"Lieu-dit le barnier","nom":"Dyneff","marque":"Dyneff"},{"id":"34110005","commune":"FRONTIGNAN","cp":"34110","adresse":"Rn 108 14 avenue des vignerons","nom":"RELAIS GARDIOLE","marque":"TotalEnergies"},{"id":"34110003","commune":"FRONTIGNAN","cp":"34110","adresse":"93, avenue marechal juin","nom":"SAS CARBURADO - STATION SERVICE","marque":"Intermarche"},{"id":"34190001","commune":"GANGES","cp":"34190","adresse":"Quartier des calquieres","nom":"SUPER U","marque":"Systeme U"},{"id":"34770005","commune":"GIGEAN","cp":"34770","adresse":"24 avenue de beziers","nom":"Carrefour Contact","marque":"Carrefour Contact"},{"id":"34770001","commune":"GIGEAN","cp":"34770","adresse":"47, avenue de beziers","nom":"STATION PRADE DE FOURMEL","marque":"TotalEnergies Access"},{"id":"34150003","commune":"GIGNAC","cp":"34150","adresse":"Route de pezenas","nom":"INTERMARCHE GIGNAC","marque":"Intermarche"},{"id":"34790003","commune":"GRABELS","cp":"34790","adresse":"2 rue nicolas appert","nom":"AUCHAN SUPERMARCHE GRABELS","marque":"Auchan"},{"id":"34830001","commune":"JACOU","cp":"34830","adresse":"Lieu dit  la plaine cd 112","nom":"INTERMARCHE JACOU","marque":"Intermarche"},{"id":"34990001","commune":"JUVIGNAC","cp":"34990","adresse":"Route de saint georges d'orques","nom":"INTERMARCHE JUVIGNAC","marque":"Intermarche"},{"id":"34280004","commune":"LA GRANDE MOTTE","cp":"34280","adresse":"Avenue de l'europe","nom":"RELAIS PYRAMIDES","marque":"TotalEnergies Access"},{"id":"34280001","commune":"LA GRANDE-MOTTE","cp":"34280","adresse":"Rue des artisans","nom":"SARL ROUX SF","marque":"TOTAL"},{"id":"34190002","commune":"LAROQUE","cp":"34190","adresse":"Route de montpellier","nom":"INTERMARCHE LAROQUE","marque":"Intermarche"},{"id":"34330001","commune":"LA SALVETAT-SUR-AGOUT","cp":"34330","adresse":"Allee du plagnol","nom":"SEBE ET FILS","marque":"Elan"},{"id":"34260001","commune":"LA TOUR-SUR-ORB","cp":"34260","adresse":"Route de lodeve","nom":"INTERMARCHE CONTACT","marque":"Intermarche Contact"},{"id":"34973001","commune":"LATTES","cp":"34970","adresse":"Route de carnon - cs61015","nom":"CARREFOUR LATTES","marque":"Carrefour"},{"id":"34700005","commune":"LE BOSC","cp":"34700","adresse":"La meridienne - autouroute a75 - sortie 54","nom":"E.LECLERC - LE BOSC - SALAGOU","marque":"Leclerc"},{"id":"34520002","commune":"LE CAYLAR","cp":"34520","adresse":"Autoroute a75 - aire du caylar","nom":"RELAIS DU CAYLAR","marque":"TotalEnergies"},{"id":"34920002","commune":"LE CRES","cp":"34920","adresse":"Route de nimes","nom":"Carrefour","marque":"Carrefour"},{"id":"34920001","commune":"LE CRES","cp":"34920","adresse":"Route de jacou","nom":"Carrefour Market","marque":"Carrefour Market"},{"id":"34490002","commune":"LIGNAN-SUR-ORB","cp":"34490","adresse":"Z.a.e. de montaury","nom":"INTERMARCHE LIGNAN S/ORB","marque":"Intermarche"},{"id":"34700002","commune":"LODEVE","cp":"34700","adresse":"Route de montpellier","nom":"STATION AVIA RAMOND","marque":"Avia"},{"id":"34700001","commune":"LODEVE","cp":"34700","adresse":"55 avenue du general de gaulle","nom":"SUPER U","marque":"Systeme U"},{"id":"34400004","commune":"LUNEL","cp":"34400","adresse":"287 avenue du marechal de lattre de tassigny","nom":"ESSO LUNELLOISE","marque":"Esso Express"},{"id":"34400013","commune":"LUNEL","cp":"34400","adresse":"Cial les portes de la mer","nom":"INTERMARCHE LUNEL LES PORTES DE LA MER","marque":"Intermarche"},{"id":"34402001","commune":"LUNEL","cp":"34400","adresse":"Rue du levant","nom":"LECLERC-LEVANDIS SAS","marque":"Leclerc"},{"id":"34400018","commune":"LUNEL","cp":"34400","adresse":"487 av.gal. de gaulle rn 113","nom":"RELAIS LA PETIOLE","marque":"TotalEnergies Access"},{"id":"34400007","commune":"LUNEL","cp":"34400","adresse":"Avenue des 4 saisons","nom":"SAS PREAL SUPER U LUNEL","marque":"Systeme U"},{"id":"34480001","commune":"MAGALAS","cp":"34480","adresse":"Zae l'audacieuse","nom":"INTERMARCHE MAGALAS","marque":"Intermarche"},{"id":"34370002","commune":"MARAUSSAN","cp":"34370","adresse":"Chemin de payssierou, centre commercial le lirou","nom":"U EXPRESS","marque":"Systeme U"},{"id":"34340002","commune":"MARSEILLAN","cp":"34340","adresse":"Route de bessan","nom":"Carrefour Market","marque":"Carrefour Market"},{"id":"34590001","commune":"MARSILLARGUES","cp":"34590","adresse":"10 rue alphonse daudet","nom":"U EXPRESS","marque":"Systeme U"},{"id":"11200003","commune":"MAUGUIO","cp":"34130","adresse":"Aerodrome montpellier mediterranee","nom":"DYNEFF Mauguio","marque":"Dyneff"},{"id":"34130004","commune":"MAUGUIO","cp":"34130","adresse":"1030 avenue theo luce","nom":"EURL ROVA","marque":"TotalEnergies"},{"id":"34130003","commune":"MAUGUIO","cp":"34130","adresse":"168 avenue de la mer","nom":"INTERMARCHE MAUGUIO","marque":"Intermarche"},{"id":"34280005","commune":"MAUGUIO","cp":"34130","adresse":"Route departementale 59 e carnon","nom":"RELAIS DE L'OR","marque":"TotalEnergies Access"},{"id":"34130005","commune":"MAUGUIO","cp":"34130","adresse":"Z.a.c. la louvade","nom":"STATION LA LOUVADE","marque":"Intermarche"},{"id":"34140003","commune":"MEZE","cp":"34140","adresse":"Rn 113","nom":"AGIP MEZE RN 113","marque":"ENI"},{"id":"34140001","commune":"MEZE","cp":"34140","adresse":"Avenue de montpellier","nom":"Carrefour Market","marque":"Carrefour Market"},{"id":"34140004","commune":"MEZE","cp":"34140","adresse":"Avenue du general de gaulle","nom":"INTERMARCHE MEZE","marque":"Intermarche"},{"id":"34530001","commune":"MONTAGNAC","cp":"34530","adresse":"128 avenue capitaine pierre azema","nom":"Tabac Station Service snc","marque":"Independant sans enseigne"},{"id":"34570002","commune":"MONTARNAUD","cp":"34570","adresse":"Zac du pradas","nom":"SUPER U MONTARNAUD","marque":"Systeme U"},{"id":"34290007","commune":"MONTBLANC","cp":"34290","adresse":"Aire de beziers montblanc nord","nom":"Sarl Montagne","marque":"Shell"},{"id":"34070020","commune":"MONTPELLIER","cp":"34070","adresse":"112 avenue de palavas","nom":"AGIP MONTPELLIER PALAVAS","marque":"ENI"},{"id":"34100001","commune":"MONTPELLIER","cp":"34080","adresse":"544 rue paul rimbaud","nom":"AGIP MONTPELLIER RIMBAUD","marque":"ENI"},{"id":"34070004","commune":"MONTPELLIER","cp":"34070","adresse":"Avenue villeneuve d'angouleme","nom":"AUCHAN SUPERMARCHE","marque":"Simply Market"},{"id":"34070003","commune":"MONTPELLIER","cp":"34070","adresse":"1742 route de toulouse","nom":"Carrefour Market","marque":"Carrefour Market"},{"id":"34000011","commune":"MONTPELLIER","cp":"34090","adresse":"812 route de ganges","nom":"CASINO SUPERMARCHE","marque":"Casino"},{"id":"34000001","commune":"MONTPELLIER","cp":"34000","adresse":"429 avenue du marche gare","nom":"DYNEFF Marche Gare","marque":"Dyneff"},{"id":"34000017","commune":"MONTPELLIER","cp":"34000","adresse":"Zac de tournezy","nom":"ENI MONTPELLIER TOURNEZY","marque":"ENI"},{"id":"34000009","commune":"MONTPELLIER","cp":"34000","adresse":"427 avenue des etats du languedoc","nom":"ESSO DU POLYGONE","marque":"Esso Express"},{"id":"34770002","commune":"MONTPELLIER","cp":"34070","adresse":"132 avenue de palavas","nom":"ESSO LITTORAL","marque":"Esso Express"},{"id":"34000018","commune":"MONTPELLIER","cp":"34000","adresse":"Avenue du mas d'argelliers","nom":"HYPERMARCHE INTERMARCHE MONTPELLIER","marque":"Intermarche"},{"id":"34070017","commune":"MONTPELLIER","cp":"34070","adresse":"1 rue de l'abrivado","nom":"RELAIS ABRIVADO","marque":"TotalEnergies"},{"id":"34090003","commune":"MONTPELLIER","cp":"34090","adresse":"459 av.de la justice","nom":"RELAIS AIGUELONGUE","marque":"TotalEnergies Access"},{"id":"34000014","commune":"MONTPELLIER","cp":"34000","adresse":"70 av. de l'europe","nom":"RELAIS DE GIMEL","marque":"TotalEnergies"},{"id":"34000013","commune":"MONTPELLIER","cp":"34000","adresse":"1160 av. pierre mendes france","nom":"RELAIS LA LIRONDE","marque":"TotalEnergies Access"},{"id":"34070016","commune":"MONTPELLIER","cp":"34070","adresse":"Avenue de la recambale","nom":"RELAIS MARTELLE","marque":"TotalEnergies"},{"id":"34070019","commune":"MONTPELLIER","cp":"34070","adresse":"129 avenue de lodeve","nom":"RELAIS MONTPELLIER CLUB","marque":"TotalEnergies Access"},{"id":"34070018","commune":"MONTPELLIER","cp":"34070","adresse":"Avenue de vanieres","nom":"RELAIS MONTPELLIER VANIERES","marque":"TotalEnergies Access"},{"id":"34070012","commune":"MONTPELLIER","cp":"34070","adresse":"Avenue villeneuve d'angouleme","nom":"STATION DYNEFF","marque":"Dyneff"},{"id":"34250002","commune":"PALAVAS-LES-FLOTS","cp":"34250","adresse":"Les 4 canaux","nom":"Carrefour Market","marque":"Carrefour Market"},{"id":"34250003","commune":"PALAVAS-LES-FLOTS","cp":"34250","adresse":"Pont des 4 canaux - rd 986","nom":"RELAIS 4 CANAUX","marque":"TotalEnergies Access"},{"id":"34230002","commune":"PAULHAN","cp":"34230","adresse":"Zae la barthe bp6 la carnuse","nom":"carrefour market","marque":"Carrefour Market"},{"id":"34070002","commune":"PEROLS","cp":"34475","adresse":"Cs 50003","nom":"Auchan Perols","marque":"Auchan"},{"id":"34120001","commune":"PEZENAS","cp":"34120","adresse":"26 avenue de verdun","nom":"SARL GAUTRAND PNEU","marque":"TotalEnergies"},{"id":"34120008","commune":"PEZENAS","cp":"34120","adresse":"28 faubourg des cordeliers, route de montpellier","nom":"SARL L'ATELIER - STATION ESSO","marque":"Esso"},{"id":"34120007","commune":"PEZENAS","cp":"34120","adresse":"18 avenue de verdun","nom":"STATION SERVICE PEZENAS","marque":"ENI"},{"id":"34120002","commune":"PEZENAS","cp":"34120","adresse":"38 avenue de verdun","nom":"Station Total","marque":"TotalEnergies"},{"id":"34570001","commune":"PIGNAN","cp":"34570","adresse":"Avenue general grollier","nom":"GARAGE PARIS FRERES","marque":"TotalEnergies"},{"id":"34810001","commune":"POMEROLS","cp":"34810","adresse":"2 chemin du portou","nom":"SUPER U","marque":"Systeme U"},{"id":"34560002","commune":"POUSSAN","cp":"34560","adresse":"Avenue de sete","nom":"MARKET POUSSAN","marque":"Carrefour Market"},{"id":"34730001","commune":"PRADES-LE-LEZ","cp":"34730","adresse":"Route de montpellier","nom":"INTERMARCHE PRADES LE LEZ","marque":"Intermarche"},{"id":"34620002","commune":"PUISSERGUIER","cp":"34620","adresse":"43 avenue de beziers","nom":"Sarl yvars bernard station dyneff","marque":"Dyneff"},{"id":"34320001","commune":"ROUJAN","cp":"34320","adresse":"39 avenue de cassan","nom":"SARL LAFITTE","marque":"Elan"},{"id":"34320003","commune":"ROUJAN","cp":"34320","adresse":"Avenue de pezenas","nom":"SUPER U","marque":"Systeme U"},{"id":"34725001","commune":"SAINT-ANDRE-DE-SANGONIS","cp":"34725","adresse":"Avenue de montpellier","nom":"ESSO BOURGEOIS","marque":"Esso"},{"id":"34130002","commune":"SAINT-AUNES","cp":"34130","adresse":"Ecoparc departemental cd.112","nom":"S.A.S HYPER SAINT AUNES","marque":"Leclerc"},{"id":"34360002","commune":"SAINT-CHINIAN","cp":"34360","adresse":"420, avenue de saint pons","nom":"SA COVALSTE","marque":"Intermarche Contact"},{"id":"34360001","commune":"SAINT-CHINIAN","cp":"34360","adresse":"Avenue de beziers","nom":"STE EXPL.BERNARD","marque":"TotalEnergies"},{"id":"34980001","commune":"SAINT-CLEMENT-DE-RIVIERE","cp":"34980","adresse":"Route de ganges","nom":"CARREFOUR ST CLEMENT","marque":"Carrefour"},{"id":"34980002","commune":"SAINT-GELY-DU-FESC","cp":"34980","adresse":" rue des vautes","nom":"INTERMARCHE ST GELY DU FESC","marque":"Intermarche"},{"id":"34430002","commune":"SAINT-JEAN-DE-VEDAS","cp":"34430","adresse":"Route de sete","nom":"CARREFOUR ST-JEAN DE VEDAS","marque":"Carrefour"},{"id":"34430001","commune":"SAINT-JEAN-DE-VEDAS","cp":"34430","adresse":"Route de montpellier","nom":"STATION ST JEAN VED BESSAC","marque":"TOTAL"},{"id":"34380002","commune":"SAINT-MARTIN-DE-LONDRES","cp":"34380","adresse":"Za de la liquiere","nom":"SPAR","marque":"Supermarches Spar"},{"id":"34270001","commune":"SAINT-MATHIEU-DE-TREVIERS","cp":"34270","adresse":"115, avenue de la republique","nom":"INTERMARCHE ST MATHIEU TREVIERS","marque":"Intermarche"},{"id":"34220002","commune":"SAINT-PONS-DE-THOMIERES","cp":"34220","adresse":"12 avenue de la gare","nom":"GALLIEN  Saint Pons","marque":"GALLIEN"},{"id":"34220001","commune":"SAINT-PONS-DE-THOMIERES","cp":"34220","adresse":"Avenue de la gare","nom":"U EXPRESS","marque":"Systeme U"},{"id":"34410009","commune":"SAUVIAN","cp":"34410","adresse":"2 route de beziers","nom":"CARREFOUR CONTACT","marque":"Carrefour Contact"},{"id":"34410002","commune":"SERIGNAN","cp":"34410","adresse":"Route de valras","nom":"CARREFOUR","marque":"Carrefour"},{"id":"34290003","commune":"SERVIAN","cp":"34290","adresse":"Aut a 9   aire de montblanc sud","nom":"SARL MONTAGNE","marque":"Shell"},{"id":"34290001","commune":"SERVIAN","cp":"34290","adresse":"1 avenue du mas viel","nom":"SUPER  U","marque":"Systeme U"},{"id":"34200001","commune":"SETE","cp":"34200","adresse":"54 bd camille blanc","nom":"AUCHAN SETE","marque":"Auchan"},{"id":"34200012","commune":"SETE","cp":"34200","adresse":"79 boulevard camille","nom":"Avia","marque":"Avia"},{"id":"34200002","commune":"SETE","cp":"34200","adresse":"332 avenue du marechal juin","nom":"Carrefour Market","marque":"Carrefour Market"},{"id":"34200003","commune":"SETE","cp":"34200","adresse":"1356 avenue gilbert martelli","nom":"DYNEFF Sete","marque":"Dyneff"},{"id":"34200013","commune":"SETE","cp":"34200","adresse":"134 bd de verdun","nom":"RELAIS DU TRIOLET","marque":"TotalEnergies Access"},{"id":"34490001","commune":"THEZAN-LES-BEZIERS","cp":"34490","adresse":"Rue de la carrierasse","nom":"STATION U","marque":"Systeme U"},{"id":"34740002","commune":"VENDARGUES","cp":"34740","adresse":"Route d'ales","nom":"ESSO VENDARGUES","marque":"Esso Express"},{"id":"34740004","commune":"VENDARGUES","cp":"34740","adresse":"Rn 113","nom":"RELAIS DE VENDARGUE","marque":"TotalEnergies Access"},{"id":"34350003","commune":"VENDRES","cp":"34350","adresse":"Zac via europa beziers ouest a9 sortie 36","nom":"TRUCK ETAPE","marque":"Independant sans enseigne"},{"id":"34450001","commune":"VIAS","cp":"34450","adresse":"Avenue de beziers","nom":"EOR VIAS","marque":"TotalEnergies"},{"id":"34450002","commune":"VIAS","cp":"34450","adresse":"Lieudit le granevas","nom":"INTERMARCHE VIAS","marque":"Intermarche"},{"id":"34600003","commune":"VILLEMAGNE-L'ARGENTIERE","cp":"34600","adresse":"Route de bedarieux","nom":"INTERMARCHE VILLEMAGNE BEDARIEUX","marque":"Intermarche"},{"id":"34420003","commune":"VILLENEUVE-LES-BEZIERS","cp":"34420","adresse":"Ancienne route de serignan","nom":"Carrefour Market","marque":"Carrefour Market"},{"id":"34750001","commune":"VILLENEUVE-LES-MAGUELONE","cp":"34750","adresse":"93 rue des troenes","nom":"INTERMARCHE VILLENEUVE LES MAGUE","marque":"Intermarche"},{"id":"34400016","commune":"VILLETELLE","cp":"34400","adresse":"A9, aire ambrussum nord (direction nimes montpellier)","nom":"ESSO AIRE AMBRUSSUM NORD","marque":"Esso"},{"id":"34400017","commune":"VILLETELLE","cp":"34400","adresse":"Autoroute a9 - aire ambrussum sud","nom":"RELAIS DU VIDOURLE","marque":"TotalEnergies"},{"id":"34560001","commune":"VILLEVEYRAC","cp":"34560","adresse":"31 rue sauta roch","nom":"SUPERMARCHE SPAR STATION","marque":"SPAR STATION"}]}