{"numero":"18","stations":[{"id":"18410002","commune":"ARGENT-SUR-SAULDRE","cp":"18410","adresse":"Rd 940 les aubepins","nom":"SAS SOLAUDIS","marque":"Systeme U"},{"id":"18700003","commune":"AUBIGNY-SUR-NERE","cp":"18700","adresse":"Avenue de paris","nom":"INTERMARCHE AUBIGNY-SUR-NERE","marque":"Intermarche"},{"id":"18700001","commune":"AUBIGNY-SUR-NERE","cp":"18700","adresse":"Avenue eugene casella","nom":"Market","marque":"Carrefour Market"},{"id":"18520001","commune":"AVORD","cp":"18520","adresse":"2 rue agnes sorel","nom":"INTERMARCHE AVORD","marque":"Intermarche"},{"id":"18800001","commune":"BAUGY","cp":"18800","adresse":"Place du champ de foire","nom":"AVIA XPRESS","marque":"AVIA"},{"id":"18240001","commune":"BELLEVILLE-SUR-LOIRE","cp":"18240","adresse":"Rue de beaumont","nom":"Utile BELLEVILLE SUR LOIRE","marque":"Systeme U"},{"id":"18350003","commune":"BLET","cp":"18350","adresse":"21 rte de bourges","nom":"GARAGE VINCENT PMG","marque":"RENAULT"},{"id":"18240002","commune":"BOULLERET","cp":"18240","adresse":"Les fouchards route de cosne","nom":"Avia Picoty S.A.S.","marque":"Avia"},{"id":"18000011","commune":"BOURGES","cp":"18000","adresse":"Rue raymond boisde","nom":"AUCHAN SUPERMARCHE BOURGES","marque":"Auchan"},{"id":"18000002","commune":"BOURGES","cp":"18000","adresse":"Chausse de chappe","nom":"CARREFOUR BOURGES","marque":"Carrefour"},{"id":"18000004","commune":"BOURGES","cp":"18000","adresse":"110 avenue marcel haegelen","nom":"Carrefour Market","marque":"Carrefour Market"},{"id":"18000001","commune":"BOURGES","cp":"18000","adresse":"Avenue de lattre de tassigny","nom":"CARREFOUR MARKET GIBJONCS","marque":"Carrefour Market"},{"id":"18000016","commune":"BOURGES","cp":"18000","adresse":"Place agenor bardoux","nom":"ESSO EXPRESS BOURGES AURON","marque":"Esso Express"},{"id":"18000014","commune":"BOURGES","cp":"18000","adresse":"114 avenue de dun-sur-auron","nom":"Market","marque":"Carrefour Market"},{"id":"18000019","commune":"BOURGES","cp":"18000","adresse":"8-10 boulevard de l'avenir","nom":"RELAIS BOURGES AVENIR","marque":"TotalEnergies Access"},{"id":"18000018","commune":"BOURGES","cp":"18000","adresse":"Boulevard de l'industrie","nom":"RELAIS BOURGES CAMPING","marque":"TotalEnergies Access"},{"id":"18000017","commune":"BOURGES","cp":"18000","adresse":"10 av. des pres le roi","nom":"RELAIS DES PRES LE ROI","marque":"TotalEnergies"},{"id":"18000021","commune":"BOURGES","cp":"18000","adresse":"153-155 rue louis mallet","nom":"SAS COUPANCES","marque":"Intermarche"},{"id":"18000022","commune":"BOURGES","cp":"18000","adresse":"Zac de varennes 23 rue nicephore niepce","nom":"SAS COUPANCES \"ZAC DE VARENNES \"","marque":"Intermarche"},{"id":"18370001","commune":"CHATEAUMEILLANT","cp":"18370","adresse":"25 rue des garennes","nom":"INTERMARCHE CHATEAUMEILLANT","marque":"Intermarche"},{"id":"18190001","commune":"CHATEAUNEUF-SUR-CHER","cp":"18190","adresse":"Route de levet","nom":"INTERMARCHE CHATEAUNEUF SUR CHER","marque":"Intermarche Contact"},{"id":"18130001","commune":"DUN-SUR-AURON","cp":"18130","adresse":"Rue de l'ermitage","nom":"AVIA XPRESS","marque":"AVIA"},{"id":"18130002","commune":"DUN-SUR-AURON","cp":"18130","adresse":"14 route de bourges","nom":"SUPER U DUN SUR AURON","marque":"Systeme U"},{"id":"18200011","commune":"FARGE ALLICHAMPS","cp":"18200","adresse":"Autoroute a71 - la gazonnieresens bourges - clermond-ferrand","nom":"Esso Centre de la France","marque":"Esso"},{"id":"18310003","commune":"GRACAY","cp":"18310","adresse":"2 rue du paradis","nom":"CARREFOUR CONTACT","marque":"Carrefour Contact"},{"id":"18250002","commune":"HENRICHEMONT","cp":"18250","adresse":"Rue de verdun","nom":"INTERMARCHE HENRICHEMONT","marque":"Intermarche"},{"id":"18570002","commune":"LA CHAPELLE-SAINT-URSIN","cp":"18570","adresse":"Rue des acacias","nom":"Carrefour contact","marque":"Carrefour Contact"},{"id":"18150001","commune":"LA GUERCHE SUR L AUBOIS","cp":"18150","adresse":"34 rue jean comte","nom":"ATAC LA GUERCHE SUR L AUBOIS","marque":"Atac"},{"id":"18170001","commune":"LE CHATELET","cp":"18170","adresse":"Avenue de l'europe","nom":"U Express  LE CHATELET","marque":"Systeme U"},{"id":"18220001","commune":"LES AIX-D'ANGILLON","cp":"18220","adresse":"17 route de bourges","nom":"Carrefour Market","marque":"Carrefour Market"},{"id":"18160001","commune":"LIGNIERES","cp":"18160","adresse":"Route de chateauroux","nom":"Market SAS LIGNIERIS","marque":"Carrefour Market"},{"id":"18500006","commune":"MARMAGNE","cp":"18500","adresse":"A71 aire de bourges marmagne","nom":"AGIP BOURGES MARMAGNE A 71","marque":"ENI"},{"id":"18500007","commune":"MARMAGNE","cp":"18500","adresse":"A71aire de ste thorette","nom":"Esso Bourges Ste Thorette","marque":"Esso"},{"id":"18500004","commune":"MEHUN-SUR-YEVRE","cp":"18500","adresse":"Route de bourges","nom":"INTERMARCHE MEHUN S/YEVRE","marque":"Intermarche"},{"id":"18500008","commune":"MEHUN-SUR-YEVRE","cp":"18500","adresse":"Avenue jean chatelet","nom":"MARKET MEHUN SUR YEVRE","marque":"Carrefour Market"},{"id":"18350001","commune":"NERONDES","cp":"18350","adresse":"Route de blet","nom":"INTERMARCHE NERONDES","marque":"Intermarche Contact"},{"id":"18330001","commune":"NEUVY-SUR-BARANGEON","cp":"18330","adresse":"32 route d'auxerre","nom":"GARAGE AMICHAUD","marque":"Avia"},{"id":"18200009","commune":"ORVAL","cp":"18200","adresse":"Z.a. les noix brulees","nom":"STATION MOUSQUETAIRES","marque":"Intermarche"},{"id":"18200001","commune":"SAINT-AMAND-MONTROND","cp":"18200","adresse":"93 avenue du general de gaulle","nom":"Carrefour Market","marque":"Carrefour Market"},{"id":"18200005","commune":"SAINT-AMAND-MONTROND","cp":"18200","adresse":"Route de bourges","nom":"INTERMARCHE ST AMAND MONTROND","marque":"Intermarche"},{"id":"18200007","commune":"SAINT-AMAND-MONTROND","cp":"18200","adresse":"Route de charenton","nom":"SAS SAMDIS","marque":"Leclerc"},{"id":"18200002","commune":"SAINT-AMAND-MONTROND","cp":"18200","adresse":"43 rue de juranville","nom":"SCAC ST AMAND MONTROND","marque":"TotalEnergies"},{"id":"18230004","commune":"SAINT-DOULCHARD","cp":"18230","adresse":"Rd 2076 route de vierzon","nom":"LECLERC SAINT DOULCHARD","marque":"Leclerc"},{"id":"18400004","commune":"SAINT-FLORENT-SUR-CHER","cp":"18400","adresse":"Rue jean moulin","nom":"Carrefour Market","marque":"Carrefour Market"},{"id":"18400001","commune":"SAINT-FLORENT-SUR-CHER","cp":"18400","adresse":"Zac de la vigonniere  les brosses","nom":"Super U ST FLORENT SUR CHER","marque":"Systeme U"},{"id":"18390003","commune":"SAINT-GERMAIN-DU-PUY","cp":"18390","adresse":"191 les terres du fenestrelay","nom":"Carrefour Market","marque":"Carrefour Market"},{"id":"18390004","commune":"SAINT-GERMAIN-DU-PUY","cp":"18390","adresse":"1 place du 8 mai 1945","nom":"INTERMARCHE STATION CARBURANT","marque":"Intermarche"},{"id":"18110001","commune":"SAINT-MARTIN-D'AUXIGNY","cp":"18110","adresse":"Route de paris","nom":"Carrefour Market","marque":"Carrefour Market"},{"id":"18300005","commune":"SAINT-SATUR","cp":"18300","adresse":"1 champ sous creux route de menetreol","nom":"DATS SAINT SATUR","marque":"Colruyt"},{"id":"18140003","commune":"SANCERGUES","cp":"18140","adresse":"Route de bourges","nom":"LA PETITE STATION","marque":"Esso"},{"id":"18300001","commune":"SANCERRE","cp":"18300","adresse":"Rue creuse","nom":"Carrefour Market","marque":"Carrefour Market"},{"id":"18300006","commune":"SANCERRE","cp":"18300","adresse":"220 route de bourges","nom":"GARAGE DU FORT - AVIA","marque":"Avia"},{"id":"18600001","commune":"SANCOINS","cp":"18600","adresse":"Route de bourges","nom":"AVIA XPRESS","marque":"AVIA"},{"id":"18600003","commune":"SANCOINS","cp":"18600","adresse":"Route de saint pierre le moutier","nom":"INTERMARCHE SANCOINS","marque":"Intermarche"},{"id":"18103001","commune":"VIERZON","cp":"18100","adresse":"1 rue du mouton","nom":"E.LECLERC VIERZON","marque":"Leclerc"},{"id":"18100010","commune":"VIERZON","cp":"18100","adresse":"01 route de bourges","nom":"ESSO EXPRESS VIERZON FORGES","marque":"Esso Express"},{"id":"18100008","commune":"VIERZON","cp":"18100","adresse":"Avenue de lattre de tassigny","nom":"INTERMARCHE VIERZON","marque":"Intermarche"},{"id":"18100016","commune":"VIERZON","cp":"18100","adresse":"7 rue etienne dolet","nom":"MARKET SOFRAFORG","marque":"Carrefour Market"},{"id":"18100015","commune":"VIERZON","cp":"18100","adresse":"11 rue du 11 novembre","nom":"MARKET SOFRAREP","marque":"Carrefour Market"},{"id":"18100011","commune":"VIERZON","cp":"18100","adresse":"70 rue leo merigot","nom":"RELAIS DE LA CHEVROLERIE","marque":"TotalEnergies Access"},{"id":"18100017","commune":"VIERZON","cp":"18100","adresse":"18 avenue du 19 mars 1962","nom":"Station U","marque":"Systeme U"}]}