{"numero":"74","stations":[{"id":"74360004","commune":"ABONDANCE","cp":"74360","adresse":"Lieu-dit chef-lieu la chapelle-d'abondance","nom":"SARL VAL GARAGE","marque":"Avia"},{"id":"74540001","commune":"ALBY-SUR-CHERAN","cp":"74540","adresse":"Route d'aix les bains ndeg 1463","nom":"SARL PROVENT","marque":"TotalEnergies"},{"id":"74200019","commune":"ALLINGES","cp":"74200","adresse":"930 avenue de thonon","nom":"CARBURAUTO","marque":"CARBURAUTO"},{"id":"74200014","commune":"ALLINGES","cp":"74200","adresse":"157 route des blaves","nom":"INTERMARCHE DB ALLINGES","marque":"Intermarche"},{"id":"74350005","commune":"ALLONZIER LA CAILLE","cp":"74350","adresse":"45 route de la caille","nom":"U EXPRESS","marque":"Systeme U"},{"id":"74350003","commune":"ALLONZIER-LA-CAILLE","cp":"74350","adresse":"Route de geneve","nom":"Station esso","marque":"Esso"},{"id":"74800005","commune":"AMANCY","cp":"74800","adresse":"80 route de la roche","nom":"CARREFOUR MARKET","marque":"Carrefour Market"},{"id":"74800004","commune":"AMANCY","cp":"74800","adresse":"65 impasse des champs","nom":"INTERMARCHE AMANCY","marque":"Intermarche"},{"id":"74000002","commune":"ANNECY","cp":"74000","adresse":"134 avenue de geneve","nom":"Carrefour annecy","marque":"Carrefour"},{"id":"74000020","commune":"ANNECY","cp":"74000","adresse":"4 bis chemin des allueges","nom":"ENI ANNECY ALLUEGES","marque":"ENI"},{"id":"74000021","commune":"ANNECY","cp":"74000","adresse":"17 avenue chambery","nom":"ENI annecy avenue de chambery","marque":"ENI"},{"id":"74000004","commune":"ANNECY","cp":"74000","adresse":"Avenue de la plaine","nom":"ESSO NOVEL","marque":"Esso Express"},{"id":"74000007","commune":"ANNECY","cp":"74000","adresse":"4 rue du travail","nom":"INTERMARCHE ANNECY","marque":"Intermarche"},{"id":"74000014","commune":"ANNECY","cp":"74000","adresse":"18 bd.de la rocade","nom":"RELAIS DES ALLUEGES","marque":"TotalEnergies Access"},{"id":"74960001","commune":"ANNECY-LE-VIEUX","cp":"74940","adresse":"Rue des mouettes","nom":"Carrefour Market","marque":"Carrefour Market"},{"id":"74100005","commune":"ANNEMASSE","cp":"74100","adresse":"6 route des vallees","nom":"ESSO DES VALLEES","marque":"Esso Express"},{"id":"74100014","commune":"ANNEMASSE","cp":"74100","adresse":"14 rue de la resistance","nom":"Intermarche HYPER Annemasse","marque":"Intermarche"},{"id":"74100013","commune":"ANNEMASSE","cp":"74100","adresse":"90 route de bonneville","nom":"MARKET ANNEMASSE","marque":"Carrefour Market"},{"id":"74100010","commune":"ANNEMASSE","cp":"74100","adresse":"66 route d'etrembieres","nom":"RELAIS DE CHAMARETTE","marque":"TotalEnergies"},{"id":"74100011","commune":"ANNEMASSE","cp":"74100","adresse":"81 route de thonon","nom":"RELAIS LES VOIRONS","marque":"TotalEnergies"},{"id":"74370001","commune":"ARGONAY","cp":"74370","adresse":"Station total rn.203","nom":"STATION DURET","marque":"TotalEnergies"},{"id":"74420001","commune":"BOEGE","cp":"74420","adresse":"191 rue vallee verte","nom":"STATION VALLEE VERTE","marque":"Avia"},{"id":"74380001","commune":"BONNE","cp":"74380","adresse":"45 route de ripaille - p.a. de la menoge","nom":"Station SUPER U - BONNE","marque":"Systeme U"},{"id":"74130004","commune":"BONNEVILLE","cp":"74130","adresse":"Aire de pontchy bonneville - a40","nom":"Alcane Gestion, station Shell","marque":"Shell"},{"id":"74130006","commune":"BONNEVILLE","cp":"74130","adresse":"516 avenue de geneve","nom":"INTERMARCHE BONNEVILLE","marque":"Intermarche"},{"id":"74130001","commune":"BONNEVILLE","cp":"74130","adresse":"61 rue des grebes huppes","nom":"MARKET BONNEVILLE","marque":"Carrefour Market"},{"id":"74890001","commune":"BONS-EN-CHABLAIS","cp":"74890","adresse":"Route de la scierie","nom":"CARREFOUR MARKET","marque":"Carrefour Market"},{"id":"74400001","commune":"CHAMONIX-MONT-BLANC","cp":"74400","adresse":"Route blanche","nom":"CARREFOUR MARKET","marque":"Carrefour Market"},{"id":"74300001","commune":"CLUSES","cp":"74300","adresse":"913 avenue georges clemenceau","nom":"CARREFOUR CLUSES","marque":"Carrefour"},{"id":"74300003","commune":"CLUSES","cp":"74300","adresse":"1 avenue du mont-blanc","nom":"ESSO CLUSES","marque":"Esso Express"},{"id":"74300008","commune":"CLUSES","cp":"74300","adresse":"705 route de chamonix","nom":"ESSO EXPRESS CLUSES LA MALADIERE","marque":"BP Express"},{"id":"74302001","commune":"CLUSES","cp":"74300","adresse":"819 avenue de la republique","nom":"LARRIVAZ SAS","marque":"TotalEnergies"},{"id":"74920001","commune":"COMBLOUX","cp":"74920","adresse":"559 route de sallanches","nom":"SAS BRONDEX RELAIS TOTAL COMBLOUX","marque":"TotalEnergies"},{"id":"74960012","commune":"CRAN GEVRIER","cp":"74960","adresse":"20 route des creuses","nom":"AGIP CRAN GEVRIER ROUTE DES CREUSES","marque":"ENI"},{"id":"74960003","commune":"CRAN-GEVRIER","cp":"74960","adresse":"1 avenue de la republique","nom":"ESSO DE PARIS","marque":"Esso Express"},{"id":"74960005","commune":"CRAN-GEVRIER","cp":"74960","adresse":"60 route des creuses","nom":"LECLERC SODICRAN","marque":"Leclerc"},{"id":"74350006","commune":"CRUSEILLES","cp":"74350","adresse":"363 route d'annecy","nom":"AVIA SASU ALCOPHI","marque":"Avia"},{"id":"74120010","commune":"DEMI QUARTIER","cp":"74120","adresse":"271 route de sallanches","nom":"AUCHAN SUPERMARCHE MEGEVE (DEMI-QUARTIER)","marque":"Auchan"},{"id":"74700003","commune":"DOMANCY","cp":"74700","adresse":"119 chemin de la zone commerciale","nom":"INTERMARCHE DOMANCY","marque":"Intermarche"},{"id":"74210002","commune":"DOUSSARD","cp":"74210","adresse":"680 route d'annecy","nom":"STATION 508","marque":"Avia"},{"id":"74140002","commune":"DOUVAINE","cp":"74140","adresse":"Route de thonon","nom":"Carrefour Market","marque":"Carrefour Market"},{"id":"74140005","commune":"DOUVAINE","cp":"74140","adresse":"Zi les esserts","nom":"SAS SIMOVA","marque":"Intermarche"},{"id":"74330002","commune":"EPAGNY","cp":"74330","adresse":"Route nationale 508","nom":"RELAIS D'EPAGNY","marque":"TotalEnergies"},{"id":"74330001","commune":"EPAGNY METZ-TESSY","cp":"74330","adresse":"Zi la mandallaz","nom":"AUCHAN EPAGNY","marque":"Auchan"},{"id":"74500009","commune":"EVIAN-LES-BAINS","cp":"74500","adresse":"9 avenue anna de nouailles","nom":"AGIP EVIAN AVENUE DE NOUAILLES","marque":"ENI"},{"id":"74500010","commune":"EVIAN-LES-BAINS","cp":"74500","adresse":"7 avenue des bocquies","nom":"carrefour market EVIAN","marque":"Carrefour Market"},{"id":"74210001","commune":"FAVERGES","cp":"74210","adresse":"Route nationale 508","nom":"Carrefour Market","marque":"Carrefour Market"},{"id":"74210003","commune":"FAVERGES","cp":"74210","adresse":"Za les boucheroz rn 508","nom":"INTERMARCHE FAVERGES","marque":"Intermarche"},{"id":"74250003","commune":"FILLINGES","cp":"74250","adresse":"419 route de la vallee du giffre","nom":"SAS  BAILLEUL Pierre","marque":"Avia"},{"id":"74270001","commune":"FRANGY","cp":"74270","adresse":"Route du tram","nom":"Carrefour Contact","marque":"Carrefour Contact"},{"id":"74240001","commune":"GAILLARD","cp":"74240","adresse":"5 rue rene cassin","nom":"INTERMARCHE GAILLARD","marque":"Intermarche"},{"id":"74130016","commune":"GLIERES VAL DE BORNE","cp":"74130","adresse":"140 rue guillaume fichet","nom":"AVIA GLIERES VAL DE BORNE","marque":"Avia"},{"id":"74570011","commune":"GROISY","cp":"74570","adresse":"A410, aire des, chem. des crets blancs,","nom":"AVIA CRETS BLANCS","marque":"Avia"},{"id":"74570012","commune":"GROISY","cp":"74570","adresse":"Aire de groisy","nom":"Avia Groisy","marque":"Avia"},{"id":"74570004","commune":"GROISY","cp":"74570","adresse":"81 route du plot","nom":"CARREFOUR MARKET GROISY","marque":"Carrefour Market"},{"id":"74330004","commune":"LA BALME-DE-SILLINGY","cp":"74330","adresse":"Route des vignes","nom":"SAS BALMEDIS","marque":"Leclerc"},{"id":"74360002","commune":"LA CHAPELLE-D'ABONDANCE","cp":"74360","adresse":"94 chemin des vorges","nom":"INTERMARCHE LA CHAPELLE D'ABONDA","marque":"Intermarche"},{"id":"74220001","commune":"LA CLUSAZ","cp":"74220","adresse":"664 route des grandes alpes","nom":"GARAGE DU ROCHER","marque":"Elan"},{"id":"74800001","commune":"LA ROCHE-SUR-FORON","cp":"74800","adresse":" avenue de la liberation","nom":"SA STAT. DU MOLE","marque":"TotalEnergies"},{"id":"74260002","commune":"LES GETS","cp":"74260","adresse":"Route des grandes alpes","nom":"TOTAL","marque":"TotalEnergies"},{"id":"74310003","commune":"LES HOUCHES","cp":"74310","adresse":"Route nationale 205 - autoroute  blanche","nom":"RELAIS HOUCHES NORD","marque":"TotalEnergies"},{"id":"74310002","commune":"LES HOUCHES","cp":"74310","adresse":"956 avenue des alpages","nom":"SUPER U LES HOUCHES","marque":"Systeme U"},{"id":"74230004","commune":"LES VILLARDS-SUR-THONES","cp":"74230","adresse":"Lieu-dit  les perrils","nom":"INTERMARCHE VILLARDS SUR THONES","marque":"Intermarche"},{"id":"74140003","commune":"LOISIN","cp":"74140","adresse":"Route nationale 206 tholomaz","nom":"SA LOIDIS SUPER U","marque":"Systeme U"},{"id":"74500005","commune":"LUGRIN","cp":"74500","adresse":"Zac des crets","nom":"INTERMARCHE LUGRIN","marque":"Intermarche"},{"id":"74300009","commune":"MAGLAND","cp":"74300","adresse":"180 allee des noyeres","nom":"SUPER U","marque":"Systeme U"},{"id":"74200003","commune":"MARGENCEL","cp":"74200","adresse":"Rte de geneve","nom":"CARREFOUR MARGENCEL","marque":"Carrefour"},{"id":"74970001","commune":"MARIGNIER","cp":"74970","adresse":"40, rue des clus","nom":"SUPER U - SARL LES CLUS","marque":"Systeme U"},{"id":"74120006","commune":"MEGEVE","cp":"74120","adresse":"Route nationale 522","nom":"RELAIS PRAILLE","marque":"TotalEnergies"},{"id":"74290002","commune":"MENTHON-SAINT-BERNARD","cp":"74290","adresse":"530 route d'annecy","nom":"LE GARAGE DE MENTHON","marque":"TotalEnergies"},{"id":"74190005","commune":"PASSY","cp":"74190","adresse":"Rn 205 voie express","nom":"SARL DRAPEAU / AVIA PASSY LE FAYET","marque":"Avia"},{"id":"74190003","commune":"PASSY","cp":"74190","adresse":"91 avenue de marlioz","nom":"SUPER U PASSY","marque":"Systeme U"},{"id":"74550001","commune":"PERRIGNIER","cp":"74550","adresse":"81 route de thonon","nom":"AGD DEREMBLE","marque":"TotalEnergies"},{"id":"74930003","commune":"PERS JUSSY","cp":"74930","adresse":"Z.a.e des contamines","nom":"INTERMARCHE PERS JUSSY","marque":"Intermarche"},{"id":"74120004","commune":"PRAZ-SUR-ARLY","cp":"74120","adresse":"Route de megeve","nom":"INTERMARCHE PRAZ SUR ARLY","marque":"Intermarche"},{"id":"74500001","commune":"PUBLIER","cp":"74500","adresse":"Rd 1005","nom":"AMPHION","marque":"CORA"},{"id":"74930001","commune":"REIGNIER","cp":"74930","adresse":"210 rue de bersat","nom":"Carrefour Market","marque":"Carrefour Market"},{"id":"74150003","commune":"RUMILLY","cp":"74150","adresse":"Avenue roosevelt","nom":"INTERMARCHE RUMILLY","marque":"Intermarche"},{"id":"74150002","commune":"RUMILLY","cp":"74150","adresse":"Boulevard de l'europe","nom":"STATION U","marque":"Systeme U"},{"id":"74540002","commune":"SAINT-FELIX","cp":"74540","adresse":"224 route d'annecy","nom":"GARAGE GRANGER","marque":"TotalEnergies"},{"id":"74170001","commune":"SAINT-GERVAIS-LES-BAINS","cp":"74170","adresse":"1215 avenue de miage","nom":"GARAGE GRANDJACQUES","marque":"TotalEnergies"},{"id":"74430001","commune":"SAINT-JEAN-D'AULPS","cp":"74430","adresse":"Le vernay bron","nom":"Carrefour Market","marque":"Carrefour Market"},{"id":"74450001","commune":"SAINT-JEAN-DE-SIXT","cp":"74450","adresse":"223 route de la clusaz","nom":"SARL GGE PERGOD","marque":"TotalEnergies"},{"id":"74180001","commune":"SAINT-JEOIRE","cp":"74490","adresse":"123 route de montrenaz","nom":"INTERMARCHE SAINT JEOIRE - SAS ODYSSEE","marque":"Intermarche"},{"id":"74160001","commune":"SAINT-JULIEN-EN-GENEVOIS","cp":"74160","adresse":"Route des vignes","nom":"INTERMARCHE ST JULIEN EN GENEVOI","marque":"Intermarche"},{"id":"74370003","commune":"SAINT-MARTIN-BELLEVUE","cp":"74370","adresse":"Route imperiale","nom":"CARREFOUR CONTACT","marque":"Carrefour Contact"},{"id":"74800002","commune":"SAINT-PIERRE-EN-FAUCIGNY","cp":"74800","adresse":"3515 avenue du mont-blanc","nom":"ESSO DU BORNE","marque":"Esso Express"},{"id":"74700001","commune":"SALLANCHES","cp":"74700","adresse":"1751 avenue de geneve","nom":"CARREFOUR SALLANCHES","marque":"Carrefour"},{"id":"74700005","commune":"SALLANCHES","cp":"74700","adresse":"934 av. de geneve","nom":"RELAIS DU REPOSOIR","marque":"TotalEnergies Access"},{"id":"74340001","commune":"SAMOENS","cp":"74340","adresse":"1365 route de taninges","nom":"Carrefour Market","marque":"Carrefour Market"},{"id":"74140004","commune":"SCIEZ","cp":"74140","adresse":"Rn5 route de thonon","nom":"Leclerc","marque":"Leclerc"},{"id":"74950002","commune":"SCIONZIER","cp":"74950","adresse":"161 avenue des lacs","nom":"CARREFOUR MARKET SCIONZIER","marque":"Carrefour Market"},{"id":"74320006","commune":"SEVRIER","cp":"74320","adresse":"754 route d'albertville","nom":"AVIA","marque":"Avia"},{"id":"74320001","commune":"SEVRIER","cp":"74320","adresse":"75 route des pontets","nom":"Carrefour Market","marque":"Carrefour Market"},{"id":"74600017","commune":"SEYNOD","cp":"74600","adresse":"Avenue d aix les bains","nom":"AUCHAN SEYNOD (ANNECY)","marque":"Auchan"},{"id":"74600016","commune":"SEYNOD","cp":"74600","adresse":"Aire de fontanelles autoroute a41","nom":"Avia Aire de Fontanelles","marque":"Avia"},{"id":"74600013","commune":"SEYNOD","cp":"74600","adresse":"A41 aire de la ripaille","nom":"REL. DE LA RIPAILLE","marque":"TotalEnergies"},{"id":"74600015","commune":"SEYNOD","cp":"74600","adresse":"637 avenue d'aix les bains","nom":"STATION TOTAL","marque":"TotalEnergies"},{"id":"74910003","commune":"SEYSSEL","cp":"74910","adresse":"Route de geneve","nom":"Carrefour Market","marque":"Carrefour Market"},{"id":"74330003","commune":"SILLINGY","cp":"74330","adresse":"1930 route de bellegarde","nom":"Garage de la mandallaz","marque":"Avia"},{"id":"74440002","commune":"TANINGES","cp":"74440","adresse":"382 avenue de thezieres","nom":"SARL JAMET","marque":"Avia"},{"id":"74440001","commune":"TANINGES","cp":"74440","adresse":"Le pre magnin nord","nom":"SUPER U","marque":"Systeme U"},{"id":"74230007","commune":"THONES","cp":"74230","adresse":"34 rue de la saulne","nom":"CARREFOUR MARKET","marque":"Carrefour Market"},{"id":"74230006","commune":"THONES","cp":"74230","adresse":"Avenue d'annecy","nom":"Station des Aravis","marque":"Avia"},{"id":"74200018","commune":"THONON LES BAINS","cp":"74200","adresse":"27 avenue de  geneve","nom":"RELAIS DE THONON","marque":"TotalEnergies"},{"id":"74200002","commune":"THONON-LES-BAINS","cp":"74200","adresse":"Chemin de morcy","nom":"Carrefour Market","marque":"Carrefour Market"},{"id":"74200020","commune":"THONON-LES-BAINS","cp":"74200","adresse":"61 avenue de geneve","nom":"ENI THONON LES BAINS","marque":"ENI"},{"id":"74200006","commune":"THONON-LES-BAINS","cp":"74200","adresse":"54 avenue d'evian","nom":"ESSO BONNE RENCONTRE 2","marque":"Esso Express"},{"id":"74200016","commune":"THONON-LES-BAINS","cp":"74200","adresse":"7 rue amedee de foras","nom":"SAS LEMAN DAITOMI","marque":"Intermarche"},{"id":"74200017","commune":"THONON-LES-BAINS","cp":"74200","adresse":"17 avenue des vallees","nom":"STATION SERVICE DES VALLEES","marque":"Avia"},{"id":"74200021","commune":"THONON-LES-BAINS","cp":"74200","adresse":"13 avenue jules ferry","nom":"THONON JULES FERRY MARKET","marque":"Carrefour Market"},{"id":"74300004","commune":"THYEZ","cp":"74300","adresse":"Rd 19 lieu dit  les bossons","nom":"INTERMARCHE THYEZ","marque":"Intermarche"},{"id":"74520012","commune":"VALLEIRY","cp":"74520","adresse":"A 40 aire de valleiry sud","nom":"AVIA","marque":"Avia"},{"id":"74520010","commune":"VALLEIRY","cp":"74520","adresse":"37 chemin des artisans","nom":"Market","marque":"Carrefour Market"},{"id":"74520009","commune":"VALLEIRY","cp":"74520","adresse":"A40 - km79 - sens milan macon","nom":"REL.DE VALLEIRY NORD","marque":"TotalEnergies"},{"id":"74520011","commune":"VALLEIRY","cp":"74520","adresse":"Acquit est","nom":"STATION VALLEIRY","marque":"TotalEnergies"},{"id":"74140006","commune":"VEIGY-FONCENEX","cp":"74140","adresse":"Les blossonniers route des voirons","nom":"STATION SERVICE AVIA","marque":"Avia"},{"id":"74100008","commune":"VETRAZ-MONTHOUX","cp":"74100","adresse":"17 rue des teppes","nom":"INTERMARCHE VETRAZ MONTHOUX","marque":"Intermarche"},{"id":"74100009","commune":"VETRAZ-MONTHOUX","cp":"74100","adresse":"132 route de bonneville","nom":"STATION DU MONT BLANC","marque":"Elan"},{"id":"74100007","commune":"VILLE-LA-GRAND","cp":"74100","adresse":"Rue albert henon","nom":"VILLE LA DIS. STATION LECLERC","marque":"Leclerc"},{"id":"74500003","commune":"VINZIER","cp":"74500","adresse":"267 route de vers les granges","nom":"SUPER U VINZIER","marque":"Systeme U"},{"id":"74250001","commune":"VIUZ-EN-SALLAZ","cp":"74250","adresse":"3841 route du fer a cheval","nom":"STATION TOTAL ENERGIES VIUZ","marque":"TotalEnergies"},{"id":"74520004","commune":"VULBENS","cp":"74520","adresse":"50 chemin des grands chavannoux","nom":"SAS DORINE - INTERMARCHE","marque":"Intermarche"}]}