{"numero":"51","stations":[{"id":"51260005","commune":"ANGLURE","cp":"51260","adresse":"38 rue de sezanne","nom":"carrefour express","marque":"Carrefour Express"},{"id":"51190001","commune":"AVIZE","cp":"51190","adresse":"Rd9 chemin du paradis","nom":"INTERMARCHE CONTACT","marque":"Intermarche Contact"},{"id":"51160002","commune":"AY","cp":"51160","adresse":"Route d'epernay","nom":"LECLERC EXPRESS","marque":"Leclerc"},{"id":"51110006","commune":"BAZANCOURT","cp":"51110","adresse":"46 rue jean jaures","nom":"CARREFOUR CONTACT BAZANCOURT","marque":"Carrefour Contact"},{"id":"51360001","commune":"BEAUMONT-SUR-VESLE","cp":"51360","adresse":"14 route nationale","nom":"SARL DE BEAUMONT","marque":"TotalEnergies"},{"id":"51130002","commune":"BLANCS COTEAUX","cp":"51130","adresse":"13 avenue du general de gaulle","nom":"SAS PETRO-EST LECLERC VERTUS","marque":"Leclerc"},{"id":"51000001","commune":"CHALONS-EN-CHAMPAGNE","cp":"51000","adresse":"Avenue du president roosevelt","nom":"CARREFOUR CHALONS EN CHAMPAGNE","marque":"Carrefour"},{"id":"51000005","commune":"CHALONS-EN-CHAMPAGNE","cp":"51000","adresse":"Route d'epernay","nom":"ESSO CHALONNAISE","marque":"Esso Express"},{"id":"51000006","commune":"CHALONS-EN-CHAMPAGNE","cp":"51000","adresse":"Place de verdun","nom":"ESSO VALMY","marque":"Esso Express"},{"id":"51000009","commune":"CHALONS-EN-CHAMPAGNE","cp":"51000","adresse":"Avenue du mont-hery","nom":"INTERMARCHE CHALONS EN CHAMPAGNE","marque":"Intermarche"},{"id":"51000013","commune":"CHALONS-EN-CHAMPAGNE","cp":"51000","adresse":"Rn 44 - route de vitry le franc","nom":"RELAIS ST THIEBAUT","marque":"TotalEnergies Access"},{"id":"51500002","commune":"CHAMPFLEURY","cp":"51500","adresse":"Rn  51 champfleury","nom":"SAS PETRO-EST LECLERC CHAMPFLEURY","marque":"Leclerc"},{"id":"51700006","commune":"CHATILLON-SUR-MARNE","cp":"51700","adresse":"Rue clos de la noue","nom":"INTERMARCHE CHATILLON SUR MARNE","marque":"Intermarche"},{"id":"51220001","commune":"CORMICY","cp":"51220","adresse":"38 rue franklin roosevelt","nom":"INTERMARCHE CONTACT","marque":"Intermarche Contact"},{"id":"51350001","commune":"CORMONTREUIL","cp":"51350","adresse":"Route de louvois","nom":"CARREFOUR CORMONTREUIL","marque":"Carrefour"},{"id":"51460003","commune":"COURTISOLS","cp":"51460","adresse":"2 rue denis papin","nom":"INTERMARCHE  CONTACT","marque":"Intermarche Contact"},{"id":"51480001","commune":"DAMERY","cp":"51480","adresse":"2 avenue de champagne","nom":"CENTRAL GARAGE","marque":"TotalEnergies"},{"id":"51700001","commune":"DORMANS","cp":"51700","adresse":"Rue du faubourg chavenay","nom":"Carrefour Market","marque":"Carrefour Market"},{"id":"51700007","commune":"DORMANS","cp":"51700","adresse":"60 rue du docteur moret","nom":"RELAIS DE LA MARNE QUARTIERS","marque":"TotalEnergies Access"},{"id":"51200001","commune":"EPERNAY","cp":"51200","adresse":"13 quai de marne","nom":"CARREFOUR EPERNAY","marque":"Carrefour"},{"id":"51200005","commune":"EPERNAY","cp":"51200","adresse":"Les rechignons dizy","nom":"EPERDIS","marque":"Leclerc"},{"id":"51200004","commune":"EPERNAY","cp":"51200","adresse":"34 avenue jean jaures","nom":"ESSO EPERNAY","marque":"Esso Express"},{"id":"51200006","commune":"EPERNAY","cp":"51200","adresse":"13 bld de la motte","nom":"RELAIS SPARNACIENS  SARL DIAM","marque":"TotalEnergies Access"},{"id":"51310001","commune":"ESTERNAY","cp":"51310","adresse":"100 rue des limonieres","nom":"SAS OCTOMAG","marque":"Intermarche Contact"},{"id":"51510001","commune":"FAGNIERES","cp":"51510","adresse":"Route de troyes","nom":"ESSO FAGNIERES","marque":"Esso Express"},{"id":"51510002","commune":"FAGNIERES","cp":"51510","adresse":"Route d'epernay","nom":"SAS PETRO-EST LECLERC FAGNIERES","marque":"Leclerc"},{"id":"51230001","commune":"FERE-CHAMPENOISE","cp":"51230","adresse":"83 chemin des loges","nom":"CARREFOUR CONTACT","marque":"Carrefour Contact"},{"id":"51230003","commune":"FERE-CHAMPENOISE","cp":"51230","adresse":"Rd 43 - za buisson savin lieu dit les nouseaux","nom":"SAS ALFNAT","marque":"INTERMARCHE"},{"id":"51170001","commune":"FISMES","cp":"51170","adresse":"Rue de la gare","nom":"Carrefour Market","marque":"Carrefour Market"},{"id":"51170003","commune":"FISMES","cp":"51170","adresse":"Route de soissons","nom":"INTERMARCHE FISMES","marque":"Intermarche"},{"id":"51170002","commune":"FISMES","cp":"51170","adresse":"Rn 31 - croix rouge","nom":"SARL FIM'CARBUR","marque":"TotalEnergies"},{"id":"51300006","commune":"FRIGNICOURT","cp":"51300","adresse":"208 avenue de champagne","nom":"SUPER U","marque":"Systeme U"},{"id":"51390002","commune":"GUEUX","cp":"51390","adresse":"Aire de gueux a4","nom":"AGIP GUEUX","marque":"ENI"},{"id":"51140003","commune":"JONCHERY-SUR-VESLE","cp":"51140","adresse":"Rn 31","nom":"SAS PETRO-EST LECLERC JONCHERY","marque":"Leclerc"},{"id":"51370003","commune":"LES MESNEUX","cp":"51370","adresse":"Rue du bas volet","nom":"ECOMARCHE SAS ALIKEV","marque":"Independant sans enseigne"},{"id":"51400011","commune":"LES PETITES LOGES","cp":"51400","adresse":"A4 - strasbourg paris","nom":"RELAIS DE REIMS CHAMPAGNE NORD","marque":"TotalEnergies"},{"id":"51400010","commune":"LES PETITES LOGES","cp":"51400","adresse":"A4 - paris strasbourg","nom":"RELAIS DE REIMS CHAMPAGNE SUD","marque":"TotalEnergies"},{"id":"51500005","commune":"LUDES","cp":"51500","adresse":"8 rue de puisieulx","nom":"CARREFOUR CONTACT LUDES PUISIEULX","marque":"Carrefour Contact"},{"id":"51120004","commune":"MOEURS-VERDEY","cp":"51120","adresse":"Route nationale 4","nom":"RELAIS DU GD MORIN","marque":"TotalEnergies Access"},{"id":"51210001","commune":"MONTMIRAIL","cp":"51210","adresse":"Rue du faubourg de conde","nom":"Carrefour Market","marque":"Carrefour Market"},{"id":"51210005","commune":"MONTMIRAIL","cp":"51210","adresse":"Rd 933 faubourg de paris","nom":"RELAIS MONTMIRAIL","marque":"TotalEnergies Access"},{"id":"51210004","commune":"MONTMIRAIL","cp":"51210","adresse":"10 rue du faubourg de conde","nom":"SAS PETRO-EST LECLERC MONTMIRAIL","marque":"Leclerc"},{"id":"51400004","commune":"MOURMELON-LE-GRAND","cp":"51400","adresse":"Rue des tournieres","nom":"INTERMARCHE","marque":"Intermarche"},{"id":"51400003","commune":"MOURMELON-LE-GRAND","cp":"51400","adresse":"13 place clemenceau","nom":"STATION CLEMENCEAU","marque":"Avia"},{"id":"51140005","commune":"MUIZON","cp":"51140","adresse":"N31","nom":"PETROCOM","marque":"TotalEnergies"},{"id":"51340003","commune":"PARGNY-SUR-SAULX","cp":"51340","adresse":"32 avenue du bois du roi","nom":"SARL GUILLEMIN ENERGIE","marque":"TotalEnergies"},{"id":"51430004","commune":"PIERRY","cp":"51530","adresse":"Rue jules lobet","nom":"SAS PETRO-EST LECLERC PIERRY","marque":"Leclerc"},{"id":"51240002","commune":"POGNY","cp":"51240","adresse":"Rn44","nom":"INTERMARCHE CONTACT","marque":"Intermarche Contact"},{"id":"51490001","commune":"PONTFAVERGER-MORONVILLIERS","cp":"51490","adresse":"Avenue boileau - les platanes","nom":"INTERMARCHE PONTFAVERGER","marque":"Intermarche Contact"},{"id":"51100054","commune":"REIMS","cp":"51100","adresse":"50 rue ceres","nom":"BP REIMS CERES","marque":"BP"},{"id":"51067001","commune":"REIMS","cp":"51100","adresse":"16 route de cernay","nom":"CARREFOUR CERNAY","marque":"Carrefour"},{"id":"51100001","commune":"REIMS","cp":"51100","adresse":"5 avenue georges clemenceau","nom":"Carrefour Market","marque":"Carrefour Market"},{"id":"51100002","commune":"REIMS","cp":"51100","adresse":"47 rue gosset","nom":"Carrefour Market","marque":"Carrefour Market"},{"id":"51100029","commune":"REIMS","cp":"51100","adresse":"31 rue de neufchatel","nom":"Carrefour Market","marque":"Carrefour Market"},{"id":"51068001","commune":"REIMS","cp":"51100","adresse":"1 rue francis garnier","nom":"CORA REIMS NEUVILLETTE","marque":"CORA"},{"id":"51100056","commune":"REIMS","cp":"51100","adresse":"Zac de saint leonard rn44","nom":"ESSO REIMS RN 44","marque":"Esso"},{"id":"51100055","commune":"REIMS","cp":"51100","adresse":"2 rue armand bouxin","nom":"ESSO REIMS VAL DE MURIGNY","marque":"Esso"},{"id":"51100015","commune":"REIMS","cp":"51100","adresse":"11 boulevard saint-marceaux","nom":"ESSO ST MARCEAUX","marque":"Esso Express"},{"id":"51100051","commune":"REIMS","cp":"51100","adresse":"Rue jacques de la giraudiere","nom":"HYPER U REIMS VILLAGE","marque":"Systeme U"},{"id":"51100034","commune":"REIMS","cp":"51100","adresse":"58 boulevard du president wilson","nom":"INTERMARCHE","marque":"Intermarche"},{"id":"51100045","commune":"REIMS","cp":"51100","adresse":"252 bis, avenue jean jaures","nom":"RELAIS CHAMPENOISE","marque":"TotalEnergies Access"},{"id":"51100044","commune":"REIMS","cp":"51100","adresse":"360, avenue de laon","nom":"RELAIS DES BELGES","marque":"TotalEnergies"},{"id":"51100046","commune":"REIMS","cp":"51100","adresse":"140 rue de louvois","nom":"RELAIS DES CHATILLONS","marque":"TotalEnergies Access"},{"id":"51100047","commune":"REIMS","cp":"51100","adresse":"2 rue albert thomas rn 51","nom":"RELAIS DU ROUILLAT","marque":"TotalEnergies Access"},{"id":"51100048","commune":"REIMS","cp":"51100","adresse":"12, avenue brebant","nom":"RELAIS REIMS BREBANT","marque":"TotalEnergies Access"},{"id":"51100057","commune":"REIMS","cp":"51100","adresse":"Route de chalons","nom":"SHELL REIMS","marque":"Shell"},{"id":"51370005","commune":"SAINT BRICE COURCELLES","cp":"51370","adresse":"75 route de reims","nom":"utileo","marque":"TotalEnergies"},{"id":"51370002","commune":"SAINT-BRICE-COURCELLES","cp":"51370","adresse":"La croix maurenciennezone industrielle  de st-brice","nom":"SAS PETRO-EST LECLERC ST BRICE","marque":"Leclerc"},{"id":"51800004","commune":"SAINTE-MENEHOULD","cp":"51800","adresse":"Route de chalons","nom":"AVIA CROCHET FRERES S.A.S.","marque":"Avia"},{"id":"51800001","commune":"SAINTE-MENEHOULD","cp":"51800","adresse":"Avenue de la gare","nom":"SUPER U","marque":"Systeme U"},{"id":"51520002","commune":"SAINT-MARTIN-SUR-LE-PRE","cp":"51520","adresse":"Route nationale 44 - aire de saint martin sur le pre","nom":"RELAIS SAINT MARTIN SUR LE PRE","marque":"TotalEnergies Access"},{"id":"51470001","commune":"SAINT-MEMMIE","cp":"51470","adresse":"7 avenue jacques simon","nom":"GARAGE PIGNY","marque":"Avia"},{"id":"51120003","commune":"SEZANNE","cp":"51120","adresse":"Route de troyes","nom":"SAS PETRO-EST LECLERC SEZANNE","marque":"Leclerc"},{"id":"51500003","commune":"SILLERY","cp":"51500","adresse":"2 route de chalons","nom":"ECOMARCHE","marque":"Intermarche Contact"},{"id":"51320003","commune":"SOMMESOUS","cp":"51320","adresse":"Route nationale 4","nom":"RELAIS DES CRAYERES","marque":"TotalEnergies Access"},{"id":"51230004","commune":"SOMMESOUS","cp":"51320","adresse":"Aire de sommesous - a26","nom":"Shell Sommesous","marque":"Shell"},{"id":"51600003","commune":"SUIPPES","cp":"51600","adresse":"10 avenue du general leclerc","nom":"Carrefour Contact","marque":"Carrefour Contact"},{"id":"51430002","commune":"TINQUEUX","cp":"51430","adresse":"Rn 31","nom":"Carrefour Reims Tinqueux","marque":"Carrefour"},{"id":"51430007","commune":"TINQUEUX","cp":"51430","adresse":"31, avenue du 29 aout 1944","nom":"RELAIS COLBERT","marque":"TotalEnergies Access"},{"id":"51100033","commune":"TOURS-SUR-MARNE","cp":"51150","adresse":"Route de bisseuil","nom":"CERESON STATION","marque":"Intermarche"},{"id":"51800012","commune":"VALMY","cp":"51800","adresse":"A4","nom":"AVIA -AIRE DE VALMY LE MOULIN","marque":"Avia"},{"id":"51800013","commune":"VALMY","cp":"51800","adresse":"A4 - aire de valmy orbeval","nom":"ENI AIRE DE VALMY ORBEVAL","marque":"ENI"},{"id":"51130001","commune":"VERTUS","cp":"51130","adresse":"Avenue du general de gaulle","nom":"CARREFOUR MARKET","marque":"Carrefour Market"},{"id":"51300014","commune":"VITRY-LE-FRANCOIS","cp":"51300","adresse":"16 fbg leon bourgeois","nom":"RELAIS ARQUEBUSE","marque":"TotalEnergies Access"},{"id":"51300013","commune":"VITRY-LE-FRANCOIS","cp":"51300","adresse":"Faubourg de chalons","nom":"RELAIS DES MARVIS","marque":"TotalEnergies Access"},{"id":"51303001","commune":"VITRY-LE-FRANCOIS","cp":"51300","adresse":"Route de vitry en perthois","nom":"SAS PETRO-EST LECLERC VITRY","marque":"Leclerc"},{"id":"51390001","commune":"VRIGNY","cp":"51390","adresse":"Aut a4 aire de vrigny","nom":"SESAR VRIGNY","marque":"Shell"},{"id":"51110002","commune":"WARMERIVILLE","cp":"51110","adresse":"Zac du val des bois","nom":"INTERMARCHE SAS MYRION","marque":"Intermarche"},{"id":"51420001","commune":"WITRY-LES-REIMS","cp":"51420","adresse":"Boulevard charles de gaulle","nom":"Carrefour Market","marque":"Carrefour Market"}]}