{"numero":"01","stations":[{"id":"1500001","commune":"AMBERIEU-EN-BUGEY","cp":"01500","adresse":"Rue alexandre berard","nom":"Carrefour Market","marque":"Carrefour Market"},{"id":"1500004","commune":"AMBERIEU-EN-BUGEY","cp":"01500","adresse":"15 avenue de la liberation","nom":"GARAGE VINCENT SAS","marque":"Avia"},{"id":"1500007","commune":"AMBERIEU-EN-BUGEY","cp":"01500","adresse":"Centre commercial de l'aviationrais","nom":"INTERMARCHE AMBERIEU EN BUGEY","marque":"Intermarche"},{"id":"1500008","commune":"AMBERIEU-EN-BUGEY","cp":"01500","adresse":"Avenue jules pellaudin, station service total","nom":"TOTAL AMBERIEU EN BUGEY","marque":"TotalEnergies"},{"id":"1330003","commune":"AMBERIEUX-EN-DOMBES","cp":"01330","adresse":"245 route du 3 septembre 1944","nom":"STATION TOTAL LUDWIG","marque":"TotalEnergies"},{"id":"1100009","commune":"ARBENT","cp":"01100","adresse":"Rue du 19 mars 1962","nom":"INTERMARCHE HYPER ARBENT","marque":"Intermarche"},{"id":"1100004","commune":"ARBENT - OYONNAX","cp":"01100","adresse":"886 avenue jean coutty","nom":"STATION SERVICE AVIA","marque":"Avia"},{"id":"1510003","commune":"ARTEMARE","cp":"01510","adresse":"1 rue des champs \"les terrasses\"","nom":"CEGOVIDA","marque":"Carrefour Contact"},{"id":"1340004","commune":"ATTIGNAT","cp":"01340","adresse":"771 route de bourg","nom":"GARAGE DES PRES","marque":"Dyneff"},{"id":"1380001","commune":"BAGE-LA-VILLE","cp":"01380","adresse":"1 route du bourg","nom":"DATS BAGE LA VILLE","marque":"Colruyt"},{"id":"1360002","commune":"BALAN","cp":"01360","adresse":"316 route de lyon","nom":"Station service TOTAL ENERGIES","marque":"TotalEnergies"},{"id":"1200001","commune":"BELLEGARDE-SUR-VALSERINE","cp":"01200","adresse":"69 rue de la republique","nom":"Carrefour Market","marque":"Carrefour Market"},{"id":"1200003","commune":"BELLEGARDE-SUR-VALSERINE","cp":"01200","adresse":"Avenue marechal de lattre de tassigny","nom":"CARREFOUR PROVENCIA HYPER","marque":"Carrefour"},{"id":"1300001","commune":"BELLEY","cp":"01300","adresse":"Zac de l ousson","nom":"CARREFOUR","marque":"Carrefour"},{"id":"1300002","commune":"BELLEY","cp":"01300","adresse":"Rue mante","nom":"SIMPLY MARKET","marque":"Simply Market"},{"id":"1350003","commune":"BEON","cp":"01350","adresse":"Parc d'activite des fours","nom":"Intermarche BEON","marque":"Intermarche"},{"id":"1700004","commune":"BEYNOST","cp":"01700","adresse":"Zac des baterses","nom":"SAS BEDIS","marque":"Leclerc"},{"id":"1000016","commune":"BOURG EN BRESSE","cp":"01000","adresse":"1 bvd john kennedy","nom":"Total Energies Relais Kennedy","marque":"TotalEnergies Access"},{"id":"1000008","commune":"BOURG-EN-BRESSE","cp":"01000","adresse":"Bd charles de gaulle","nom":"Carrefour   Bourg en Bresse","marque":"Carrefour"},{"id":"1000002","commune":"BOURG-EN-BRESSE","cp":"01000","adresse":"16 avenue de marboz","nom":"Carrefour Market","marque":"Carrefour Market"},{"id":"1000009","commune":"BOURG-EN-BRESSE","cp":"01000","adresse":"56 rue du stand","nom":"INTERMARCHE BOURG EN BRESSE","marque":"Intermarche"},{"id":"1000013","commune":"BOURG-EN-BRESSE","cp":"01000","adresse":"Boulevard charles de gaulle","nom":"RELAIS BOURG","marque":"TotalEnergies Access"},{"id":"1000004","commune":"BOURG-EN-BRESSE","cp":"01000","adresse":"20 avenue du marechal juin","nom":"SARL WALES DISTRIBUTION","marque":"TotalEnergies"},{"id":"1000007","commune":"BOURG-EN-BRESSE","cp":"01000","adresse":"Avenue francois pignier","nom":"STATION SERVICE E. LECLERC","marque":"Leclerc"},{"id":"1470002","commune":"BRIORD","cp":"01470","adresse":" rue des vercheres","nom":"Intermarche Briord","marque":"Intermarche"},{"id":"1430003","commune":"CEIGNES","cp":"01430","adresse":"Aire de ceignes haut bugey","nom":"AGIP CEIGNES A40 SENS ANNECY BOURG EN BRESSE","marque":"ENI"},{"id":"1430005","commune":"CEIGNES","cp":"01430","adresse":"Autoroute a40 - aire de ceignes cerdon","nom":"RELAIS DE CEIGNES CERDON","marque":"TotalEnergies"},{"id":"1250002","commune":"CEYZERIAT","cp":"01250","adresse":"Aire de bourg teyssonge a 40","nom":"ESSO A40 AIRE DE BOURG TEYSSONGE","marque":"Esso"},{"id":"1250005","commune":"CEYZERIAT","cp":"01250","adresse":"Autoroute a40 - aire de bourg jasseron","nom":"RELAIS BOURG JASSERON","marque":"TotalEnergies"},{"id":"1250006","commune":"CEYZERIAT","cp":"01250","adresse":"51 route de jasseron","nom":"station uexpress ceyzeriat","marque":"Systeme U"},{"id":"1320004","commune":"CHALAMONT","cp":"01320","adresse":"Ld le petit etang","nom":"NETTO CHALAMONT","marque":"Netto"},{"id":"1320001","commune":"CHALAMONT","cp":"01320","adresse":"259 route de meximieux","nom":"SARL JACQUET AUTOMOBILES","marque":"TotalEnergies"},{"id":"1500006","commune":"CHATEAU-GAILLARD","cp":"01500","adresse":"550, rue jean mermoz","nom":"LE RELAIS DE CHATEAU-GAILLARD","marque":"Avia"},{"id":"1500003","commune":"CHATEAU-GAILLARD","cp":"01500","adresse":"550, avenue jean mermoz","nom":"RELAIS CHATEAU-GAILLARD","marque":"TotalEnergies"},{"id":"1400001","commune":"CHATILLON-SUR-CHALARONNE","cp":"01400","adresse":"Avenue marechal foch","nom":"Carrefour Market","marque":"Carrefour Market"},{"id":"1400005","commune":"CHATILLON-SUR-CHALARONNE","cp":"01400","adresse":"Route de marlieux","nom":"INTERMARCHE CHATILLON","marque":"Intermarche"},{"id":"1400006","commune":"CHATILLON-SUR-CHALARONNE","cp":"01400","adresse":"Avenue pierre marcault","nom":"NETTO","marque":"Netto"},{"id":"1300003","commune":"CHAZEY-BONS","cp":"01300","adresse":"Rn 504 - zi de penaye","nom":"INTERMARCHE CHAZEY BONS","marque":"Intermarche"},{"id":"1410001","commune":"CHEZERY-FORENS","cp":"01410","adresse":"Place de la mairie","nom":"GARAGE ALEX AUTO","marque":"Avia"},{"id":"1270003","commune":"COLIGNY","cp":"01270","adresse":"82 grande rue","nom":"Total 24/24 COLIGNY","marque":"Total Energies"},{"id":"1310005","commune":"CONFRANCON","cp":"01310","adresse":"105 route de vandeins","nom":"NETTO","marque":"Netto"},{"id":"1350004","commune":"CULOZ","cp":"01350","adresse":"450 avenue jean falconnier","nom":"CARREFOUR MARKET","marque":"Carrefour Market"},{"id":"1120008","commune":"DAGNEUX","cp":"01120","adresse":"Autoroute a42 - aire de lyon montuel","nom":"RELAIS LYON MONTLUEL","marque":"TotalEnergies"},{"id":"1120007","commune":"DAGNEUX","cp":"01120","adresse":"Autoroute a42, aire de lyon-dagneux","nom":"SHELL","marque":"Shell"},{"id":"1220001","commune":"DIVONNE-LES-BAINS","cp":"01220","adresse":"691 avenue du cret d'eau","nom":"Carrefour Market","marque":"Carrefour Market"},{"id":"1590001","commune":"DORTAN","cp":"01590","adresse":"18, rue du 21 juillet 1944","nom":"GARAGE CLAUDE SARL","marque":"Avia"},{"id":"1570001","commune":"FEILLENS","cp":"01570","adresse":"195 grande rue","nom":"Intermarche","marque":"Intermarche"},{"id":"1210001","commune":"FERNEY-VOLTAIRE","cp":"01210","adresse":"Chemin de la brunette","nom":"CARREFOUR FERNEY VOLTAIRE","marque":"Carrefour"},{"id":"1210003","commune":"FERNEY-VOLTAIRE","cp":"01210","adresse":"Route de meyrin","nom":"CENTRE E.LECLERC","marque":"Leclerc"},{"id":"1170002","commune":"GEX","cp":"01170","adresse":"Lieu-dit les vertes campagnes","nom":"Carrefour Market","marque":"Carrefour Market"},{"id":"1170003","commune":"GEX","cp":"01170","adresse":"Route de divonne les bains","nom":"INTERMARCHE GEX","marque":"Intermarche"},{"id":"1170005","commune":"GEX","cp":"01170","adresse":" avenue des tilleuls","nom":"Station des Tilleuls","marque":"Avia"},{"id":"1110001","commune":"HAUTEVILLE-LOMPNES","cp":"01110","adresse":"Rue masonod","nom":"Carrefour Market","marque":"Carrefour Market"},{"id":"1480001","commune":"JASSANS-RIOTTIER","cp":"01480","adresse":" rue edouard herriot","nom":"Carrefour Market","marque":"Carrefour Market"},{"id":"1340003","commune":"JAYAT","cp":"01340","adresse":"Les cezilles","nom":"INTERMARCHE MONTREVEL EN BRESSE","marque":"Intermarche"},{"id":"1120006","commune":"LA BOISSE","cp":"01120","adresse":"521 route nationale","nom":"GARAGE DE LA BOISSE","marque":"TotalEnergies"},{"id":"1120005","commune":"LA BOISSE","cp":"01120","adresse":"Route de thil","nom":"INTERMARCHE LA BOISSE-MONTLUEL","marque":"Intermarche"},{"id":"1150001","commune":"LAGNIEU","cp":"01150","adresse":"8 rue de l'industrie","nom":"Carrefour Market","marque":"Carrefour Market"},{"id":"1290001","commune":"LAIZ","cp":"01290","adresse":"254 route de chatillon sur chalaronne","nom":"SUPER U","marque":"Systeme U"},{"id":"1590002","commune":"LAVANCIA-EPERCY","cp":"01590","adresse":"Zac sous la combe","nom":"INTERMARCHE","marque":"Intermarche Contact"},{"id":"1130002","commune":"LE POIZAT LALLEYRIAT","cp":"01130","adresse":"867 route de geneve","nom":"SARL GARAGE MEUNIER","marque":"Avia"},{"id":"1980001","commune":"LOYETTES","cp":"01360","adresse":"63 rue du bugey","nom":"cst distribution","marque":"TotalEnergies"},{"id":"1430004","commune":"MAILLAT","cp":"01430","adresse":"2 rue de l'egalite","nom":"AVIA - GARAGE  MURET","marque":"Avia"},{"id":"1340002","commune":"MALAFRETAZ","cp":"01340","adresse":"1699 route de bourg","nom":"PILLEBOIS AUTOMOBILES","marque":"TotalEnergies"},{"id":"1600003","commune":"MASSIEUX","cp":"01600","adresse":"Avenue lavoisier","nom":"AUCHAN SUPERMARCHE","marque":"Auchan"},{"id":"1480004","commune":"MESSIMY-SUR-SAONE","cp":"01480","adresse":"850 rd 933","nom":"GARAGE GELAS SARL","marque":"TotalEnergies"},{"id":"1800001","commune":"MEXIMIEUX","cp":"01800","adresse":"47 route de lyon","nom":"Carrefour Market","marque":"Carrefour Market"},{"id":"1800003","commune":"MEXIMIEUX","cp":"01800","adresse":"Route de chalamont","nom":"INTERMARCHE MEXIMIEUX","marque":"Intermarche"},{"id":"1390009","commune":"MIONNAY","cp":"01390","adresse":"Aire de mionnay est chatanayautoroute a 46","nom":"A46 AIRE DE MIONNAY EST- SENS SUD NORD","marque":"ENI"},{"id":"1390011","commune":"MIONNAY","cp":"01390","adresse":"Aire de mionnay ouest","nom":"SHELL AIRE DE MIONNAY","marque":"Shell"},{"id":"1600001","commune":"MIRIBEL","cp":"01700","adresse":"Rue du figuier","nom":"Carrefour Market","marque":"Carrefour Market"},{"id":"1700003","commune":"MIRIBEL","cp":"01700","adresse":"Rn 83","nom":"ESSO LES ECHETS","marque":"Esso Express"},{"id":"1090001","commune":"MONTCEAUX","cp":"01090","adresse":"1 route de francheleins","nom":"AUCHAN SUPERMARCHE","marque":"Auchan"},{"id":"1120004","commune":"MONTLUEL","cp":"01120","adresse":"Cours de la portelle","nom":"SUPER U MONTLUEL","marque":"Systeme U"},{"id":"1460001","commune":"MONTREAL-LA-CLUSE","cp":"01460","adresse":"68 rue du jura","nom":"Carrefour Market","marque":"Carrefour Market"},{"id":"1340005","commune":"MONTREVEL-EN-BRESSE","cp":"01340","adresse":"103 rue des luyers","nom":"CARREFOUR MARKET","marque":"Carrefour Market"},{"id":"1130003","commune":"NANTUA","cp":"01130","adresse":"Rte de la cluse rn 84","nom":"RELAIS RESIDENCE","marque":"TotalEnergies Access"},{"id":"1160003","commune":"NEUVILLE-SUR-AIN","cp":"01160","adresse":"Rue du docteur hubert","nom":"INTERMARCHE NEUVILLE SUR AIN","marque":"Intermarche"},{"id":"1460002","commune":"NURIEUX-VOLOGNAT","cp":"01460","adresse":"18 route du berthiand","nom":"ETS CRAUSAZ","marque":"Total"},{"id":"1100002","commune":"OYONNAX","cp":"01100","adresse":"Rue brillat-savarin","nom":"Carrefour Market","marque":"Carrefour Market"},{"id":"1100006","commune":"OYONNAX","cp":"01100","adresse":"74 rue jules michelet","nom":"DB OYONNAX","marque":"Intermarche"},{"id":"1100008","commune":"OYONNAX","cp":"01100","adresse":"32 cours de verdun","nom":"NETTO OYONNAX","marque":"Netto"},{"id":"1100007","commune":"OYONNAX","cp":"01100","adresse":"174 cours de verdun","nom":"RELAIS DES CRETETS","marque":"TotalEnergies"},{"id":"1630004","commune":"PERON","cp":"01630","adresse":"Za du pre munny","nom":"INTERMARCHE PERON","marque":"Intermarche"},{"id":"1960006","commune":"PERONNAS","cp":"01960","adresse":"148 avenue de lyon","nom":"AGIP PERONNAS","marque":"ENI"},{"id":"1960001","commune":"PERONNAS","cp":"01960","adresse":"Chemin de bellevue","nom":"Market","marque":"Carrefour Market"},{"id":"1310001","commune":"POLLIAT","cp":"01310","adresse":"1123 route de macon","nom":"GARAGE GUIGUE SA","marque":"TotalEnergies"},{"id":"1160005","commune":"PONT-D'AIN","cp":"01160","adresse":"Rte de bourg rn 75","nom":"RELAIS DU CHENE","marque":"TotalEnergies Access"},{"id":"1160002","commune":"PONT-D'AIN","cp":"01160","adresse":"Le pont rompu - rd 1084","nom":"SUPER U","marque":"Systeme U"},{"id":"1460003","commune":"PORT","cp":"01460","adresse":"Rue de l'industrie","nom":"INTERMARCHE PORT","marque":"Intermarche"},{"id":"1750001","commune":"REPLONGES","cp":"01750","adresse":"223 route de bourg-en-bresse","nom":"INTERMARCHE REPLONGES","marque":"Intermarche"},{"id":"1390001","commune":"SAINT-ANDRE-DE-CORCY","cp":"01390","adresse":"70 allees des marronniers","nom":"Carrefour Market","marque":"Carrefour Market"},{"id":"1390002","commune":"SAINT-ANDRE-DE-CORCY","cp":"01390","adresse":"Z.i. de sure","nom":"RELAIS SAINT ANDRE DE CORCY","marque":"TotalEnergies"},{"id":"1190001","commune":"SAINT-BENIGNE","cp":"01190","adresse":"Pae pont de vaux est","nom":"AVIA XPRESS","marque":"AVIA"},{"id":"1000012","commune":"SAINT DENIS LES BOURG","cp":"01000","adresse":"642 avenue de trevoux","nom":"RELAIS DES VAVRES","marque":"TotalEnergies"},{"id":"1000001","commune":"SAINT-DENIS-LES-BOURG","cp":"01000","adresse":"596 avenue de trevoux","nom":"Carrefour Market","marque":"Carrefour Market"},{"id":"1140001","commune":"SAINT-DIDIER-SUR-CHALARONNE","cp":"01140","adresse":"416 avenue de la liberation","nom":"U EXPRESS","marque":"Systeme U"},{"id":"1370003","commune":"SAINT-ETIENNE-DU-BOIS","cp":"01370","adresse":"40 chemin de la bergaderie","nom":"INTERMARCHE","marque":"Intermarche"},{"id":"1630001","commune":"SAINT-GENIS-POUILLY","cp":"01630","adresse":"Rue de geneve","nom":"Carrefour Market","marque":"Carrefour Market"},{"id":"1630005","commune":"SAINT-GENIS-POUILLY","cp":"01630","adresse":"50 rue de la faucille","nom":"GARAGE RENAULT - P.YVES HUISSOUD","marque":"Avia"},{"id":"1630003","commune":"SAINT-GENIS-POUILLY","cp":"01630","adresse":"148 rue des chalets","nom":"INTERMARCHE ST GENIS POUILLY","marque":"Intermarche"},{"id":"1640003","commune":"SAINT-JEAN-LE-VIEUX","cp":"01640","adresse":"573 route de geneve","nom":"Station Total Saint Jean Le Vieux","marque":"TotalEnergies"},{"id":"1800002","commune":"SAINT-MAURICE-DE-GOURDANS","cp":"01800","adresse":"11 route de port-galland","nom":"SARL GARAGE ROUSSET","marque":"Elan"},{"id":"1230002","commune":"SAINT-RAMBERT-EN-BUGEY","cp":"01230","adresse":"38 avenue de l europe","nom":"SARL MATHY GARAGE DE L EUROPE","marque":"Avia"},{"id":"1560001","commune":"SAINT-TRIVIER-DE-COURTES","cp":"01560","adresse":"Route de pont-de-vaux","nom":"INTERMARCHE CONTACT","marque":"Intermarche Contact"},{"id":"1150002","commune":"SAINT-VULBAS","cp":"01150","adresse":"Avenue charles de gaulle","nom":"TOTAL SAINT VULBAS","marque":"TotalEnergies"},{"id":"1170001","commune":"SEGNY","cp":"01170","adresse":"Rn5","nom":"CARREFOUR SEGNY","marque":"Carrefour"},{"id":"1960005","commune":"SERVAS","cp":"01960","adresse":"50 rue des acacias","nom":"INTERMARCHE SAS INDARRA","marque":"Intermarche Contact"},{"id":"1390010","commune":"ST ANDRE DE CORCY","cp":"01390","adresse":"Zi de la sure","nom":"INTERMARCHE ST ANDRE DE CORCY","marque":"Intermarche"},{"id":"1710001","commune":"THOIRY","cp":"01710","adresse":"Route de bellegarde","nom":"MIGROS","marque":"MIGROS"},{"id":"1230003","commune":"TORCIEU","cp":"01230","adresse":"Rd 1504","nom":"STATION ELAN GARAGE BOLLEY","marque":"Elan"},{"id":"1250004","commune":"TOSSIAT","cp":"01250","adresse":"Route de la vavrette","nom":"AVIA","marque":"Avia"},{"id":"1600002","commune":"TREVOUX","cp":"01600","adresse":"324 route de lyon","nom":"Carrefour Market","marque":"Carrefour Market"},{"id":"1330002","commune":"VILLARS-LES-DOMBES","cp":"01330","adresse":"Zac de la tuilerie","nom":"super u","marque":"Systeme U"},{"id":"1440003","commune":"VIRIAT","cp":"01440","adresse":"261 route de paris","nom":"AVIA","marque":"Avia"},{"id":"1440001","commune":"VIRIAT","cp":"01440","adresse":"1029 route de marboz-louhans","nom":"GARAGE BERRODIER","marque":"TotalEnergies"},{"id":"1440002","commune":"VIRIAT","cp":"01440","adresse":"531 route de strasbourg","nom":"STE DU VEHICULE INDUSTRIEL SAS","marque":"TotalEnergies"},{"id":"1540001","commune":"VONNAS","cp":"01540","adresse":"184 rue du 19 mars 1962","nom":"Carrefour Market","marque":"Carrefour Market"},{"id":"1540003","commune":"VONNAS","cp":"01540","adresse":"Zac les grand varays route de neuville","nom":"Intermarche vonnas","marque":"Intermarche"}]}