{"numero":"36","stations":[{"id":"36140002","commune":"AIGURANDE","cp":"36140","adresse":"La combette","nom":"INTERMARCHE AIGURANDE","marque":"Intermarche"},{"id":"36140003","commune":"AIGURANDE","cp":"36140","adresse":"51 avenue de la republique","nom":"SAS Tisseron","marque":"TotalEnergies"},{"id":"36120001","commune":"ARDENTES","cp":"36120","adresse":"2 avenue de verdun","nom":"MARTEAU SARL GARAGE","marque":"Avia"},{"id":"36200003","commune":"ARGENTON-SUR-CREUSE","cp":"36200","adresse":"Route de saint-marin","nom":"INTERMARCHE ARGENTON SUR CREUSE","marque":"Intermarche"},{"id":"36200002","commune":"ARGENTON-SUR-CREUSE","cp":"36200","adresse":" route de limoges","nom":"SAS SN GEBHARD-PNEU","marque":"TotalEnergies Access"},{"id":"36500001","commune":"BUZANCAIS","cp":"36500","adresse":"Route de chateauroux","nom":"Carrefour Market","marque":"Carrefour Market"},{"id":"36500004","commune":"BUZANCAIS","cp":"36500","adresse":"Route de beauvais ld les chaumes","nom":"INTERMARCHE BUZANCAIS","marque":"Intermarche"},{"id":"36500003","commune":"BUZANCAIS","cp":"36500","adresse":"Route de beauvais","nom":"INTERMARCHE BUZANCAIS - Poids Lourds","marque":"Intermarche"},{"id":"36500002","commune":"BUZANCAIS","cp":"36500","adresse":"7 route de chateauroux","nom":"JUPILLAT","marque":"TotalEnergies"},{"id":"36210001","commune":"CHABRIS","cp":"36210","adresse":"Route de valencay","nom":"Super U CHABRIS","marque":"Systeme U"},{"id":"36000001","commune":"CHATEAUROUX","cp":"36330","adresse":"Route de montlucon","nom":"AUCHAN CHATEAUROUX","marque":"Auchan"},{"id":"36000003","commune":"CHATEAUROUX","cp":"36000","adresse":"40 avenue d'argenton","nom":"Carrefour Market","marque":"Carrefour Market"},{"id":"36000016","commune":"CHATEAUROUX","cp":"36000","adresse":"Rn 20 - rocade sud","nom":"RELAIS DE TOUT VENT","marque":"TotalEnergies Access"},{"id":"36000010","commune":"CHATEAUROUX","cp":"36000","adresse":"Allee des maisons rouges","nom":"SA CHIRAULT","marque":"INDEPENDANT"},{"id":"36000014","commune":"CHATEAUROUX","cp":"36000","adresse":"371 avenue de verdun","nom":"SAS MYMIKA - INTERMARCHE","marque":"Intermarche"},{"id":"36000009","commune":"CHATEAUROUX","cp":"36000","adresse":"Parking carrefour  centre ville","nom":"TOTAL ACCESS CARREFOUR","marque":"TotalEnergies Access"},{"id":"36700002","commune":"CHATILLON-SUR-INDRE","cp":"36700","adresse":"26 rue jean lurcat","nom":"INTERMARCHE CHATILLON SUR INDRE","marque":"Intermarche"},{"id":"36700001","commune":"CHATILLON-SUR-INDRE","cp":"36700","adresse":"Route de tours","nom":"SAS THERET FRERES.","marque":"TotalEnergies"},{"id":"36130001","commune":"DEOLS","cp":"36130","adresse":"Zac du grand deols","nom":"Carrefour Market","marque":"Carrefour Market"},{"id":"36130004","commune":"DEOLS","cp":"36130","adresse":"Rd 920","nom":"RELAIS GRANDEOLS","marque":"TotalEnergies Access"},{"id":"49460001","commune":"ECUEILLE","cp":"36240","adresse":"Rue du 11 novembre 1918","nom":"INTERMARCHE ECUEILLE","marque":"Intermarche"},{"id":"36270001","commune":"EGUZON-CHANTOME","cp":"36270","adresse":"4 rue raymond lagoutte","nom":"Super U EGUZON","marque":"Systeme U"},{"id":"36100001","commune":"ISSOUDUN","cp":"36100","adresse":"59 rue haute saint-paterne","nom":"Carrefour Market","marque":"Carrefour Market"},{"id":"36100003","commune":"ISSOUDUN","cp":"36100","adresse":"Rn 151","nom":"FOUGERE AUTO","marque":"TotalEnergies"},{"id":"36100005","commune":"ISSOUDUN","cp":"36100","adresse":"Route de bourges","nom":"INTERMARCHE","marque":"Intermarche"},{"id":"36100002","commune":"ISSOUDUN","cp":"36100","adresse":"Rue de la limoise","nom":"LIMOISE-DISTR","marque":"Leclerc"},{"id":"36400004","commune":"LA CHATRE","cp":"36400","adresse":"18 rue des ajoncs","nom":"INTERMARCHE LA CHATRE","marque":"Intermarche"},{"id":"36400001","commune":"LA CHATRE","cp":"36400","adresse":"Avenue d'auvergne","nom":"Super U LA CHATRE /INDRE","marque":"Systeme U"},{"id":"36400005","commune":"LA CHATRE","cp":"36400","adresse":"Avenue d'auvergne","nom":"TOTAL ACCESS","marque":"TotalEnergies Access"},{"id":"36300004","commune":"LE BLANC","cp":"36300","adresse":"Rue albert chichery","nom":"BERRY DISTRIBUTION","marque":"Leclerc"},{"id":"36300006","commune":"LE BLANC","cp":"36300","adresse":"14 avenue pierre mendes france","nom":"SU LE BLANC","marque":"Systeme U"},{"id":"36200001","commune":"LE PECHEREAU","cp":"36200","adresse":"Route de gargilesse paumule","nom":"CSF FRANCE STATIONS SERVICE","marque":"Carrefour Market"},{"id":"36110001","commune":"LEVROUX","cp":"36110","adresse":"Route de villegongis","nom":"Super U Coop Atlantique Levroux","marque":"Systeme U"},{"id":"36350002","commune":"LUANT","cp":"36350","adresse":"Autoroute a20 - aire des mille etangs","nom":"RELAIS MILLE ETANGS","marque":"TotalEnergies"},{"id":"36150004","commune":"MEUNET-SUR-VATAN","cp":"36150","adresse":"A20 aire des champs d' amour","nom":"ESSO  A20 AIRE DES CHAMPS D' AMOUR","marque":"Esso"},{"id":"36400006","commune":"MONTGIVRAY","cp":"36400","adresse":"33 rte de neuvy","nom":"ETS AUBRUN","marque":"Independant sans enseigne"},{"id":"36230002","commune":"NEUVY-SAINT-SEPULCHRE","cp":"36230","adresse":"Za   le fay","nom":"SARL ELGATAN","marque":"Systeme U"},{"id":"36290001","commune":"PAULNAY","cp":"36290","adresse":"28 rue georges clemenceau","nom":"STATION SERVICE TOTAL MENAGER","marque":"TotalEnergies"},{"id":"36260002","commune":"REUILLY","cp":"36260","adresse":"1 route de vierzon","nom":"Carrefour Contact","marque":"Carrefour Contact"},{"id":"36170001","commune":"SAINT-BENOIT-DU-SAULT","cp":"36170","adresse":"23 route d'argenton","nom":"Super U ST BENOIT DU SAULT","marque":"Systeme U"},{"id":"36800001","commune":"SAINT-GAULTIER","cp":"36800","adresse":"Rue des remparts","nom":"Carrefour Market","marque":"Carrefour Market"},{"id":"36250003","commune":"SAINT-MAUR","cp":"36250","adresse":"Route de tours","nom":"BELLEVUE-DIS","marque":"Leclerc"},{"id":"36250007","commune":"SAINT-MAUR","cp":"36250","adresse":"96 avenue d'occitanie","nom":"RELAIS TERRES NOIRES","marque":"TotalEnergies Access"},{"id":"36250006","commune":"ST MAUR","cp":"36250","adresse":"Boulevard du franc","nom":"Sas cap sud","marque":"Leclerc"},{"id":"36600001","commune":"VALENCAY","cp":"36600","adresse":"Route de chateauroux","nom":"DEBRAIS ET FILS SAS","marque":"Elan"},{"id":"36600002","commune":"VALENCAY","cp":"36600","adresse":"Avenue de la resistance","nom":"INTERMARCHE VALENCAY","marque":"Intermarche"},{"id":"36150001","commune":"VATAN","cp":"36150","adresse":"Route de chateauroux","nom":"Carrefour Market","marque":"Carrefour Market"},{"id":"36330001","commune":"VELLES","cp":"36330","adresse":"Aire du val de l'indre - autoroute a20","nom":"DUPE TROLL VELLES EURL","marque":"Shell"}]}