{"numero":"73","stations":[{"id":"73220002","commune":"AIGUEBELLE","cp":"73220","adresse":"Grande rue","nom":"CARREFOUR CONTACT","marque":"Carrefour Contact"},{"id":"73260001","commune":"AIGUEBLANCHE","cp":"73260","adresse":"325 rue de la petite prairie","nom":"SUPER SAS CHARDIS","marque":"Systeme U"},{"id":"73340002","commune":"AILLON LE JEUNE","cp":"73340","adresse":"Commune d'aillon-le-jeune, chef-lieu","nom":"STATION-SERVICE","marque":"LES AILLONS"},{"id":"73160003","commune":"AIME","cp":"73210","adresse":"Za des iles","nom":"LECLERC AIME LA PLAGNE","marque":"Leclerc"},{"id":"73100005","commune":"AIX-LES-BAINS","cp":"73100","adresse":"50 avenue gd port rp hopitaux","nom":"ESSO ROND POINT","marque":"Esso Express"},{"id":"73100012","commune":"AIX-LES-BAINS","cp":"73100","adresse":"Rond point lamartine","nom":"RELAIS TOTAL LAMARTINE","marque":"TotalEnergies"},{"id":"73200001","commune":"ALBERTVILLE","cp":"73200","adresse":"89 avenue general de gaulle","nom":"Carrefour Market","marque":"Carrefour Market"},{"id":"73202001","commune":"ALBERTVILLE","cp":"73200","adresse":"29 rue raymond bertrand","nom":"DUVERNEY VAL SAVOIE AUTOMOBILES","marque":"TotalEnergies"},{"id":"73200005","commune":"ALBERTVILLE","cp":"73200","adresse":"100 rue pasteur","nom":"INTERMARCHE ALBERTVILLE","marque":"Intermarche"},{"id":"73200008","commune":"ALBERTVILLE","cp":"73200","adresse":"Zi du chiriac","nom":"Intermarche HYPER Albertville","marque":"Intermarche"},{"id":"73200002","commune":"ALBERTVILLE","cp":"73200","adresse":"Plaine de conflans","nom":"PIERRE DU ROY","marque":"Carrefour Market"},{"id":"73200006","commune":"ALBERTVILLE","cp":"73200","adresse":"20 avenue des chasseurs alpins","nom":"RELAIS ALBERTVILLE LES CHASSEURS","marque":"TotalEnergies Access"},{"id":"73000001","commune":"BASSENS","cp":"73000","adresse":"21 rue centrale","nom":"CARREFOUR BASSENS","marque":"Carrefour"},{"id":"73700005","commune":"BOURG-SAINT-MAURICE","cp":"73700","adresse":"Lieu-dit le mollard","nom":"INTERMARCHE BOURG ST MAURICE","marque":"Intermarche"},{"id":"73700001","commune":"BOURG-SAINT-MAURICE","cp":"73700","adresse":"Route des arcs","nom":"SODIBAL SAS","marque":"Systeme U"},{"id":"73730008","commune":"CEVINS","cp":"73730","adresse":"Rn 90","nom":"AGIP CEVINS RN90","marque":"ENI"},{"id":"73000002","commune":"CHAMBERY","cp":"73000","adresse":"1097 avenue des landiers","nom":"CARREFOUR CHAMNORD","marque":"Carrefour"},{"id":"73000007","commune":"CHAMBERY","cp":"73000","adresse":"204 avenue du grand verger","nom":"ESSO DU GRAND VERGER","marque":"Esso Express"},{"id":"73000012","commune":"CHAMBERY","cp":"73000","adresse":"Voie rap. urb. rn 201","nom":"RELAIS CHAMBERY","marque":"TotalEnergies Access"},{"id":"73000009","commune":"CHAMBERY","cp":"73000","adresse":"345 quai du 11 novembre","nom":"RELAIS DE LA LEYSSE","marque":"Avia"},{"id":"73000014","commune":"CHAMBERY","cp":"73000","adresse":"427 rue ducretet","nom":"RELAIS LE BOURGET CHAMBERY","marque":"TotalEnergies Access"},{"id":"73000013","commune":"CHAMBERY","cp":"73000","adresse":"1388 avenue de lyon","nom":"RELAIS REVERIAZ","marque":"TotalEnergies Access"},{"id":"73024001","commune":"CHAMBERY","cp":"73000","adresse":"1327 avenue de la houille blanche","nom":"S A T M","marque":"Independant sans enseigne"},{"id":"73000017","commune":"CHAMBERY","cp":"73000","adresse":"42 avenue d'annecy","nom":"SUPER U CHAMBERY LE HAUT","marque":"Systeme U"},{"id":"73390007","commune":"CHATEAUNEUF","cp":"73390","adresse":"Aire de l'arclusaz","nom":"AGIP AIRE ARCLUSAZ A43 SENS TUNNEL FREJUS-CHAMBERY","marque":"ENI"},{"id":"73390008","commune":"CHATEAUNEUF","cp":"73390","adresse":"Aire de val gelonautoroute a43","nom":"AGIP VAL GELON A43 SENS CHAMBERY TURIN","marque":"ENI"},{"id":"73160002","commune":"COGNIN","cp":"73160","adresse":"Rue de l'epine","nom":"SAS SUPER EPINE","marque":"Systeme U"},{"id":"73120003","commune":"COURCHEVEL","cp":"73120","adresse":"52 impasse du bois du ban","nom":"COURCHEVEL AUTOS SERVICES","marque":"Avia"},{"id":"73120001","commune":"COURCHEVEL","cp":"73120","adresse":"Le carray","nom":"GARAGE DU GRAND PONT","marque":"Elan"},{"id":"73110003","commune":"DETRIER","cp":"73110","adresse":"Lieu-dit champ virieu","nom":"SUPER U DETRIER","marque":"Systeme U"},{"id":"73420001","commune":"DRUMETTAZ-CLARAFOND","cp":"73420","adresse":"214 chemin de la boisiere","nom":"SAS DRUMEDIS","marque":"Leclerc"},{"id":"73800003","commune":"FRANCIN","cp":"73800","adresse":"Route nationale 6","nom":"RELAIS DU GRANIER","marque":"TotalEnergies"},{"id":"73500006","commune":"FRENEY","cp":"73500","adresse":"Ex autoport du frejus","nom":"ALCANE GESTION","marque":"Shell"},{"id":"73460003","commune":"FRONTENEX","cp":"73460","adresse":"Zi le pont","nom":"NETTO FRONTENEX","marque":"Netto"},{"id":"73100001","commune":"GRESY-SUR-AIX","cp":"73100","adresse":"136 rue des allobroges","nom":"Carrefour Market","marque":"Carrefour Market"},{"id":"73300004","commune":"HERMILLON","cp":"73300","adresse":"Quartier longefan","nom":"Intermarche","marque":"Intermarche"},{"id":"73540005","commune":"LA BATHIE","cp":"73540","adresse":"Rue du bompan aire de langon","nom":"ELAN LA BATHIE","marque":"Elan"},{"id":"73540002","commune":"LA BATHIE","cp":"73540","adresse":"Route de l'energie","nom":"STATION U","marque":"Systeme U"},{"id":"73410001","commune":"LA BIOLLE","cp":"73410","adresse":"54 rue du glatey","nom":"INTERMARCHE LA BIOLLE","marque":"Intermarche"},{"id":"73800006","commune":"LAISSAUD","cp":"73800","adresse":"120 rue du gresivaudan","nom":"TOTAL LAISSAUD","marque":"TotalEnergies"},{"id":"73290008","commune":"LA MOTTE-SERVOLEX","cp":"73290","adresse":"330 avenue jean rostand","nom":"ENI LA MOTTE SERVOLEX","marque":"ENI"},{"id":"73290001","commune":"LA MOTTE-SERVOLEX","cp":"73290","adresse":"75 rue lavoisier","nom":"STATION U        SUPER  U la motte sevolex","marque":"Systeme U"},{"id":"73490003","commune":"LA RAVOIRE","cp":"73490","adresse":"Rd 1006 carrefour la trousse","nom":"RELAIS DE LA RAVOIRE","marque":"TotalEnergies Access"},{"id":"73490002","commune":"LA RAVOIRE","cp":"73490","adresse":"Rue du pre renaud","nom":"SAS SUPER GRANIER","marque":"Systeme U"},{"id":"73110002","commune":"LA ROCHETTE","cp":"73110","adresse":"Rue de la grangette","nom":"Carrefour Market","marque":"Carrefour Market"},{"id":"73370001","commune":"LE BOURGET-DU-LAC","cp":"73370","adresse":"3263 route du tunnel bourdeau","nom":"SARL GARAGE MINIGGIO","marque":"Independant sans enseigne"},{"id":"73630004","commune":"LE CHATELARD","cp":"73630","adresse":"85 rue des ecuries","nom":"CARREFOUR CONTACT LE CHATELARD","marque":"Carrefour Contact"},{"id":"73300005","commune":"LE CORBIER - VILLAREMBERT","cp":"73300","adresse":"Station le corbier - le planet","nom":"ELAN - Le Corbier","marque":"Elan"},{"id":"73330001","commune":"LE PONT-DE-BEAUVOISIN","cp":"73330","adresse":"Zae la baronnie - 66 rue de l'ecuree","nom":"HYPER U PONT DE BEAUVOISIN","marque":"Systeme U"},{"id":"73330002","commune":"LE PONT-DE-BEAUVOISIN","cp":"73330","adresse":"Zi baronnie","nom":"INTERMARCHE PONT DE BEAUVOISIN","marque":"Intermarche"},{"id":"73660001","commune":"LES-CHAVANNES-EN-MAURIENNE","cp":"73660","adresse":"596 route du lac","nom":"TOTAL Garage DARMEZIN","marque":"TotalEnergies"},{"id":"73340001","commune":"LESCHERAINES","cp":"73340","adresse":"Lieu-dit chef lieu","nom":"Cattin Freres SAS","marque":"Cattin Freres"},{"id":"73500005","commune":"MODANE","cp":"73500","adresse":"70, avenue de la liberte","nom":"INTERMARCHE","marque":"Intermarche"},{"id":"73800005","commune":"MONTMELIAN","cp":"73800","adresse":"Chemin de la caronniere","nom":"INTERMARCHE MONTMELIAN","marque":"Intermarche"},{"id":"73800002","commune":"MONTMELIAN","cp":"73800","adresse":"Le boisset francin","nom":"SA SODISAL","marque":"Systeme U"},{"id":"73200003","commune":"MOUTIERS","cp":"73600","adresse":"Avenue des salines royales","nom":"Carrefour Market","marque":"Carrefour Market"},{"id":"73600009","commune":"MOUTIERS","cp":"73600","adresse":"446 avenue des xvi e jo d'hiver","nom":"Casino moutiers","marque":"Casino"},{"id":"73182003","commune":"MOUXY","cp":"73182","adresse":"Aire de mouxy","nom":"AGIP MOUXY A41 SENS CHAMBERY ANNECY","marque":"ENI"},{"id":"73420005","commune":"MOUXY","cp":"73100","adresse":"Autoroute a41n - aire de drumettaz","nom":"RELAIS DE DRUMETTAZ","marque":"TotalEnergies"},{"id":"73800001","commune":"MYANS","cp":"73800","adresse":"Autoroute a41 aire du granier","nom":"ESSO A41 AIRE DU GRANIER","marque":"Esso"},{"id":"73470001","commune":"NOVALAISE","cp":"73470","adresse":"Route du lac","nom":"SAS Le Pinet","marque":"Avia"},{"id":"73310002","commune":"RUFFIEUX","cp":"73310","adresse":"Zae de saumont","nom":"SAS RUFFIEUX DISTRIBUTION","marque":"Systeme U"},{"id":"73610002","commune":"SAINT-ALBAN-DE-MONTBEL","cp":"73610","adresse":"3320 route du lac","nom":"BPC GARAGE","marque":"Avia"},{"id":"73230001","commune":"SAINT-ALBAN-LEYSSE","cp":"73230","adresse":"319 avenue de chambery","nom":"AVIA ST ALBAN LEYSSE","marque":"Avia"},{"id":"73130002","commune":"SAINTE MARIE DE CUINES","cp":"73130","adresse":"Les grands pres","nom":"INTERMARCHE SAINTE MARIE DE CUINES","marque":"Intermarche"},{"id":"73130004","commune":"SAINTE-MARIE-DE-CUINES","cp":"73130","adresse":"Za des grands pres","nom":"T - PSE  - SAINTE MARIE","marque":"TotalEnergies"},{"id":"73240001","commune":"SAINT-GENIX-SUR-GUIERS","cp":"73240","adresse":"Lieu dit contin","nom":"SAS FAGLE","marque":"Netto"},{"id":"73300002","commune":"SAINT-JEAN-DE-MAURIENNE","cp":"73300","adresse":"Avenue du 8 mai 1945 les plans","nom":"AGIP ST JEAN DE MAURIENNE ZC LES PLANS","marque":"ENI"},{"id":"73300001","commune":"SAINT-JEAN-DE-MAURIENNE","cp":"73300","adresse":"Chemin de combe-paillarde","nom":"Carrefour Market","marque":"Carrefour Market"},{"id":"73190001","commune":"SAINT-JEOIRE-PRIEURE","cp":"73190","adresse":"70 route nationale 6","nom":"Carrefour Market","marque":"Carrefour Market"},{"id":"73190002","commune":"SAINT-JEOIRE-PRIEURE","cp":"73190","adresse":"Aire de l'abis autoroute a 43","nom":"ESSO A43 AIRE DE L'ABIS","marque":"Esso"},{"id":"73870003","commune":"SAINT-JULIEN-MONT-DENIS","cp":"73870","adresse":"Autoroute a43, aire de saint-julien-mont-denis","nom":"Dyneff Saint-Julien-Mont-Denis","marque":"Dyneff"},{"id":"73140008","commune":"SAINT MARTIN D'ARC","cp":"73140","adresse":"Aire st michel de maurienne a43 sens albertville tunnel frejus","nom":"AGIP A43 SENS ALBERTILLIE TURIN AIRE ST MICHEL DE MAURIENNE","marque":"ENI"},{"id":"73140001","commune":"SAINT-MICHEL-DE-MAURIENNE","cp":"73140","adresse":"4 place de la vanoise","nom":"Carrefour Market","marque":"Carrefour Market"},{"id":"73140003","commune":"SAINT-MICHEL-DE-MAURIENNE","cp":"73140","adresse":"14 bis rue du temple","nom":"SMG AUTOMOBILE","marque":"TotalEnergies"},{"id":"73250001","commune":"SAINT-PIERRE-D'ALBIGNY","cp":"73250","adresse":"Zi du carouge","nom":"SAS SAVOT INTERMARCHE","marque":"Intermarche"},{"id":"73600002","commune":"SALINS FONTAINE","cp":"73600","adresse":"Zone des moulins","nom":"STATION U SALINS","marque":"Systeme U"},{"id":"73600007","commune":"SALINS-LES-THERMES","cp":"73600","adresse":"427 avenue des thermes","nom":"ENI SALINS","marque":"ENI"},{"id":"73600006","commune":"SALINS-LES-THERMES","cp":"73600","adresse":"192 av.des thermes salins","nom":"RELAIS DU DORON","marque":"TotalEnergies Access"},{"id":"38380004","commune":"ST PIERRE D'ENTREMONT","cp":"73670","adresse":"Les platieres","nom":"COMMUNAUTE DE COMMUNES COEUR DE CHARTREUSE","marque":"Independant sans enseigne"},{"id":"73320002","commune":"TIGNES","cp":"73320","adresse":"Lieu-dit les chartreux","nom":"STATION SERVICE AVIA","marque":"Avia"},{"id":"73460002","commune":"TOURNON","cp":"73460","adresse":"217 rue du grand arc carrefour des vallees","nom":"E.LECLERC TOURNON","marque":"Leclerc"},{"id":"73400003","commune":"UGINE","cp":"73400","adresse":"14 rue antoine borrel","nom":"CARREFOUR MARKET UGINE","marque":"Carrefour Market"},{"id":"73400001","commune":"UGINE","cp":"73400","adresse":"2120 route d'annecy","nom":"RELAIS LA SAVOYARDE","marque":"TotalEnergies"},{"id":"73400005","commune":"UGINE","cp":"73400","adresse":"27 avenue jean marie meunier","nom":"STATION SERVICE AVIA","marque":"Avia"},{"id":"73480001","commune":"VAL CENIS","cp":"73480","adresse":"1 route de l'iseran lanslebourg","nom":"GARAGE BURDIN  AVIA","marque":"Avia"},{"id":"73100008","commune":"VAL CENIS","cp":"73500","adresse":"Zone des favieres-sollieres","nom":"INTERMARCHE VAL CENIS","marque":"Intermarche"},{"id":"73150003","commune":"VAL-D'ISERE","cp":"73150","adresse":"278 avenue olympique","nom":"AVIA","marque":"Avia"},{"id":"73450001","commune":"VALLOIRE","cp":"73450","adresse":"Route du telegraphe - les cahrbonnieres","nom":"SAS OIL AND GAZ","marque":"TotalEnergies"},{"id":"73270001","commune":"VILLARD-SUR-DORON","cp":"73270","adresse":"100 route du jardy","nom":"INTERMARCHE VILLARD S/ DORON","marque":"Intermarche"},{"id":"73420002","commune":"VIVIERS-DU-LAC","cp":"73420","adresse":"La coua","nom":"INTERMARCHE VIVIERS DU LAC","marque":"Intermarche"},{"id":"73420004","commune":"VOGLANS","cp":"73420","adresse":"Route de l'aeroport","nom":"Leclerc Drive","marque":"Leclerc"},{"id":"73170001","commune":"YENNE","cp":"73170","adresse":"Rn504","nom":"Carrefour Market","marque":"Carrefour Market"}]}