{"numero":"76","stations":[{"id":"76720003","commune":"AUFFAY","cp":"76720","adresse":"28 rue de verdun","nom":"Carrefour Contact","marque":"Carrefour Contact"},{"id":"76730001","commune":"BACQUEVILLE-EN-CAUX","cp":"76730","adresse":"Route d'ablemont","nom":"THECAS SARL","marque":"Carrefour Contact"},{"id":"76360001","commune":"BARENTIN","cp":"76360","adresse":"Plateau du mesnil-roux, zone la carbonniere","nom":"CARREFOUR BARENTIN","marque":"Carrefour"},{"id":"76360002","commune":"BARENTIN","cp":"76360","adresse":"168 avenue andre maurois","nom":"DUPRAY BERTRAND","marque":"TotalEnergies"},{"id":"76590001","commune":"BELMESNIL","cp":"76590","adresse":"54 route de la mer","nom":"EURL DELABRIERE JEAN-FRANCOIS","marque":"Independant sans enseigne"},{"id":"76370002","commune":"BERNEVAL-LE-GRAND","cp":"76370","adresse":"9 route de dieppe","nom":"STATION H.M. AUTOMOBILES","marque":"TotalEnergies"},{"id":"76420004","commune":"BIHOREL","cp":"76420","adresse":"Rue du marechal de lattre de tassigny","nom":"Carrefour Market","marque":"Carrefour Market"},{"id":"76420006","commune":"BIHOREL","cp":"76420","adresse":"184 route de neufchatel","nom":"RELAIS ROUEN BIHOREL","marque":"TotalEnergies Access"},{"id":"76420001","commune":"BIHOREL","cp":"76420","adresse":"Avenue du marechal juin","nom":"SUPER U","marque":"Systeme U"},{"id":"76340005","commune":"BLANGY SUR BRESLE","cp":"76340","adresse":"Rue des marais","nom":"SUPER U SAS MOTTIN","marque":"Systeme U"},{"id":"76230001","commune":"BOIS-GUILLAUME","cp":"76230","adresse":"Avenue de l'europe","nom":"Carrefour Market","marque":"Carrefour Market"},{"id":"76230002","commune":"BOIS-GUILLAUME","cp":"76230","adresse":"Rue de la republique","nom":"Carrefour Market","marque":"Carrefour Market"},{"id":"76210004","commune":"BOLBEC","cp":"76210","adresse":"52 avenue louis debray","nom":"INTERMARCHE BOLBEC","marque":"Intermarche"},{"id":"76210005","commune":"BOLBEC","cp":"76210","adresse":"Avenue du marechal joffre","nom":"Netto","marque":"Netto"},{"id":"76210002","commune":"BOLBEC","cp":"76210","adresse":"17 rue jacques fauquet","nom":"SARL ALBIK","marque":"Avia"},{"id":"76210006","commune":"BOLLEVILLE","cp":"76210","adresse":"Aire de bolleville  a29","nom":"ESSO BOLLEVILLE","marque":"Esso"},{"id":"76240001","commune":"BONSECOURS","cp":"76240","adresse":"Rue etienne achavanne","nom":"SUPER  U  BONSECOURS","marque":"Systeme U"},{"id":"76520002","commune":"BOOS","cp":"76520","adresse":"Departemental rd 6014","nom":"INTERMARCHE BOOS","marque":"Intermarche"},{"id":"76850001","commune":"BOSC-LE-HARD","cp":"76850","adresse":"Rue des forges","nom":"Market","marque":"Carrefour Market"},{"id":"76680004","commune":"BOSC-MESNIL","cp":"76680","adresse":"Autoroute a28 - aire de bosc mesnil","nom":"RELAIS BOSC MESNIL","marque":"TotalEnergies"},{"id":"76680005","commune":"BOSC-MESNIL","cp":"76680","adresse":"A28 - abbeville/rouen","nom":"REL. DE MAUCOMBLE","marque":"TotalEnergies"},{"id":"76750001","commune":"BUCHY","cp":"76750","adresse":"Route de la gare","nom":"Carrefour Market","marque":"Carrefour Market"},{"id":"76380002","commune":"CANTELEU","cp":"76380","adresse":"40 rue du canal","nom":"BAPDIS SAS","marque":"Leclerc"},{"id":"76380003","commune":"CANTELEU","cp":"76380","adresse":"Rue du commandant georges ledru","nom":"INTERMARCHE CANTELEU","marque":"Intermarche"},{"id":"76380006","commune":"CANTELEU","cp":"76380","adresse":"2 avenue du  president allende","nom":"Station Auchan Supermarche Parea","marque":"Auchan"},{"id":"76450001","commune":"CANY-BARVILLE","cp":"76450","adresse":"Avenue maximiliansau","nom":"Carrefour Market","marque":"Carrefour Market"},{"id":"76450003","commune":"CANY-BARVILLE","cp":"76450","adresse":"30 route de veulette","nom":"STATION DE LA DURDENT","marque":"TotalEnergies"},{"id":"76490002","commune":"CAUDEBEC-EN-CAUX","cp":"76490","adresse":"Rue sainte gertrude","nom":"Carrefour Market","marque":"Carrefour Market"},{"id":"76910001","commune":"CRIEL-SUR-MER","cp":"76910","adresse":"Lieu-dit les marais","nom":"INTERMARCHE CRIEL SUR MER","marque":"Intermarche"},{"id":"76280003","commune":"CRIQUETOT-L'ESNEVAL","cp":"76280","adresse":"Rue de la gare","nom":"INTERMARCHE CRIQUETOT L'ESNEVAL","marque":"Intermarche"},{"id":"76160002","commune":"DARNETAL","cp":"76160","adresse":"42 rue sadi carnot","nom":"ESSO DARNETAL","marque":"Esso Express"},{"id":"76250003","commune":"DEVILLE LES ROUEN","cp":"76250","adresse":"570 route de dieppe","nom":"SARL ALBIK","marque":"Avia"},{"id":"76250001","commune":"DEVILLE-LES-ROUEN","cp":"76250","adresse":"44 rue de la republique","nom":"Carrefour Market","marque":"Carrefour Market"},{"id":"76371001","commune":"DIEPPE","cp":"76371","adresse":"Centre commercial le belvedere","nom":"AUCHAN DIEPPE","marque":"Auchan"},{"id":"76370001","commune":"DIEPPE","cp":"76370","adresse":"52 avenue de la liberation","nom":"Carrefour Market","marque":"Carrefour Market"},{"id":"76370004","commune":"DIEPPE","cp":"76370","adresse":"Etranmartin eglise","nom":"DIEPPE DIS","marque":"Leclerc"},{"id":"76200002","commune":"DIEPPE","cp":"76200","adresse":"78 rue gambetta","nom":"ESSO LES CANADIENS","marque":"Esso Express"},{"id":"76200004","commune":"DIEPPE","cp":"76200","adresse":"Avenue des canadiens","nom":"RELAIS DIEPPE DUQUESNE","marque":"TotalEnergies Access"},{"id":"76200003","commune":"DIEPPE","cp":"76200","adresse":"14 avenue normandie sussex","nom":"SAS MARCHAND","marque":"Independant sans enseigne"},{"id":"76370006","commune":"DIEPPE","cp":"76370","adresse":"Avenue de breaute","nom":"SAS THIMONT","marque":"Intermarche"},{"id":"76560001","commune":"DOUDEVILLE","cp":"76560","adresse":"6 rue jean varin","nom":"Carrefour Market","marque":"Carrefour Market"},{"id":"76480001","commune":"DUCLAIR","cp":"76480","adresse":"Avenue du president coty","nom":"STATION DU BAC","marque":"BP"},{"id":"76500004","commune":"ELBEUF","cp":"76500","adresse":"43 cours carnot","nom":"RELAIS CARNOT","marque":"TotalEnergies"},{"id":"76500005","commune":"ELBEUF","cp":"76500","adresse":"7 rue du neubourg","nom":"Station Carrefour Market Elbeuf","marque":"Carrefour Market"},{"id":"76630001","commune":"ENVERMEU","cp":"76630","adresse":"72 rue des canadiens","nom":"CARREFOUR CONTACT ENVERMEU","marque":"Carrefour Contact"},{"id":"76133001","commune":"EPOUVILLE","cp":"76133","adresse":"Rue aristide briand","nom":"Carrefour Market","marque":"Carrefour Market"},{"id":"76260003","commune":"ETALONDES","cp":"76260","adresse":"Rd 925 etalondes","nom":"E.LECLERC SAS ETADIS","marque":"Leclerc"},{"id":"76260004","commune":"EU","cp":"76260","adresse":"15, place du general de gaulle","nom":"ESSO DE LA BRESLE","marque":"Esso"},{"id":"76260005","commune":"EU","cp":"76260","adresse":"24 bd. faidherbe - rd 925","nom":"RELAIS DE LA BRESLE","marque":"TotalEnergies"},{"id":"76640004","commune":"FAUVILLE-EN-CAUX","cp":"76640","adresse":"Place gaston sanson","nom":"CARREFOUR CONTACT","marque":"Carrefour Contact"},{"id":"76640002","commune":"FAUVILLE-EN-CAUX","cp":"76640","adresse":"Rue de l'europe","nom":"SA FAUDIS SUPER U","marque":"Systeme U"},{"id":"74500002","commune":"FECAMP","cp":"76400","adresse":"Rue charles le borgne","nom":"CARREFOUR FECAMP","marque":"Carrefour"},{"id":"76400001","commune":"FECAMP","cp":"76400","adresse":"3 route de ganzeville","nom":"Carrefour Market","marque":"Carrefour Market"},{"id":"76400008","commune":"FECAMP","cp":"76400","adresse":"78 route de valmont","nom":"INTERMARCHE","marque":"Intermarche"},{"id":"76400009","commune":"FECAMP-SAINT LEONARD","cp":"76400","adresse":"2010 route du havre","nom":"E.LECLERC","marque":"Leclerc"},{"id":"76440007","commune":"FORGES LES EAUX","cp":"76440","adresse":"57 rue de la liberation","nom":"BP FORGES LES EAUX RELAIS MER","marque":"BP"},{"id":"76440008","commune":"FORGES-LES-EAUX","cp":"76440","adresse":"27 rue des docteurs cisseville","nom":"MARKET","marque":"Carrefour Market"},{"id":"76340003","commune":"FOUCARMONT","cp":"76340","adresse":"4 rue charles desjonquieres","nom":"INTERMARCHE FOUCARMONT","marque":"Intermarche Contact"},{"id":"76340001","commune":"FOUCARMONT","cp":"76340","adresse":"1 route nationale","nom":"STATION DE L'YERES","marque":"TotalEnergies"},{"id":"76520001","commune":"FRANQUEVILLE-SAINT-PIERRE","cp":"76520","adresse":"801 route de paris","nom":"SUPER U","marque":"Systeme U"},{"id":"76870001","commune":"GAILLEFONTAINE","cp":"76870","adresse":"38 place de la mairie","nom":"STATION BELLE ILE","marque":"Esso"},{"id":"76110001","commune":"GODERVILLE","cp":"76110","adresse":"Route de valmont","nom":"Carrefour Market","marque":"Carrefour Market"},{"id":"76700005","commune":"GONFREVILLE-L'ORCHER","cp":"76700","adresse":"Parc de l'estuaire","nom":"GONFREVILDIS","marque":"Leclerc"},{"id":"76700001","commune":"GONFREVILLE-L'ORCHER","cp":"76700","adresse":"Rn 182","nom":"SARL ADELINE   STATION AVIA","marque":"Avia"},{"id":"76700004","commune":"GONFREVILLE-L'ORCHER","cp":"76700","adresse":"48 route d'oudalle","nom":"SARL GARAGE DE LA BREQUE","marque":"TotalEnergies"},{"id":"76280004","commune":"GONNEVILLE LA MALLET","cp":"76280","adresse":"20 rue du general faidherbe","nom":"GARAGE LEBARQ","marque":"TotalEnergies"},{"id":"76280002","commune":"GONNEVILLE-LA-MALLET","cp":"76280","adresse":"2 place du marche","nom":"Carrefour Market","marque":"Carrefour Market"},{"id":"76220009","commune":"GOURNAY EN BRAY","cp":"76220","adresse":"2 route de rouen","nom":"RELAIS PARIS-DIEPPE","marque":"TotalEnergies"},{"id":"76220005","commune":"GOURNAY-EN-BRAY","cp":"76220","adresse":"20 avenue des aulnaies","nom":"INTERMARCHE GOURNAY-EN-BRAY","marque":"Intermarche"},{"id":"76220008","commune":"GOURNAY-EN-BRAY","cp":"76220","adresse":"69 avenue de la premiere armee francaise","nom":"J. BEAUVAL SAS","marque":"Independant sans enseigne"},{"id":"76220004","commune":"GOURNAY-EN-BRAY","cp":"76220","adresse":"Rn 31","nom":"SUPER U","marque":"Systeme U"},{"id":"76530002","commune":"GRAND-COURONNE","cp":"76530","adresse":"Rn 138 les essarts","nom":"ESSO LES ESSARTS","marque":"Esso Express"},{"id":"76530003","commune":"GRAND-COURONNE","cp":"76530","adresse":"Rue du moulin","nom":"INTERMARCHE GRAND COURONNE","marque":"Intermarche"},{"id":"76210008","commune":"GRUCHET LE VALASSE","cp":"76210","adresse":"83 rue du marechal foch","nom":"Ets B.Coustham - Primagaz","marque":"PRIMAGAZ"},{"id":"76210001","commune":"GRUCHET-LE-VALASSE","cp":"76210","adresse":"Route de lillebonne","nom":"CARREFOUR GRUCHET","marque":"Carrefour"},{"id":"76700006","commune":"HARFLEUR","cp":"76700","adresse":"3 rue frederic chopin","nom":"RELAIS PORTE OCEANE","marque":"TotalEnergies"},{"id":"76230007","commune":"ISNEAUVILLE","cp":"76230","adresse":"Zone du gros chene","nom":"INTERMARCHE","marque":"Intermarche"},{"id":"76220010","commune":"LA FEUILLIE","cp":"76220","adresse":"23 rue du val laurent","nom":"INTERMARCHE","marque":"Intermarche"},{"id":"76740002","commune":"LA GAILLARDE","cp":"76740","adresse":"Hameau du buquet","nom":"SAS CALAO 198","marque":"Intermarche"},{"id":"76940001","commune":"LA MAILLERAYE-SUR-SEINE","cp":"76940","adresse":"Chemin du roy","nom":"Carrefour Contact NEW GENERATION SHOP","marque":"Carrefour Contact"},{"id":"76120011","commune":"LE GRAND-QUEVILLY","cp":"76120","adresse":"Avenue franklin roosevelt","nom":"ESSO GRAND QUEVILLY DU GRAND LAUNAY","marque":"Esso"},{"id":"76120002","commune":"LE GRAND-QUEVILLY","cp":"76120","adresse":"C cial du bois cany","nom":"Hyper U","marque":"Systeme U"},{"id":"76120008","commune":"LE GRAND-QUEVILLY","cp":"76120","adresse":"38, avenue des canadiens","nom":"RELAIS SAINTE LUCIE","marque":"TotalEnergies"},{"id":"76620001","commune":"LE HAVRE","cp":"76620","adresse":"Centre commercial grand cap","nom":"Auchan Le Havre","marque":"Auchan"},{"id":"76600001","commune":"LE HAVRE","cp":"76600","adresse":"35, rue de la vallee","nom":"Carrefour Market","marque":"Carrefour Market"},{"id":"76620002","commune":"LE HAVRE","cp":"76620","adresse":"8, rue  romain rolland sanvic","nom":"Carrefour Market","marque":"Carrefour Market"},{"id":"76600012","commune":"LE HAVRE","cp":"76600","adresse":"490 boulevard jules durand","nom":"CPO","marque":"TotalEnergies"},{"id":"76620003","commune":"LE HAVRE","cp":"76620","adresse":"253 rue du bois au coq","nom":"ESSO BOIS AU COQ","marque":"Esso Express"},{"id":"76610002","commune":"LE HAVRE","cp":"76610","adresse":"Av du general ferrie","nom":"ESSO CAUCRIAUVILLE SUD","marque":"Esso Express"},{"id":"76600010","commune":"LE HAVRE","cp":"76600","adresse":"8 rue beranger","nom":"ESSO PORTE OCEANE","marque":"Esso Express"},{"id":"76600025","commune":"LE HAVRE","cp":"76600","adresse":"174 boulevard de l'amiral mouch","nom":"RELAIS AMIRAL MOUCHEZ","marque":"TotalEnergies Access"},{"id":"76600022","commune":"LE HAVRE","cp":"76600","adresse":"Boulevard clemenceau","nom":"RELAIS DU PERREY","marque":"TotalEnergies"},{"id":"76600021","commune":"LE HAVRE","cp":"76600","adresse":"Bd.clemenceau","nom":"RELAIS DU PERREY AVITAILLEMENT","marque":"TotalEnergies"},{"id":"76600024","commune":"LE HAVRE","cp":"76600","adresse":"Boulevard leningrad","nom":"RELAIS HALTE GRAVILLE","marque":"TotalEnergies Access"},{"id":"76600023","commune":"LE HAVRE","cp":"76600","adresse":"600 rue de verdun","nom":"RELAIS LE HAVRE LA BREQUE","marque":"TotalEnergies Access"},{"id":"76610004","commune":"LE HAVRE","cp":"76610","adresse":"2 rue eugene mopin","nom":"RELAIS ROUELLES","marque":"TotalEnergies Access"},{"id":"76770002","commune":"LE HOULME","cp":"76770","adresse":"163 rue du general de gaulle","nom":"E. LECLERC Le Houlme","marque":"Leclerc"},{"id":"76770003","commune":"LE HOULME","cp":"76770","adresse":"73 rue du general de gaulle","nom":"RELAIS DU CAILLY","marque":"TotalEnergies Access"},{"id":"76240006","commune":"LE MESNIL ESNARD","cp":"76240","adresse":"37 route de paris","nom":"RELAIS LE MESNIL-ESNARD","marque":"TotalEnergies Access"},{"id":"76240002","commune":"LE MESNIL-ESNARD","cp":"76240","adresse":"2 route de paris","nom":"Carrefour Market","marque":"Carrefour Market"},{"id":"76140001","commune":"LE PETIT-QUEVILLY","cp":"76140","adresse":"Avenue jean-jaures","nom":"Carrefour Market","marque":"Carrefour Market"},{"id":"76950002","commune":"LES GRANDES VENTES","cp":"76950","adresse":"Hameau des haut champs","nom":"CARREFOUR CONTACT","marque":"Carrefour Contact"},{"id":"76950003","commune":"LES GRANDES VENTES","cp":"76950","adresse":"800 route de dieppe","nom":"SAS ADGV","marque":"ESSO"},{"id":"76950001","commune":"LES GRANDES-VENTES","cp":"76950","adresse":"32 rue de dieppe","nom":"GARAGE DU CENTRE","marque":"TotalEnergies"},{"id":"76580001","commune":"LE TRAIT","cp":"76580","adresse":"Rue raymond breteche","nom":"ESSO DES ABBAYES","marque":"Esso Express"},{"id":"76580002","commune":"LE TRAIT","cp":"76580","adresse":"35 rue denis papin","nom":"SARL 4 MA","marque":"MARKET"},{"id":"76170002","commune":"LILLEBONNE","cp":"76170","adresse":"Boulevard de lattre de tassigny","nom":"INTERMARCHE LILLEBONNE","marque":"Intermarche"},{"id":"76600014","commune":"LONDINIERES","cp":"76660","adresse":"34 route de neufchatel-en-bray","nom":"SAS VIVA","marque":"Systeme U"},{"id":"76590002","commune":"LONGUEVILLE-SUR-SCIE","cp":"76590","adresse":"Route de newton longueville","nom":"INTERMARCHE CONTACT","marque":"Intermarche"},{"id":"76810002","commune":"LUNERAY","cp":"76810","adresse":"Rue de la republique","nom":"Auchan supermarche","marque":"Auchan"},{"id":"76150003","commune":"MAROMME","cp":"76150","adresse":"Rue des martyrs de la resistance","nom":"SAS MAROMMEDIS, SUPER U","marque":"Systeme U"},{"id":"76290001","commune":"MONTIVILLIERS","cp":"76290","adresse":"Centre commercial la lezarde","nom":"AUCHAN MONTIVILLIERS","marque":"Auchan"},{"id":"76290003","commune":"MONTIVILLIERS","cp":"76290","adresse":"68 avenue du president wilson","nom":"SAS CARAIBES","marque":"Intermarche"},{"id":"76131001","commune":"MONT-SAINT-AIGNAN","cp":"76130","adresse":"Rue de la vatine","nom":"CARREFOUR MONT SAINT AIGNAN","marque":"Carrefour"},{"id":"76130001","commune":"MONT-SAINT-AIGNAN","cp":"76130","adresse":"24 avenue du mont aux malades","nom":"ESSO LES COQUETS","marque":"Esso Express"},{"id":"76710001","commune":"MONTVILLE","cp":"76710","adresse":" sente des jumelles","nom":"INTERMARCHE MONTVILLE","marque":"Intermarche"},{"id":"76530004","commune":"MOULINEAUX","cp":"76530","adresse":"Rn 138 - la maison brulee","nom":"RELAIS DE LA LONDE","marque":"TotalEnergies Access"},{"id":"76270001","commune":"NEUFCHATEL-EN-BRAY","cp":"76270","adresse":"Rue de la grande flandre","nom":"S.D.S.M EXPLOITATION","marque":"Leclerc"},{"id":"76270003","commune":"NEUVILLE-FERRIERES","cp":"76270","adresse":"Centre commercial saint jean","nom":"STATION U","marque":"Systeme U"},{"id":"76330002","commune":"NOTRE-DAME-DE-GRAVENCHON","cp":"76330","adresse":"Rue jerome cardan","nom":"Carrefour Market","marque":"Carrefour Market"},{"id":"76550001","commune":"OFFRANVILLE","cp":"76550","adresse":"Avenue de la hetraie","nom":"Carrefour Market","marque":"Carrefour Market"},{"id":"76350001","commune":"OISSEL","cp":"76350","adresse":"Place francisco ferrer","nom":"SUPER U","marque":"Systeme U"},{"id":"76570001","commune":"PAVILLY","cp":"76570","adresse":"Rue des acacias","nom":"Carrefour Market","marque":"Carrefour Market"},{"id":"76330003","commune":"PORT JEROME SUR SEINE","cp":"76330","adresse":"2 avenue du general de gaulle","nom":"ESSO EXPRESS PORT JEROME","marque":"Esso Express"},{"id":"76700007","commune":"ROGERVILLE","cp":"76700","adresse":"Route industrielle du havre","nom":"RELAIS DE ROGERVILLE","marque":"TotalEnergies Access"},{"id":"76000007","commune":"ROUEN","cp":"76000","adresse":"Avenue du commandant bicheray","nom":"ESSO DU MIN","marque":"Esso Express"},{"id":"76000009","commune":"ROUEN","cp":"76000","adresse":"186 rue de constantine","nom":"INTERMARCHE ROUEN","marque":"Intermarche"},{"id":"76100005","commune":"ROUEN","cp":"76100","adresse":"23 boulevard de l' europe","nom":"RELAIS ROUEN BD EUROPE","marque":"TotalEnergies"},{"id":"76000013","commune":"ROUEN","cp":"76000","adresse":"Route de lyons direction rouen","nom":"RELAIS ROUEN SAINT GILLES","marque":"TotalEnergies"},{"id":"76000006","commune":"ROUEN","cp":"76000","adresse":"Avenue aristide briand","nom":"SARL Albik","marque":"Avia"},{"id":"76176001","commune":"ROUEN","cp":"76100","adresse":"Avenue de bretagne","nom":"SAS CITADIS","marque":"Leclerc"},{"id":"76000014","commune":"ROUEN","cp":"76000","adresse":"Av. jean rondeaux","nom":"SIGESS ROUEN","marque":"TotalEnergies"},{"id":"76410001","commune":"SAINT-AUBIN-LES-ELBEUF","cp":"76410","adresse":"Rue de la resistance","nom":"Carrefour Market","marque":"Carrefour Market"},{"id":"76190003","commune":"SAINTE-MARIE-DES-CHAMPS","cp":"76190","adresse":"261, avenue rene coty","nom":"INTERMARCHE SAINTE MARIE DES CHAMPS","marque":"Intermarche"},{"id":"76190001","commune":"SAINTE-MARIE-DES-CHAMPS","cp":"76190","adresse":"97 avenue rene coty","nom":"SARL SYLDA","marque":"TotalEnergies"},{"id":"76800002","commune":"SAINT-ETIENNE-DU-ROUVRAY","cp":"76800","adresse":"Bd lenine","nom":"ESSO ST ETIENNE","marque":"Esso Express"},{"id":"76800003","commune":"SAINT-ETIENNE-DU-ROUVRAY","cp":"76800","adresse":"Avenue de saint yon","nom":"INTERMARCHE ST-ETIENNE / ROUVRAY","marque":"Intermarche"},{"id":"76803001","commune":"SAINT-ETIENNE-DU-ROUVRAY","cp":"76800","adresse":"Avenue de la mare aux daims","nom":"LECLERC","marque":"Leclerc"},{"id":"76800009","commune":"SAINT-ETIENNE-DU-ROUVRAY","cp":"76800","adresse":"63 avenue des canadiens","nom":"RELAIS CANADIENS","marque":"TotalEnergies Access"},{"id":"76160003","commune":"SAINT JACQUES SUR DARNETAL","cp":"76160","adresse":"1220 route de gournay","nom":"U EXPRESS","marque":"Systeme U"},{"id":"76150002","commune":"SAINT-JEAN-DU-CARDONNAY","cp":"76150","adresse":"Autoroute a 15","nom":"ESSO LA VAUPALIERE","marque":"Esso"},{"id":"76510001","commune":"SAINT-NICOLAS-D'ALIERMONT","cp":"76510","adresse":"975 rue robert lefranc","nom":"INTERMARCHE ST NICOLAS D'ALIERMO","marque":"Intermarche"},{"id":"76480002","commune":"SAINT-PIERRE-DE-VARENGEVILLE","cp":"76480","adresse":"Chemin de la messe","nom":"SAS JULUGO","marque":"Intermarche Contact"},{"id":"76320002","commune":"SAINT-PIERRE-LES-ELBEUF","cp":"76320","adresse":"Route de pont-de-l'arche","nom":"S.A.S ELBEUF DISTRIBUTION","marque":"Leclerc"},{"id":"76430004","commune":"SAINT-ROMAIN-DE-COLBOSC","cp":"76430","adresse":"Rue du maillon","nom":"Carrefour Market","marque":"Carrefour Market"},{"id":"76430005","commune":"SAINT-ROMAIN-DE-COLBOSC","cp":"76430","adresse":"Avenue mal de lattre de tassigny","nom":"SUPER U ST ROMAIN","marque":"Systeme U"},{"id":"76680001","commune":"SAINT-SAENS","cp":"76680","adresse":"Avenue emmanuel brion","nom":"Carrefour Market","marque":"Carrefour Market"},{"id":"76460003","commune":"SAINT-VALERY-EN-CAUX","cp":"76460","adresse":"9 avenue du 51 eme highland division","nom":"SARL ETS GAUDRY","marque":"TotalEnergies"},{"id":"76460002","commune":"SAINT-VALERY-EN-CAUX","cp":"76460","adresse":"Route du havre","nom":"ST VALERY DISTRIBUTION SAS","marque":"Leclerc"},{"id":"76400010","commune":"SENNEVILLE-SUR-FECAMP","cp":"76400","adresse":"922 route de cany","nom":"garage du plateau","marque":"TotalEnergies"},{"id":"76440003","commune":"SERQUEUX","cp":"76440","adresse":"Route de neufchatel","nom":"SUPER U","marque":"Systeme U"},{"id":"76116003","commune":"SERVAVILLE-SALMONVILLE","cp":"76116","adresse":"566 route de gournay","nom":"Le Relais 31","marque":"TotalEnergies"},{"id":"76300004","commune":"SOTTEVILLE-LES-ROUEN","cp":"76300","adresse":"Avenue jean jaures","nom":"Carrefour Market","marque":"Carrefour Market"},{"id":"76300005","commune":"SOTTEVILLE-LES-ROUEN","cp":"76300","adresse":"Rue gaston contremoulins","nom":"INTERMARCHE SOTTEVILLE LES ROUEN","marque":"Intermarche"},{"id":"76300009","commune":"SOTTEVILLE-LES-ROUEN","cp":"76300","adresse":"57 bd industriel","nom":"RELAIS DE L'ILE GAD","marque":"TotalEnergies Access"},{"id":"76300007","commune":"SOTTEVILLE-LES-ROUEN","cp":"76300","adresse":"10 boulevard industriel","nom":"STATION AVIA","marque":"Avia"},{"id":"76150004","commune":"ST JEAN DU CARDONNAY","cp":"76150","adresse":"14 route de duclair","nom":"SARL St Jean Distribution","marque":"TotalEnergies"},{"id":"76430006","commune":"TANCARVILLE","cp":"76430","adresse":"Rd 910","nom":"RELAIS TANCARVILLE","marque":"TotalEnergies Access"},{"id":"76890001","commune":"TOTES","cp":"76890","adresse":"Rue des 4 vents","nom":"INTERMARCHE TOTES","marque":"Intermarche"},{"id":"76410002","commune":"TOURVILLE-LA-RIVIERE","cp":"76410","adresse":"Zac du clos aux antes","nom":"CARREFOUR TOURVILLE LA RIVIERE","marque":"Carrefour"},{"id":"76540002","commune":"VALMONT","cp":"76540","adresse":"9 rue albert bellavoine","nom":"Carrefour contact Valmont","marque":"Carrefour Contact"},{"id":"76720002","commune":"VARNEVILLE  BRETTEVILLE","cp":"76890","adresse":"A29","nom":"Sas vallee","marque":"Independant sans enseigne"},{"id":"76760002","commune":"YERVILLE","cp":"76760","adresse":"Rue de la myre","nom":"SAS YERDIS SUPER U","marque":"Systeme U"},{"id":"76760003","commune":"YERVILLE","cp":"76760","adresse":"Zone d'activites du bois de l'arc","nom":"SAS YERDIS SUPER U","marque":"Systeme U"},{"id":"76190005","commune":"YVETOT","cp":"76190","adresse":" avenue georges clemenceau","nom":"SARL RELAIS DU ROY D'YVETOT","marque":"RELAIS DU ROY"},{"id":"76191001","commune":"YVETOT","cp":"76190","adresse":"Rue jean moulin","nom":"YVETODIS","marque":"Leclerc"}]}