{"numero":"29","stations":[{"id":"29770002","commune":"AUDIERNE","cp":"29770","adresse":"Kerivoas","nom":"AUDIERNE-DIS","marque":"Leclerc"},{"id":"29380001","commune":"BANNALEC","cp":"29380","adresse":"Rue eugene lorec","nom":"INTERMARCHE BANNALEC","marque":"Intermarche"},{"id":"29950001","commune":"BENODET","cp":"29950","adresse":"Domaine de penfoul bihan","nom":"Carrefour Market","marque":"Carrefour Market"},{"id":"29200004","commune":"BREST","cp":"29200","adresse":"195 boulevard de l'europe","nom":"ATELIERS CAUGANT SA","marque":"TotalEnergies Access"},{"id":"29200008","commune":"BREST","cp":"29200","adresse":"126 boulevard de plymouth","nom":"CARREFOUR BREST","marque":"Carrefour"},{"id":"29820002","commune":"BREST","cp":"29200","adresse":"19 avenue 1ere dfl","nom":"E.LECLERC Avenue 1 ere DFL","marque":"Leclerc"},{"id":"29228001","commune":"BREST","cp":"29200","adresse":"Kergaradec - porte de gouesnou","nom":"E LECLERC PORTE DE GOUESNOU","marque":"Leclerc"},{"id":"29200014","commune":"BREST","cp":"29200","adresse":"118 route de quimper","nom":"INTERMARCHE LE VALLON","marque":"Intermarche"},{"id":"29200015","commune":"BREST","cp":"29200","adresse":"42 boulevard de l'europe","nom":"RELAIS BREST EUROPE","marque":"TotalEnergies Access"},{"id":"29200017","commune":"BREST","cp":"29200","adresse":"Boulevard de l'europe","nom":"RELAIS DE KERANROY","marque":"TotalEnergies Access"},{"id":"29200016","commune":"BREST","cp":"29200","adresse":"Route du vieux st.marc","nom":"RELAIS VIEUX ST MARC","marque":"TotalEnergies Access"},{"id":"29200002","commune":"BREST","cp":"29200","adresse":"17 rue cuirasse bretagne","nom":"Super U BREST KEREDERN","marque":"Systeme U"},{"id":"29200018","commune":"BREST","cp":"29200","adresse":"97 rue paul masson","nom":"SUPER U KERICHEN","marque":"Systeme U"},{"id":"29510004","commune":"BRIEC","cp":"29510","adresse":"Lieu-dit lannechuen","nom":"INTERMARCHE BRIEC DE L'ODET","marque":"Intermarche"},{"id":"29570001","commune":"CAMARET-SUR-MER","cp":"29570","adresse":"Rue des sardiniers","nom":"Super U CAMARET","marque":"Systeme U"},{"id":"29660002","commune":"CARANTEC","cp":"29660","adresse":"2 rue du parc coz","nom":"U EXPRESS CARANTEC","marque":"Systeme U"},{"id":"29833001","commune":"CARHAIX-PLOUGUER","cp":"29270","adresse":" rue de callac","nom":"CARHAIX  DISTRIBUTION","marque":"Leclerc"},{"id":"29270003","commune":"CARHAIX-PLOUGUER","cp":"29270","adresse":"2 rue charles le goff","nom":"INTERMARCHE CARHAIX","marque":"Intermarche"},{"id":"29270005","commune":"CARHAIX-PLOUGUER","cp":"29270","adresse":"Place du champ de foire","nom":"SUPERMARCHE CASINO","marque":"Super Casino"},{"id":"29150005","commune":"CAST","cp":"29150","adresse":"18 rue d'ys","nom":"SARL HERVE FEILLANT","marque":"TotalEnergies"},{"id":"29150004","commune":"CHATEAULIN","cp":"29150","adresse":"Grand rue","nom":"INTERMARCHE CHATEAULIN","marque":"Intermarche"},{"id":"29150003","commune":"CHATEAULIN","cp":"29150","adresse":"Place kerjean","nom":"Leclerc chateaulin","marque":"Leclerc"},{"id":"29520005","commune":"CHATEAUNEUF DU FAOU","cp":"29520","adresse":"Rue de quimper","nom":"Loc'halles","marque":"Leclerc"},{"id":"29520001","commune":"CHATEAUNEUF-DU-FAOU","cp":"29520","adresse":"Route de morlaix","nom":"CHATEAUNEUF-DISTRIBUTION","marque":"Leclerc"},{"id":"29233001","commune":"CLEDER","cp":"29233","adresse":"24 route de saint-pol de leon","nom":"U Express CLEDER","marque":"Systeme U"},{"id":"29360002","commune":"CLOHARS-CARNOET","cp":"29360","adresse":"Rue de lorient rd 224","nom":"SUPERMARCHE CARREFOUR CONTACT","marque":"Carrefour Contact"},{"id":"29120001","commune":"COMBRIT","cp":"29120","adresse":"Le lannou","nom":"Super U COMBRIT","marque":"Systeme U"},{"id":"29900003","commune":"CONCARNEAU","cp":"29900","adresse":"Maison blanche","nom":"CONCARNEAU-DISTRIBUTION","marque":"Leclerc"},{"id":"29900005","commune":"CONCARNEAU","cp":"29900","adresse":"209 rue de tregunc","nom":"Garage du Minaouet - Station TOTAL","marque":"TotalEnergies"},{"id":"29900004","commune":"CONCARNEAU","cp":"29900","adresse":"Route de tregunc","nom":"INTERMARCHE CONCARNEAU","marque":"Intermarche"},{"id":"29160003","commune":"CROZON","cp":"29160","adresse":"Penandreff","nom":"CROZONDIS DISTRIBUTION","marque":"Leclerc"},{"id":"29160004","commune":"CROZON","cp":"29160","adresse":"Tal ar groas","nom":"CROZONDIS EXPRESS","marque":"Leclerc"},{"id":"29160005","commune":"CROZON","cp":"29160","adresse":"9 route de chateaulin","nom":"STATION SERVICE TOTAL","marque":"TotalEnergies"},{"id":"29460003","commune":"DAOULAS","cp":"29460","adresse":"4 route de quimper","nom":"GGE GUEZENEC","marque":"TotalEnergies"},{"id":"29460001","commune":"DAOULAS","cp":"29460","adresse":"Vern deredec","nom":"Super U DAOULAS","marque":"Systeme U"},{"id":"29100003","commune":"DOUARNENEZ","cp":"29100","adresse":"Toubalan","nom":"Centre E.Leclerc Douarnenez","marque":"Leclerc"},{"id":"29100004","commune":"DOUARNENEZ","cp":"29100","adresse":"Zone du drevers","nom":"INTERMARCHE DOUARNENEZ","marque":"Intermarche"},{"id":"29100007","commune":"DOUARNENEZ","cp":"29100","adresse":"4 rue etienne kernours","nom":"RELAIS DOUARNENEZ KERHARO","marque":"TotalEnergies Access"},{"id":"29500004","commune":"ERGUE GABERIC","cp":"29500","adresse":"Za de quillihuec","nom":"BRETECHE","marque":"BRETECHE"},{"id":"29500003","commune":"ERGUE-GABERIC","cp":"29500","adresse":"Le rouillen - la salle verte","nom":"Carrefour Market","marque":"Carrefour Market"},{"id":"29770001","commune":"ESQUIBIEN","cp":"29770","adresse":"12  rue de la republique","nom":"M.BUREL","marque":"TotalEnergies"},{"id":"29170005","commune":"FOUESNANT","cp":"29170","adresse":"Lieu dit maner ker elo","nom":"Carrefour Market","marque":"Carrefour Market"},{"id":"29170001","commune":"FOUESNANT","cp":"29170","adresse":"Rte de quimper pole commercial quai 29","nom":"E.leclerc Fouesnant/Pleuven","marque":"Leclerc"},{"id":"29170004","commune":"FOUESNANT","cp":"29170","adresse":"16 route de quimper","nom":"GARAGE MERRIEN","marque":"TotalEnergies"},{"id":"29850001","commune":"GOUESNOU","cp":"29850","adresse":"25 rue de brest","nom":"HERRY AUTOMOBILES","marque":"TotalEnergies"},{"id":"29650001","commune":"GUERLESQUIN","cp":"29650","adresse":"Ar roudour","nom":"U Express GUERLESQUIN","marque":"Systeme U"},{"id":"29820001","commune":"GUILERS","cp":"29820","adresse":"Route de st-renan","nom":"E.LECLERC   GUILERS","marque":"Leclerc"},{"id":"59730005","commune":"GUILVINEC","cp":"29730","adresse":"1 rue du moulin","nom":"carrefour contact","marque":"Carrefour Contact"},{"id":"29490002","commune":"GUIPAVAS","cp":"29490","adresse":"Rue anne de bretagne","nom":"SUPER U GUIPAVAS","marque":"Systeme U"},{"id":"29690002","commune":"HUELGOAT","cp":"29690","adresse":"Rue paul gauguin","nom":"INTERMARCHE HUELGOAT","marque":"Intermarche"},{"id":"29890003","commune":"KERLOUAN","cp":"29890","adresse":"Kerenez","nom":"SAS KERTREG","marque":"Leclerc"},{"id":"29419001","commune":"LANDERNEAU","cp":"29800","adresse":"Route du leck","nom":"Centre E-LECLERC - LANDERNEAU","marque":"Leclerc"},{"id":"29800001","commune":"LANDERNEAU","cp":"29800","adresse":"57 route de quimper","nom":"GARAGE nicolas","marque":"TotalEnergies"},{"id":"29800003","commune":"LANDERNEAU","cp":"29800","adresse":"37 rue herve de guebriant","nom":"INTERMARCHE LANDERNEAU","marque":"Intermarche"},{"id":"29400003","commune":"LANDIVISIAU","cp":"29400","adresse":"137 avenue marechal foch","nom":"ESSO EXPRESS LANDIVISIAU","marque":"Esso Express"},{"id":"29403001","commune":"LANDIVISIAU","cp":"29400","adresse":"Boulevard de la republique","nom":"LANDI-DISTRIBUTION","marque":"Leclerc"},{"id":"29400001","commune":"LANDIVISIAU","cp":"29400","adresse":"63 rue du general de gaulle","nom":"Super U LANDIVISIAU","marque":"Systeme U"},{"id":"29710004","commune":"LANDUDEC","cp":"29710","adresse":"Rue des ecoles","nom":"SUPER U - SARL HEOL","marque":"Systeme U"},{"id":"29620001","commune":"LANMEUR","cp":"29620","adresse":"33 rue des quatre vents","nom":"Super U LANMEUR","marque":"Systeme U"},{"id":"29870001","commune":"LANNILIS","cp":"29870","adresse":"Rue de verdun - la gare","nom":"PLOUDINER SAS","marque":"Leclerc"},{"id":"29870003","commune":"LANNILIS","cp":"29870","adresse":"14 rue alsace-lorraine","nom":"Total Lannilis","marque":"TotalEnergies"},{"id":"29160002","commune":"LANVEOC","cp":"29160","adresse":"Rte de tal ar groas","nom":"GARAGE DONNARD SARL","marque":"Elan"},{"id":"29590001","commune":"LE FAOU","cp":"29590","adresse":"Zone de quiella","nom":"Super U LE FAOU","marque":"Systeme U"},{"id":"29260004","commune":"LE FOLGOET","cp":"29260","adresse":"Route de lanarvily","nom":"SAS COTE DES LEGENDES","marque":"Leclerc"},{"id":"29480001","commune":"LE RELECQ-KERHUON","cp":"29480","adresse":"Boulevard charles de gaulle","nom":"SAS LRK DIS","marque":"Leclerc"},{"id":"29260007","commune":"LESNEVEN","cp":"29260","adresse":"Boulevard des freres lumiere","nom":"Intermarche","marque":"Intermarche"},{"id":"29290003","commune":"LOCMARIA-PLOUZANE","cp":"29280","adresse":"Rue du pont de bois","nom":"CAFFEROUR CONTACT LOCMARIA-PLOUZANE","marque":"Carrefour Contact"},{"id":"29750001","commune":"LOCTUDY","cp":"29750","adresse":"Rue du general de gaulle","nom":"Carrefour Market LOCTUDY","marque":"Carrefour Market"},{"id":"29140009","commune":"MELGVEN","cp":"29140","adresse":"Route de cadol","nom":"CARREFOUR CONTACT","marque":"Carrefour Contact"},{"id":"29300003","commune":"MELLAC","cp":"29300","adresse":"Rn 165 - zac kervidanou 3","nom":"INTERMARCHE MELLAC","marque":"Intermarche"},{"id":"29350001","commune":"MOELAN-SUR-MER","cp":"29350","adresse":"Lieu-dit bazen huen","nom":"INTERMARCHE MOELAN SUR MER","marque":"Intermarche"},{"id":"29600002","commune":"MORLAIX","cp":"29600","adresse":"Za la boissiere","nom":"STATION BOISSIERE","marque":"Leclerc"},{"id":"29129001","commune":"NEVEZ","cp":"29920","adresse":"30 rue de l'atlantique","nom":"INTERMARCHE NEVEZ","marque":"Intermarche"},{"id":"29760004","commune":"PENMARCH","cp":"29760","adresse":"Rue edmond michelet prat gouzien","nom":"CARREFOUR CONTACT","marque":"Carrefour Contact"},{"id":"29860003","commune":"PLABENNEC","cp":"29860","adresse":"Route de brest","nom":"INTERMARCHE PLABENNEC","marque":"Intermarche"},{"id":"29860002","commune":"PLABENNEC","cp":"29860","adresse":"14 rue marcel bouguen","nom":"Super U  PLABENNEC","marque":"Systeme U"},{"id":"29190001","commune":"PLEYBEN","cp":"29190","adresse":"Z.a. du drevers","nom":"INTERMARCHE PLEYBEN","marque":"Intermarche"},{"id":"29410001","commune":"PLEYBER-CHRIST","cp":"29410","adresse":"16, za la justice","nom":"Super U PLEYBER CHRIST","marque":"Systeme U"},{"id":"29740001","commune":"PLOBANNALEC-LESCONIL","cp":"29740","adresse":"Rue de lesconil","nom":"Super U PLOBANNALEC","marque":"Systeme U"},{"id":"29180001","commune":"PLOGONNEC","cp":"29180","adresse":"Rue de la presqu'ile","nom":"Super U PLOGONNEC","marque":"Systeme U"},{"id":"29700001","commune":"PLOMELIN","cp":"29700","adresse":"Hent kergoff","nom":"8 a Huit PLOMELIN","marque":"Carrefour Express"},{"id":"29120005","commune":"PLOMEUR","cp":"29120","adresse":"12 rue louis mehu","nom":"Carrefour Market PLOMEUR","marque":"Carrefour Market"},{"id":"29120006","commune":"PLOMEUR","cp":"29120","adresse":"Pendreff","nom":"INTERMARCHE PLOMEUR","marque":"Intermarche"},{"id":"29550001","commune":"PLOMODIERN","cp":"29550","adresse":"8 rue de la gare","nom":"INTERMARCHE PLOMODIERN","marque":"Intermarche"},{"id":"29710002","commune":"PLONEIS","cp":"29710","adresse":"Rue laennec","nom":"INTERMARCHE PLONEIS","marque":"Intermarche Contact"},{"id":"29720004","commune":"PLONEOUR LANVERN","cp":"29720","adresse":"26 rue henry lautredou","nom":"SAS GREECE 167","marque":"Intermarche"},{"id":"29720003","commune":"PLONEOUR-LANVERN","cp":"29720","adresse":"Za de kerganet","nom":"Station Service E. Leclerc Kerganet","marque":"Leclerc"},{"id":"29810002","commune":"PLOUARZEL","cp":"29810","adresse":"Sas sndl  menez crenn","nom":"Super U  PLOUARZEL","marque":"Systeme U"},{"id":"29830002","commune":"PLOUDALMEZEAU","cp":"29830","adresse":"Keruscat","nom":"PLOUDAL DISTRIBUTION S.A.","marque":"Leclerc"},{"id":"29830003","commune":"PLOUDALMEZEAU","cp":"29830","adresse":"47 rue de brest","nom":"SUPERMARCHE U EXPRESS","marque":"Systeme U"},{"id":"29260002","commune":"PLOUDANIEL","cp":"29260","adresse":"D770","nom":"REL COTE LEGENDES","marque":"TotalEnergies"},{"id":"29260005","commune":"PLOUDANIEL","cp":"29260","adresse":"Za de mescoden - d770","nom":"STATION AVIA","marque":"Avia"},{"id":"29420001","commune":"PLOUENAN","cp":"29420","adresse":"Rue de bel air","nom":"U Express PLOUENAN","marque":"Systeme U"},{"id":"29430002","commune":"PLOUESCAT","cp":"29430","adresse":"Kerchapalain","nom":"INTERMARCHE PLOUESCAT","marque":"Intermarche"},{"id":"29630002","commune":"PLOUGASNOU","cp":"29630","adresse":"Poulbraou route de morlaix","nom":"U EXPRESS PLOUGASNOU","marque":"Systeme U"},{"id":"29470003","commune":"PLOUGASTEL-DAOULAS","cp":"29470","adresse":"Zac ty ar menez","nom":"E.LECLERC PLOUGASTEL","marque":"Leclerc"},{"id":"29470004","commune":"PLOUGASTEL-DAOULAS","cp":"29470","adresse":" avenue charles de gaulle","nom":"Super U PLOUGASTEL","marque":"Systeme U"},{"id":"29217001","commune":"PLOUGONVELIN","cp":"29217","adresse":"Rue du stade","nom":"INTERMARCHE PLOUGONVELIN","marque":"Intermarche"},{"id":"29640001","commune":"PLOUGONVEN","cp":"29640","adresse":"Rue de kergollot","nom":"SUPERMARCHE SPAR","marque":"Supermarches Spar"},{"id":"29880005","commune":"PLOUGUERNEAU","cp":"29880","adresse":"Rue d'armorique","nom":"CARREFOUR CONTACT","marque":"Carrefour Contact"},{"id":"29880002","commune":"PLOUGUERNEAU","cp":"29880","adresse":"1 place du fournil","nom":"INTERMARCHE PLOUGUERNEAU","marque":"Intermarche"},{"id":"29780001","commune":"PLOUHINEC","cp":"29780","adresse":"1 rue brizeux","nom":"Carrefour Market","marque":"Carrefour Market"},{"id":"29610002","commune":"PLOUIGNEAU","cp":"29610","adresse":"Avenue du marechal leclerc","nom":"U EXPRESS","marque":"Systeme U"},{"id":"29600003","commune":"PLOURIN-LES-MORLAIX","cp":"29600","adresse":"Clos saint-fiacre","nom":"INTERMARCHE PLOURIN LES MORLAIX","marque":"Intermarche"},{"id":"29420003","commune":"PLOUVORN","cp":"29420","adresse":"3 rue des ajoncs d'or","nom":"CARREFOUR CONTACT","marque":"Carrefour Contact"},{"id":"29420002","commune":"PLOUVORN","cp":"29420","adresse":"1 route de st pol","nom":"GARAGE DE LA  GARE-PLOUVORN","marque":"TotalEnergies"},{"id":"29280001","commune":"PLOUZANE","cp":"29280","adresse":"Rue des myosotis","nom":"CARREFOUR PLOUZANE","marque":"Carrefour"},{"id":"29280003","commune":"PLOUZANE","cp":"29280","adresse":"Zac de castel nevez","nom":"INTERMARCHE PLOUZANE","marque":"Intermarche"},{"id":"29440001","commune":"PLOUZEVEDE","cp":"29440","adresse":"Mescanton","nom":"INTERMARCHE CONTACT","marque":"Intermarche Contact"},{"id":"29143001","commune":"PLOZEVET","cp":"29710","adresse":"Lieu-dit kerfily","nom":"INTERMARCHE PLOZEVET","marque":"Intermarche"},{"id":"29700002","commune":"PLUGUFFAN","cp":"29700","adresse":"Rue de pouldreuzic","nom":"INTERMARCHE PLUGUFFAN","marque":"Intermarche"},{"id":"29930002","commune":"PONT-AVEN","cp":"29930","adresse":"Rue emile bernard","nom":"INTERMARCHE PONT AVEN","marque":"Intermarche"},{"id":"29790002","commune":"PONT-CROIX","cp":"29790","adresse":"10 rue de la liberte","nom":"SUPER U","marque":"Systeme U"},{"id":"29120004","commune":"PONT-L'ABBE","cp":"29120","adresse":"Rue du petit train","nom":"INTERMARCHE PONT-L'ABBE","marque":"Intermarche"},{"id":"29120003","commune":"PONT-L'ABBE","cp":"29120","adresse":"Trolimon","nom":"Leclerc Pont l'Abbe","marque":"Leclerc"},{"id":"29120007","commune":"PONT-L'ABBE","cp":"29120","adresse":"45 rue victor hugo rn 785","nom":"RELAIS DE L'ETANG","marque":"TotalEnergies Access"},{"id":"29770003","commune":"PRIMELIN","cp":"29770","adresse":"35 route de la pointe du raz - le loch","nom":"INTERMARCHE PRIMELIN","marque":"Intermarche"},{"id":"29196001","commune":"QUIMPER","cp":"29000","adresse":"Rue du poher","nom":"CARREFOUR QUIMPER","marque":"Carrefour"},{"id":"29000015","commune":"QUIMPER","cp":"29000","adresse":"163 rte de benodet d34","nom":"INTERMARCHE HYPER QUIMPER","marque":"Intermarche"},{"id":"29000016","commune":"QUIMPER","cp":"29000","adresse":"2 avenue de ty bos - zac de ty douar","nom":"INTERMARCHE QUIMPER TYDOUAR","marque":"Intermarche"},{"id":"29000006","commune":"QUIMPER","cp":"29000","adresse":"150 route de brest","nom":"LECLERC QUIMPER (KERVILLY) - 150 route de Brest 29000 QUIMPER","marque":"Leclerc"},{"id":"29000014","commune":"QUIMPER","cp":"29000","adresse":"11 rue de stang bihan","nom":"LECLERC STANG BIHAN","marque":"Leclerc"},{"id":"29000011","commune":"QUIMPER","cp":"29000","adresse":"52 avenue de la liberation","nom":"RELAIS DU FRUGY","marque":"TotalEnergies"},{"id":"29000013","commune":"QUIMPER","cp":"29000","adresse":"57 route de brest","nom":"RELAIS QUIMPER CENTRE","marque":"TotalEnergies Access"},{"id":"29000012","commune":"QUIMPER","cp":"29000","adresse":"Bld flandre dunkerque","nom":"RELAIS QUIMPER ROCADE SUD","marque":"TotalEnergies Access"},{"id":"29300004","commune":"QUIMPERLE","cp":"29300","adresse":"119 rue du couedic","nom":"Carrefourmarket","marque":"Carrefour Market"},{"id":"29300002","commune":"QUIMPERLE","cp":"29300","adresse":"Rue du pont aven","nom":"ELLE-DISTRIBUTION","marque":"Leclerc"},{"id":"29340002","commune":"RIEC-SUR-BELON","cp":"29340","adresse":"1 route de quimperle","nom":"Carrefour Market","marque":"Carrefour Market"},{"id":"29140003","commune":"ROSPORDEN","cp":"29140","adresse":"18 rue bout du pont-kernevel","nom":"SARL RELAIS DE L'ETANG","marque":"TotalEnergies"},{"id":"29140002","commune":"ROSPORDEN","cp":"29140","adresse":"Route de quimper","nom":"Super U ROSPORDEN","marque":"Systeme U"},{"id":"29510005","commune":"SAINT-EVARZEC","cp":"29170","adresse":"Rue d'armor","nom":"SAS KERELEC","marque":"Intermarche"},{"id":"29600005","commune":"SAINT MARTIN DES CHAMPS","cp":"29600","adresse":"Boulevard rene fily","nom":"Carrefour Saint Martin Des Champs","marque":"Carrefour"},{"id":"29600004","commune":"SAINT-MARTIN-DES-CHAMPS","cp":"29600","adresse":"Route de roscoff cd.19","nom":"RELAIS KEROLZEC","marque":"TotalEnergies"},{"id":"29250002","commune":"SAINT-POL-DE-LEON","cp":"29250","adresse":"Rue de brest","nom":"E. LECLERC St Pol de Leon","marque":"Leclerc"},{"id":"29250001","commune":"SAINT-POL-DE-LEON","cp":"29250","adresse":"Place de l'eveche","nom":"Super U ST POL DE LEON","marque":"Systeme U"},{"id":"29290001","commune":"SAINT-RENAN","cp":"29290","adresse":"Rue du pont de bois","nom":"Carrefour ST RENAN","marque":"Carrefour"},{"id":"29290002","commune":"SAINT-RENAN","cp":"29290","adresse":"Place leon cheminant","nom":"TY KORN SARL","marque":"TotalEnergies"},{"id":"29800004","commune":"SAINT-THONAN","cp":"29800","adresse":"Z.a. de croas-ar-nezic","nom":"E.LECLERC EXPRESS","marque":"Leclerc"},{"id":"29140008","commune":"SAINT-YVI","cp":"29140","adresse":"Rn 165 - voie express","nom":"RELAIS DE SAINT-YVI","marque":"TotalEnergies Access"},{"id":"29390002","commune":"SCAER","cp":"29390","adresse":"23 rue du general de gaulle","nom":"E. Leclerc SCAER","marque":"Leclerc"},{"id":"29450001","commune":"SIZUN","cp":"29450","adresse":"Za du pont bleu","nom":"Station U du Pont Bleu","marque":"Systeme U"},{"id":"29540001","commune":"SPEZET","cp":"29540","adresse":"Croas houarn","nom":"Breizh Station","marque":"Breizh Station"},{"id":"29910004","commune":"TREGUNC","cp":"29910","adresse":"Route de concarneau","nom":"Intermarche TREGUNC","marque":"Intermarche"}]}