{"numero":"49","stations":[{"id":"49650003","commune":"ALLONNES","cp":"49650","adresse":"25 rue albert pottier","nom":"carrefour contact Allonnes","marque":"Carrefour Contact"},{"id":"49000016","commune":"ANGERS","cp":"49100","adresse":"75 avenue montaigne","nom":"AUCHAN ANGERS","marque":"Auchan"},{"id":"49000002","commune":"ANGERS","cp":"49000","adresse":"Rue du grand launay","nom":"CARREFOUR ANGERS GRAND MAINE","marque":"Carrefour"},{"id":"49003001","commune":"ANGERS","cp":"49100","adresse":"3 boulevard gaston ramon","nom":"CARREFOUR ANGERS SAINT SERGE","marque":"Carrefour"},{"id":"49100002","commune":"ANGERS","cp":"49100","adresse":"Boulevard albert camus","nom":"Centre E.LECLERC ANGERS GOURONNIERES","marque":"Leclerc"},{"id":"49000015","commune":"ANGERS","cp":"49000","adresse":"55 boulevard jacques millot","nom":"INTERMARCHE LA MADELEINE","marque":"Intermarche"},{"id":"49000011","commune":"ANGERS","cp":"49000","adresse":"Rue michel seurat","nom":"INTERMARCHE ZAC MOLLIERE","marque":"Intermarche"},{"id":"49000012","commune":"ANGERS","cp":"49000","adresse":"170 rue letanduere","nom":"RELAIS ANCIENNES PROVINCES","marque":"TotalEnergies Access"},{"id":"49000013","commune":"ANGERS","cp":"49000","adresse":"Bd ch.barange","nom":"RELAIS BAUMETTES A","marque":"TotalEnergies Access"},{"id":"49000014","commune":"ANGERS","cp":"49000","adresse":"Bd charles barange","nom":"RELAIS BAUMETTES B","marque":"TotalEnergies Access"},{"id":"49100003","commune":"ANGERS","cp":"49100","adresse":"Bd henri dunant","nom":"RELAIS DE LA PINTERIE","marque":"TotalEnergies"},{"id":"49000004","commune":"ANGERS","cp":"49100","adresse":"17 quai felix faure","nom":"SAS CAILLEAU PNEUS","marque":"TotalEnergies"},{"id":"49240002","commune":"AVRILLE","cp":"49240","adresse":"Z.i. croix cadeau 6 route nationale 162","nom":"AUCHAN AVRILLE","marque":"Auchan"},{"id":"49240003","commune":"AVRILLE","cp":"49240","adresse":"30 avenue pierre mendes france","nom":"carrefour Market","marque":"Carrefour Market"},{"id":"49150002","commune":"BAUGE","cp":"49150","adresse":"Rue foulques nerra","nom":"SARL AGENCE AUTOMOBILE DU COUASNON STATION TOTAL","marque":"TotalEnergies"},{"id":"49150001","commune":"BAUGE","cp":"49150","adresse":"Avenue d'angers","nom":"Super U BAUGE","marque":"Systeme U"},{"id":"49070009","commune":"BEAUCOUZE","cp":"49070","adresse":"Rd 323 - direction angers","nom":"RELAIS BEAUCOUZE GRAND PIN","marque":"TotalEnergies Access"},{"id":"49070005","commune":"BEAUCOUZE","cp":"49070","adresse":"2 avenue du pin","nom":"Super U BEAUCOUZE","marque":"Systeme U"},{"id":"49250001","commune":"BEAUFORT-EN-VALLEE","cp":"49250","adresse":"Zac actival","nom":"INTERMARCHE BEAUFORT EN VALLEE","marque":"Intermarche"},{"id":"49600004","commune":"BEAUPREAU","cp":"49600","adresse":"Rue sainte anne","nom":"INTERMARCHE BEAUPREAU","marque":"Intermarche"},{"id":"49600001","commune":"BEAUPREAU","cp":"49600","adresse":"Le planty","nom":"Super U BEAUPREAU","marque":"Systeme U"},{"id":"49370001","commune":"BECON-LES-GRANITS","cp":"49370","adresse":"3 route de st clement","nom":"SUPER U BECON LES GRANITS","marque":"Systeme U"},{"id":"49122003","commune":"BEGROLLES EN MAUGES","cp":"49122","adresse":"Rd pt du moulin des landes","nom":"SARL GARAGE SAUTEJEAU - TOTAL","marque":"TotalEnergies"},{"id":"49800002","commune":"BRAIN-SUR-L'AUTHION","cp":"49800","adresse":"Za de la perriere","nom":"Station Super U ANDARD","marque":"Systeme U"},{"id":"49320003","commune":"BRISSAC-QUINCE","cp":"49320","adresse":"Parc d'activite des fontenelles","nom":"SAS BRISSAC DISTRIBUTION","marque":"Leclerc"},{"id":"49440001","commune":"CANDE","cp":"49440","adresse":"Porte de normandie","nom":"Super U CANDE","marque":"Systeme U"},{"id":"49290002","commune":"CHALONNES-SUR-LOIRE","cp":"49290","adresse":"Route de chemille","nom":"INTERMARCHE CHALONNES SUR LOIRE","marque":"Intermarche"},{"id":"49290001","commune":"CHALONNES-SUR-LOIRE","cp":"49290","adresse":"Place du layon","nom":"Super U CHALONNES SUR LOIRE","marque":"Systeme U"},{"id":"49330004","commune":"CHAMPIGNE","cp":"49330","adresse":"Route d'angers","nom":"ADM GROSBOIS","marque":"TotalEnergies Access"},{"id":"49270001","commune":"CHAMPTOCEAUX","cp":"49270","adresse":"18 rue de vendee","nom":"EURL GUILLET","marque":"Avia"},{"id":"49330001","commune":"CHATEAUNEUF-SUR-SARTHE","cp":"49330","adresse":"Ma campagne","nom":"Super U CHATEAUNEUF SUR SARTHE","marque":"Systeme U"},{"id":"49120004","commune":"CHEMILLE","cp":"49120","adresse":"Parc d activite des 3 routes","nom":"SAS CHEMILLE","marque":"Leclerc"},{"id":"49120001","commune":"CHEMILLE","cp":"49120","adresse":"Parc commercial du chalet","nom":"Super U CHEMILLE","marque":"Systeme U"},{"id":"49300007","commune":"CHOLET","cp":"49300","adresse":"Avenue d angers","nom":"CARREFOUR CHOLET","marque":"Carrefour"},{"id":"49306001","commune":"CHOLET","cp":"49300","adresse":"1, avenue du marechal koenig","nom":"E.LECLERC CHOLET","marque":"Leclerc"},{"id":"49300014","commune":"CHOLET","cp":"49300","adresse":"Avenue francis bouet","nom":"ESSO EXPRESS CHOLET FRANCIS BOUET","marque":"Esso Express"},{"id":"49300009","commune":"CHOLET","cp":"49300","adresse":"65 boulevard delhumeau-plessis","nom":"INTERMARCHE CHOLET Parc de Moine","marque":"Intermarche"},{"id":"49300018","commune":"CHOLET","cp":"49300","adresse":"134 rue de la girardiere","nom":"LECLERC CHOLET SUD","marque":"Leclerc"},{"id":"49300015","commune":"CHOLET","cp":"49300","adresse":"85 rue sadi carnot","nom":"RELAIS BOIS GROLEAU","marque":"TotalEnergies"},{"id":"49300016","commune":"CHOLET","cp":"49300","adresse":"Boulevard de touraine zil","nom":"RELAIS CHOLET TOURAINE","marque":"TotalEnergies Access"},{"id":"49300017","commune":"CHOLET","cp":"49300","adresse":"Zi cormier - boulevard jean rouyer","nom":"STATION AVIA","marque":"Avia"},{"id":"49140001","commune":"CORZE","cp":"49140","adresse":"Lieu-dit l'aurore","nom":"Super U CORZE","marque":"Systeme U"},{"id":"49400006","commune":"DISTRE","cp":"49400","adresse":"Zac du champ blanchard rue de l'avenir","nom":"Market","marque":"Carrefour Market"},{"id":"49700003","commune":"DOUE LA FONTAINE","cp":"49700","adresse":"Route de saumur","nom":"INTERMARCHE DOUE","marque":"Intermarche"},{"id":"49700002","commune":"DOUE-LA-FONTAINE","cp":"49700","adresse":"19 bis rue des fontaines","nom":"EMA","marque":"TotalEnergies"},{"id":"49700001","commune":"DOUE-LA-FONTAINE","cp":"49700","adresse":"Boulevard du docteur lionet","nom":"Super U DOUE LA FONTAINE","marque":"Systeme U"},{"id":"49430001","commune":"DURTAL","cp":"49430","adresse":"13, rue des freres lumieres","nom":"Super U DURTAL","marque":"Systeme U"},{"id":"49350001","commune":"GENNES VAL DE LOIRE","cp":"49350","adresse":"85 rue du clos baujon gennes","nom":"Super U GENNES","marque":"Systeme U"},{"id":"49220001","commune":"GREZ NEUVILLE","cp":"49220","adresse":"Zac de la gree","nom":"Super U LE LION D'ANGERS","marque":"Systeme U"},{"id":"49123002","commune":"INGRANDES LE FRESNE SUR LOIRE","cp":"49123","adresse":"28 bis village la riottiere","nom":"JSE STATION","marque":"Intermarche"},{"id":"49123001","commune":"INGRANDES-SUR-LOIRE","cp":"49123","adresse":"Rue de la riottierre","nom":"INTERMARCHE","marque":"Intermarche"},{"id":"49510001","commune":"JALLAIS","cp":"49510","adresse":"3 rue de la chenaie","nom":"Supermarche G20","marque":"LEADER-PRICE"},{"id":"49620001","commune":"LA POMMERAYE","cp":"49620","adresse":"55 rue des mauges","nom":"Super U LA POMMERAYE","marque":"Systeme U"},{"id":"49280001","commune":"LA SEGUINIERE","cp":"49280","adresse":"38 avenue de nantes","nom":"SARL SIBAUTO","marque":"TotalEnergies"},{"id":"49280003","commune":"LA TESSOUALLE","cp":"49280","adresse":"Place de la paix","nom":"SUPERMARCHE U express","marque":"U express"},{"id":"49220003","commune":"LE LION D ANGERS","cp":"49220","adresse":"4 rocade du lion","nom":"JM AUTOMOBILES","marque":"JM AUTOMOBILES"},{"id":"49710001","commune":"LE LONGERON","cp":"49710","adresse":"23 rue d'anjou","nom":"LE LONGERON AUTO","marque":"TotalEnergies"},{"id":"49370002","commune":"LE LOUROUX-BECONNAIS","cp":"49370","adresse":"2 rue des clories","nom":"INTERMARCHE LE LOUROUX BECONNAIS","marque":"Intermarche"},{"id":"49122001","commune":"LE MAY-SUR-EVRE","cp":"49122","adresse":"Zac de la contrie","nom":"INTERMARCHE LE MAY SUR EVRE","marque":"Intermarche"},{"id":"49300010","commune":"LE PUY-SAINT-BONNET","cp":"49300","adresse":"2 rue nationale","nom":"BARON ENERGIES AVIA","marque":"Avia"},{"id":"49330003","commune":"LES HAUTS-D'ANJOU","cp":"49330","adresse":"Rue des rosiers marigne","nom":"Garage Marigne Autos Services","marque":"TotalEnergies"},{"id":"49130004","commune":"LES PONTS-DE-CE","cp":"49130","adresse":"Rue des maisons rouges","nom":"INTERMARCHE LES PONTS DE CE","marque":"Intermarche"},{"id":"49630007","commune":"LOIRE-AUTHION","cp":"49630","adresse":"Corne 11 rue de bellevue","nom":"Carrefour Contact Corne","marque":"Carrefour Contact"},{"id":"49160003","commune":"LONGUE-JUMELLES","cp":"49160","adresse":"Aut a 85   aire de la couaille","nom":"SARL ROUX","marque":"Shell"},{"id":"49160004","commune":"LONGUE-JUMELLES","cp":"49160","adresse":"Aut a 85   aire les cossonieres","nom":"SARL ROUX","marque":"Shell"},{"id":"49160001","commune":"LONGUE-JUMELLES","cp":"49160","adresse":"Route de saumur","nom":"Super U LONGUE","marque":"Systeme U"},{"id":"49540002","commune":"MARTIGNE-BRIAND","cp":"49540","adresse":"2 route de vihiers","nom":"CARREFOUR CONTACT","marque":"Carrefour Contact"},{"id":"49360003","commune":"MAULEVRIER","cp":"49360","adresse":"Boulevard edouard colbert","nom":"SUPER U MAULEVRIER","marque":"Systeme U"},{"id":"49630003","commune":"MAZE","cp":"49630","adresse":"5 rd 347","nom":"RS Automobiles","marque":"TotalEnergies"},{"id":"49630004","commune":"MAZE","cp":"49630","adresse":"Les hautes chaintres","nom":"Super U MAZE","marque":"Systeme U"},{"id":"49230002","commune":"MONTFAUCON","cp":"49230","adresse":"Place saint maurice","nom":"carrefour contact montfaucon","marque":"Carrefour Contact"},{"id":"49570001","commune":"MONTJEAN SUR LOIRE","cp":"49570","adresse":"24 rue d'anjou","nom":"GARAGE BAUDOUIN","marque":"TotalEnergies"},{"id":"49260001","commune":"MONTREUIL-BELLAY","cp":"49260","adresse":"Rue estienvrin","nom":"Super U MONTREUIL BELLAY","marque":"Systeme U"},{"id":"49110004","commune":"MONTREVAULT SUR EVRE","cp":"49110","adresse":"2 b avenue de l'evre","nom":"NETTO","marque":"Netto"},{"id":"49610002","commune":"MURS-ERIGNE","cp":"49610","adresse":"3 route de cholet","nom":"FREULON YVES","marque":"Elan"},{"id":"49610001","commune":"MURS-ERIGNE","cp":"49610","adresse":"26 rue valentin des ormeaux","nom":"Hyper U MURS ERIGNE","marque":"Systeme U"},{"id":"49490001","commune":"NOYANT","cp":"49490","adresse":"80 boulevard paul derre","nom":"INTERMARCHE NOYANT","marque":"Intermarche"},{"id":"49112001","commune":"PELLOUAILLES-LES-VIGNES","cp":"49112","adresse":"23 route nationale","nom":"Netto","marque":"Netto"},{"id":"49420002","commune":"POUANCE","cp":"49420","adresse":"Avenue du general de gaulle","nom":"SARL GARAGE HOUTIN","marque":"TotalEnergies"},{"id":"49420001","commune":"POUANCE, OMBREE D'ANJOU","cp":"49420","adresse":"5 rue de la grand pree","nom":"SUPER U POUANCE","marque":"Systeme U"},{"id":"49450003","commune":"SAINT-ANDRE-DE-LA-MARCHE","cp":"49450","adresse":"1 rue andre ampere","nom":"INTERMARCHE ST ANDRE DE LA MARCH","marque":"Intermarche"},{"id":"49124001","commune":"SAINT BARTHELEMY D'ANJOU","cp":"49124","adresse":"360 rue haute des banchais","nom":"Super U ST BARTHELEMY BANCHAIS","marque":"Systeme U"},{"id":"49500002","commune":"SAINTE-GEMMES-D'ANDIGNE","cp":"49500","adresse":"Rue du 8 mai 1945","nom":"SEGRE-DIS","marque":"Leclerc"},{"id":"49410002","commune":"SAINT-FLORENT-LE-VIEIL","cp":"49410","adresse":"Zi de la chevallerie","nom":"Intermarche","marque":"Intermarche"},{"id":"49450006","commune":"SAINT-MACAIRE-EN-MAUGES","cp":"49450","adresse":"76 rue choletaise - st macaire en mauges","nom":"RLCSV","marque":"TotalEnergies"},{"id":"49450001","commune":"SAINT-MACAIRE-EN-MAUGES","cp":"49450","adresse":"Zc les alouettes","nom":"Super U ST MACAIRE EN MAUGES","marque":"Systeme U"},{"id":"49110003","commune":"SAINT-PIERRE-MONTLIMART","cp":"49110","adresse":"Les 4 routes","nom":"CARREFOUR MARKET","marque":"Carrefour Market"},{"id":"49480005","commune":"SAINT SYLVAIN D'ANJOU","cp":"49480","adresse":"A11 aire des portes d'angers","nom":"ESSO A11 AIRE DES PORTES D'ANGERS SUD","marque":"Esso"},{"id":"49480007","commune":"SAINT-SYLVAIN-D'ANJOU","cp":"49480","adresse":"Aire des portes d'angers nord a11","nom":"SARL N.L.S","marque":"Avia"},{"id":"49480001","commune":"SAINT-SYLVAIN-D'ANJOU","cp":"49480","adresse":"La maison blanche","nom":"Super U ST SYLVAIN D'ANJOU","marque":"Systeme U"},{"id":"49412001","commune":"SAUMUR","cp":"49400","adresse":"51 boulevard mal de lattre-de-tassigny","nom":"E.LECLERC SAUMUR","marque":"Leclerc"},{"id":"49400004","commune":"SAUMUR","cp":"49400","adresse":"Zi ecoparcsaint lambert des levees","nom":"INTERMARCHE SAUMUR","marque":"Intermarche"},{"id":"49400007","commune":"SAUMUR","cp":"49400","adresse":"Boulevard de la marne","nom":"RELAIS DE NANTILLY","marque":"TotalEnergies Access"},{"id":"49500001","commune":"SEGRE EN ANJOU BLEU","cp":"49500","adresse":"Route de laval","nom":"Super U Segre","marque":"Systeme U"},{"id":"49230003","commune":"SEVREMOINE","cp":"49230","adresse":"Parc d'activite val de moine est, 6 avenue des pays bas, saint germain sur moine","nom":"ETS POHU","marque":"ETS POHU"},{"id":"49140003","commune":"SOUCELLES","cp":"49140","adresse":"11 rue du vieux port","nom":"CARREFOUR CONTACT SOUCELLES","marque":"Carrefour Contact"},{"id":"49124003","commune":"ST BARTHELEMY D'ANJOU","cp":"49124","adresse":"9 rue de verdun","nom":"Super U Coeur de Ville St Barth","marque":"Systeme U"},{"id":"49170002","commune":"ST GEORGES SUR LOIRE","cp":"49170","adresse":"Zac des fougeres","nom":"SUPER U SAINT GEORGES SUR LOIRE","marque":"Systeme U"},{"id":"49070006","commune":"ST LEGER DE LINIERES","cp":"49070","adresse":"54 rue de la liberte","nom":"E.LECLERC St Leger de Linieres","marque":"Leclerc"},{"id":"49380001","commune":"THOUARCE","cp":"49380","adresse":"2 bd de la republique","nom":"Super U THOUARCE","marque":"Systeme U"},{"id":"49125001","commune":"TIERCE","cp":"49125","adresse":"6 place de coubertin","nom":"Super U TIERCE","marque":"Systeme U"},{"id":"49800003","commune":"TRELAZE","cp":"49800","adresse":"220 avenue mendes france","nom":"SUPER U LA PYRAMIDE","marque":"Systeme U"},{"id":"49800006","commune":"TRELAZE","cp":"49800","adresse":"80 rue de la gare","nom":"Trelaze La Quantiniere","marque":"Systeme U"},{"id":"49340001","commune":"TREMENTINES","cp":"49340","adresse":"Aire de trementines a87","nom":"AGIP TREMENTINES A87","marque":"ENI"},{"id":"49390001","commune":"VERNOIL-LE-FOURRIER","cp":"49390","adresse":"Route de vernantes","nom":"Super U VERNOIL LE FOURRIER","marque":"Systeme U"},{"id":"49310001","commune":"VIHIERS","cp":"49310","adresse":"Centre commercial les courtils","nom":"Super U VIHIERS COURTILS","marque":"Systeme U"},{"id":"49450005","commune":"VILLEDIEU-LA-BLOUERE","cp":"49450","adresse":"30 rue des chevalliers de malte","nom":"Intermarche contact","marque":"Intermarche Contact"}]}