{"numero":"81","stations":[{"id":"81250004","commune":"ALBAN","cp":"81250","adresse":"Lieu dit ginestous","nom":"carrefour contact alban","marque":"Carrefour Contact"},{"id":"81250006","commune":"ALBAN","cp":"81250","adresse":"13 avenue de millau","nom":"SNC SOUSA STATION TOTAL ENERGIES","marque":"TotalEnergies"},{"id":"81000009","commune":"ALBI","cp":"81000","adresse":"C.c les portes albi/fonlabour","nom":"004. LAVIDA - Albi","marque":"Leclerc"},{"id":"81000004","commune":"ALBI","cp":"81000","adresse":"120 avenue francois verdier","nom":"AUTO 81 SARL","marque":"TotalEnergies"},{"id":"81000001","commune":"ALBI","cp":"81000","adresse":"2 rue francisco goya","nom":"CARREFOUR ALBI","marque":"Carrefour"},{"id":"81000010","commune":"ALBI","cp":"81000","adresse":"3 rue des trois buissons","nom":"Carrefour Contact","marque":"Carrefour Contact"},{"id":"81000005","commune":"ALBI","cp":"81000","adresse":"246 avenue colonel teyssier","nom":"ESSO DU STADE ALBI","marque":"Esso Express"},{"id":"81000002","commune":"ALBI","cp":"81000","adresse":"40  route de cordes","nom":"RELAIS DES FONTANELLES","marque":"TotalEnergies"},{"id":"81000011","commune":"ALBI","cp":"81000","adresse":"105 route de teillet","nom":"SARL RELAIS DE LA FAIENCERIE","marque":"Fina"},{"id":"81000003","commune":"ALBI","cp":"81000","adresse":"Route de saint juery la renaudie","nom":"STATION TOTAL BRUZZECHESSE","marque":"TotalEnergies"},{"id":"81200002","commune":"AUSSILLON","cp":"81200","adresse":"Rd 112","nom":"AUCHAN AUSSILLON","marque":"Auchan"},{"id":"81200003","commune":"AUSSILLON","cp":"81200","adresse":"2 allee des auques","nom":"INTERMARCHE AUSSILLON MAZAMET","marque":"Intermarche"},{"id":"81200004","commune":"AUSSILLON","cp":"81200","adresse":"Boulevard du thore","nom":"RELAIS DU SUD OUEST","marque":"Esso"},{"id":"81200001","commune":"AUSSILLON","cp":"81200","adresse":"54 boulevard du thore","nom":"STATION D'AUSSILLON","marque":"TotalEnergies"},{"id":"81400001","commune":"BLAYE-LES-MINES","cp":"81400","adresse":"150 avenue d'albi","nom":"SUPER U","marque":"Systeme U"},{"id":"81660001","commune":"BOUT-DU-PONT-DE-LARN","cp":"81660","adresse":"Cd 54 - rn 112  lieu dit lagarrigue","nom":"SODIMAZ","marque":"Leclerc"},{"id":"81260001","commune":"BRASSAC","cp":"81260","adresse":"Route de castres","nom":"BARDOU GARAGE","marque":"Station B"},{"id":"81600004","commune":"BRENS","cp":"81600","adresse":"Zone de xansos route de graulhet","nom":"032. GAILLAC DISTRIBUTION -  Brens - A68","marque":"Leclerc"},{"id":"81130001","commune":"CAGNAC-LES-MINES","cp":"81130","adresse":"Rue de la sigalarie","nom":"SAS SOGARDA","marque":"Intermarche"},{"id":"81400002","commune":"CARMAUX","cp":"81400","adresse":"97 avenue albert thomas","nom":"Automobiles Carmausines","marque":"TotalEnergies"},{"id":"81400004","commune":"CARMAUX","cp":"81400","adresse":"Rue henri stendhal","nom":"INTERMARCHE CARMAUX","marque":"Intermarche"},{"id":"81100008","commune":"CASTRES","cp":"81100","adresse":"Lieu-dit plombieres","nom":"017. LECADIS - Castres","marque":"Leclerc"},{"id":"81100010","commune":"CASTRES","cp":"81100","adresse":"Route de mazamet - zone du siala","nom":"052. CASTRESDIS - Castres Siala","marque":"Leclerc"},{"id":"81115001","commune":"CASTRES","cp":"81100","adresse":"10, rue albert calmette","nom":"CENTRE COMMERCIAL GRAND-SUD","marque":"Auchan"},{"id":"81100004","commune":"CASTRES","cp":"81100","adresse":"Boulevard carnot","nom":"ESSO MIREDAMES","marque":"Esso Express"},{"id":"81100007","commune":"CASTRES","cp":"81100","adresse":"Boulevard pierre mendes france","nom":"INTERMARCHE CASTRES","marque":"Intermarche"},{"id":"81100006","commune":"CASTRES","cp":"81100","adresse":"Rue francois couperin,c.c lameilhe","nom":"NETTO LAMEILHE","marque":"Netto"},{"id":"81100003","commune":"CASTRES","cp":"81100","adresse":"154 avenue charles de gaulle","nom":"OMI","marque":"Independant sans enseigne"},{"id":"81100005","commune":"CASTRES","cp":"81100","adresse":"1 avenue georges pompidou","nom":"SUPER U","marque":"Systeme U"},{"id":"81800006","commune":"COUFFOULLEUX","cp":"81800","adresse":"Zone des massies","nom":"SAS LAVIRA","marque":"Intermarche"},{"id":"81600001","commune":"GAILLAC","cp":"81600","adresse":"Route de toulouse","nom":"028. GAILLAC DISTRIBUTION - Gaillac","marque":"Leclerc"},{"id":"81600003","commune":"GAILLAC","cp":"81600","adresse":"19 avenue rhin et danube","nom":"INTERMARCHE GAILLAC","marque":"Intermarche"},{"id":"81300001","commune":"GRAULHET","cp":"81300","adresse":"Avenue du marechal juin","nom":"GRAULHET-DISTRIBUTION","marque":"Leclerc"},{"id":"81300003","commune":"GRAULHET","cp":"81300","adresse":"Avenue rhin et danube","nom":"GRIGOLATO GARAGE","marque":"TotalEnergies"},{"id":"81300006","commune":"GRAULHET","cp":"81300","adresse":"Rond point rhin et danube","nom":"LONSBEARN","marque":"Intermarche"},{"id":"81300005","commune":"GRAULHET","cp":"81300","adresse":"19 avenue marcel pagnol","nom":"NETTO SA ETOILE","marque":"Netto"},{"id":"81220002","commune":"GUITALENS-L'ALBAREDE","cp":"81220","adresse":"444 avenue de cocagne","nom":"Station Services Total","marque":"TotalEnergies"},{"id":"81290001","commune":"LABRUGUIERE","cp":"81290","adresse":"9 boulevard gambetta","nom":"ETS  ARQUIER ET FILS","marque":"Dyneff"},{"id":"81290002","commune":"LABRUGUIERE","cp":"81290","adresse":"Route de l'aeroport","nom":"INTERMARCHE LABRUGUIERE","marque":"Intermarche"},{"id":"81230002","commune":"LACAUNE","cp":"81230","adresse":"Rue henri antoine","nom":"CARREFOUR MARKET","marque":"Carrefour Market"},{"id":"81320002","commune":"LACAUNE","cp":"81230","adresse":"Centre commercial bel air - za de bel air","nom":"SAS GREECE 73","marque":"Netto"},{"id":"81500001","commune":"LAVAUR","cp":"81500","adresse":"Place rene cassin","nom":"ENI LAVAUR","marque":"ENI"},{"id":"81500003","commune":"LAVAUR","cp":"81500","adresse":"Avenue jacques besse","nom":"INTERMARCHE LAVAUR","marque":"Intermarche"},{"id":"81500004","commune":"LAVAUR","cp":"81500","adresse":"Route de saint sulpice","nom":"SUPER U LAVAUR SAS GAIA","marque":"Systeme U"},{"id":"81380001","commune":"LESCURE-D'ALBIGEOIS","cp":"81380","adresse":"Route de carmaux","nom":"007. SADAM - Lescure d'Albigeois","marque":"Leclerc"},{"id":"81990002","commune":"LE SEQUESTRE","cp":"81990","adresse":"Chemin de cap long","nom":"INTERMARCHE ALBI LE SEQUESTRE","marque":"Intermarche"},{"id":"81990001","commune":"LE SEQUESTRE","cp":"81990","adresse":"1 rue de melaudie","nom":"LECLERC LE SEQUESTRE","marque":"Leclerc"},{"id":"81310001","commune":"LISLE-SUR-TARN","cp":"81310","adresse":"Route de toulouse","nom":"EURL DE LA RN 88","marque":"TotalEnergies"},{"id":"81310003","commune":"LISLE-SUR-TARN","cp":"81310","adresse":"Lieu dit les robertes","nom":"INTERMARCHE LISLE SUR TARN","marque":"Intermarche"},{"id":"81170001","commune":"LIVERS-CAZELLES","cp":"81170","adresse":"Route d albi","nom":"Sarl atra","marque":"TotalEnergies"},{"id":"81150003","commune":"MARSSAC-SUR-TARN","cp":"81150","adresse":"23 avenue de toulouse","nom":"STATION TOTAL","marque":"TotalEnergies"},{"id":"81600006","commune":"MONTANS","cp":"81600","adresse":"Za garrigue longue","nom":"RELAIS GARRIGUE LONGUE","marque":"TotalEnergies"},{"id":"81320001","commune":"MURAT-SUR-VEBRE","cp":"81320","adresse":"Avenue du languedoc","nom":"AVIA","marque":"Avia"},{"id":"81190002","commune":"PAMPELONNE","cp":"81190","adresse":"Le puech","nom":"Station de la Croix de Mille","marque":"Independant sans enseigne"},{"id":"81990003","commune":"PUYGOUZON","cp":"81990","adresse":"1 rue d'al causse","nom":"CARREFOUR MARKET PUYGOUZON","marque":"Carrefour Market"},{"id":"81700006","commune":"PUYLAURENS","cp":"81700","adresse":"483 route de revel","nom":"Carrefour contact","marque":"Carrefour Contact"},{"id":"81700003","commune":"PUYLAURENS","cp":"81700","adresse":"Route de revel","nom":"INTERMARCHE PUYLAURENS","marque":"Intermarche"},{"id":"81800004","commune":"RABASTENS","cp":"81800","adresse":"Lieu dit l'hermitage","nom":"INTERMARCHE","marque":"Intermarche"},{"id":"81800003","commune":"RABASTENS","cp":"81800","adresse":"Route d'albi","nom":"Station DELDOSSI","marque":"Independant sans enseigne"},{"id":"81120002","commune":"REALMONT","cp":"81120","adresse":"27 rue de la bouriotte","nom":"INTERMARCHE REALMONT","marque":"Intermarche"},{"id":"81120001","commune":"REALMONT","cp":"81120","adresse":"42 avenue du general de gaulle","nom":"SARL Real Auto","marque":"TotalEnergies"},{"id":"81160001","commune":"SAINT-JUERY","cp":"81160","adresse":"6, avenue alphonse pacifique","nom":"Carrefour Market","marque":"Carrefour Market"},{"id":"81370001","commune":"SAINT-SULPICE-LA-POINTE","cp":"81370","adresse":"254 avenue des terres noires","nom":"Carrefour Market","marque":"Carrefour Market"},{"id":"81370002","commune":"SAINT-SULPICE-LA-POINTE","cp":"81370","adresse":"102 route de lavaur","nom":"GOMEZ SOCIETE NOUVELLE","marque":"TotalEnergies"},{"id":"81370004","commune":"SAINT-SULPICE-LA-POINTE","cp":"81370","adresse":"Sortie 5 a68 - zac portes du  tarn","nom":"RELAIS PORTES DU TARN","marque":"TotalEnergies"},{"id":"81370003","commune":"SAINT-SULPICE-LA-POINTE","cp":"81370","adresse":"Avenue auguste milhes","nom":"STATION DU PARC","marque":"Independant sans enseigne"},{"id":"81710002","commune":"SAIX","cp":"81710","adresse":"11 bis route de toulouse","nom":"RELAIS DE SAIX","marque":"TotalEnergies Access"},{"id":"81540001","commune":"SOREZE","cp":"81540","adresse":"2 passage du verrier","nom":"u express","marque":"Systeme U"},{"id":"81580001","commune":"SOUAL","cp":"81580","adresse":"Za de la prade","nom":"SAS NINO (SUPER U)","marque":"Systeme U"},{"id":"81430001","commune":"VILLEFRANCHE-D'ALBIGEOIS","cp":"81430","adresse":"Route de millau","nom":"BOUSQUET GARAGE","marque":"TotalEnergies"}]}