{"numero":"86","stations":[{"id":"86100014","commune":"ANTRAN","cp":"86100","adresse":"Autoroute a10","nom":"AIRE DE CHATELLERAULT USSEAU","marque":"Avia"},{"id":"86100013","commune":"ANTRAN","cp":"86100","adresse":"Aire de chatellerault-antran","nom":"ESSO CHATELLERAULT","marque":"Esso"},{"id":"86180001","commune":"BUXEROLLES","cp":"86180","adresse":"Rue des ecoles","nom":"E. LECLERC Buxerolles","marque":"Leclerc"},{"id":"86180002","commune":"BUXEROLLES","cp":"86180","adresse":"10 rue de la charletterie","nom":"Super U BUXEROLLES-ST ELOI","marque":"Systeme U"},{"id":"86360003","commune":"CHASSENEUIL-DU-POITOU","cp":"86360","adresse":"6 route de paris","nom":"ACCESS TOTAL RN10 BORDEAUX vers PARIS","marque":"TotalEnergies Access"},{"id":"86360001","commune":"CHASSENEUIL-DU-POITOU","cp":"86360","adresse":"Rn10 les portes du futur","nom":"AUCHAN","marque":"Auchan"},{"id":"86100001","commune":"CHATELLERAULT","cp":"86100","adresse":"Avenue jean moulin","nom":"Auchan Chatellerault","marque":"Auchan"},{"id":"86100009","commune":"CHATELLERAULT","cp":"86100","adresse":"144, avenue foch","nom":"FOCH DISTRIBUTION","marque":"Leclerc"},{"id":"86100015","commune":"CHATELLERAULT","cp":"86100","adresse":"109 av marechal de lattre de tassigny","nom":"INTERMARCHE","marque":"Intermarche"},{"id":"86100010","commune":"CHATELLERAULT","cp":"86100","adresse":"Sortie a10 nord - zi nord - espace d argenson","nom":"INTERMARCHE ZI NORD CHATELLERAULT","marque":"Intermarche"},{"id":"86102001","commune":"CHATELLERAULT","cp":"86100","adresse":"13 avenue honore de balzac","nom":"SAS SODAC DES NATIONS","marque":"TotalEnergies Access"},{"id":"86100003","commune":"CHATELLERAULT","cp":"86100","adresse":"Rue du paradis","nom":"Super U Coop Atlantique Chatellerault","marque":"Systeme U"},{"id":"86300002","commune":"CHAUVIGNY","cp":"86300","adresse":"Za de peuron 2 rue entrepreneurs","nom":"MGR MENU AUTOMOBILES","marque":"Avia"},{"id":"86300001","commune":"CHAUVIGNY","cp":"86300","adresse":"Route de poitiers","nom":"Super U Coop Atlantique Chauvigny","marque":"Systeme U"},{"id":"86400004","commune":"CIVRAY","cp":"86400","adresse":"59 bis avenue henri roucher","nom":"GARAGE SASP","marque":"Elan"},{"id":"86400001","commune":"CIVRAY","cp":"86400","adresse":"Rue de la pierre du theil","nom":"Super U Coop Atlantique Civray","marque":"Systeme U"},{"id":"86700001","commune":"COUHE","cp":"86700","adresse":"Grande rue","nom":"CARREFOUR CONTACT","marque":"Carrefour Contact"},{"id":"86700003","commune":"COUHE","cp":"86700","adresse":"28 avenue de paris","nom":"INTERMARCHE COUHE-VERAC","marque":"Intermarche"},{"id":"86220001","commune":"DANGE-SAINT-ROMAIN","cp":"86220","adresse":"Rn10","nom":"Carrefour Market","marque":"Carrefour Market"},{"id":"86130002","commune":"DISSAY","cp":"86130","adresse":"Rn10 - longeve","nom":"GGE PINAUDEAU","marque":"TotalEnergies"},{"id":"86160002","commune":"GENCAY","cp":"86160","adresse":"Rue emilien fillon","nom":"INTERMARCHE GENCAY","marque":"Intermarche"},{"id":"86800003","commune":"JARDRES","cp":"86800","adresse":"Rn 151 -  la carte","nom":"LECLERC JARDRES","marque":"Leclerc"},{"id":"86130010","commune":"JAUNAY-CLAN","cp":"86130","adresse":"Autoroute a10","nom":"AVIA JD RETAIL","marque":"Avia"},{"id":"86130008","commune":"JAUNAY-MARIGNY","cp":"86130","adresse":"Sens poitiers tours","nom":"AGIP A10 AIRE POITIERS CHINCE NORD","marque":"ENI"},{"id":"86130011","commune":"JAUNAY-MARIGNY","cp":"86130","adresse":"Zac des grands champs","nom":"JAUNAYDIS","marque":"Systeme U"},{"id":"86370005","commune":"LA ROCHE-POSAY","cp":"86270","adresse":"Les chaumettes","nom":"Super  U  LA ROCHE POSAY","marque":"Systeme U"},{"id":"86390002","commune":"LATHUS-SAINT-REMY","cp":"86390","adresse":"Route de montmorrilon","nom":"GULF LATHUS-SAINT-REMY","marque":"GULF"},{"id":"86140001","commune":"LENCLOITRE","cp":"86140","adresse":"23 rue saint-exupery","nom":"SARL GGE COUTON","marque":"TotalEnergies"},{"id":"86220003","commune":"LES ORMES","cp":"86220","adresse":"Route nationale 10 - lieu-dit la fosse aux sables","nom":"Station Malpeli Les Ormes","marque":"TotalEnergies"},{"id":"86120001","commune":"LES TROIS-MOUTIERS","cp":"86120","adresse":"23 avenue aristide gigot","nom":"GARAGE MARTIN","marque":"TotalEnergies"},{"id":"86150002","commune":"L'ISLE-JOURDAIN","cp":"86150","adresse":"Avenue pasteur","nom":"INTERMARCHE L'ISLE JOURDAIN","marque":"Intermarche"},{"id":"86200004","commune":"LOUDUN","cp":"86200","adresse":"Faubourg saint lazare","nom":"LOUDUNDIS","marque":"Leclerc"},{"id":"86200005","commune":"LOUDUN","cp":"86200","adresse":"Boulevard jean pascault","nom":"LOUDUNDIS","marque":"Leclerc"},{"id":"86200006","commune":"LOUDUN","cp":"86200","adresse":"2 bld guy chauvet","nom":"SARL ROUSSEAU CYRILLE","marque":"TotalEnergies"},{"id":"86200003","commune":"LOUDUN","cp":"86200","adresse":"Parc commercial careoles landes","nom":"Super U Coop Atlantique Loudun","marque":"Systeme U"},{"id":"86600001","commune":"LUSIGNAN","cp":"86600","adresse":"63 av saintonge","nom":"INTERMARCHE LUSIGNAN","marque":"Intermarche"},{"id":"86320002","commune":"LUSSAC-LES-CHATEAUX","cp":"86320","adresse":"Rue julien david","nom":"INTERMARCHE LUSSAC LES CHATEAUX","marque":"Intermarche"},{"id":"86550001","commune":"MIGNALOUX-BEAUVOIR","cp":"86550","adresse":"Zae de beaubaton","nom":"CARREFOUR CONTACT","marque":"Carrefour Contact"},{"id":"86360004","commune":"MIGNE-AUXANCES","cp":"86440","adresse":"71 avenue de chatellerault","nom":"ACCESS TOTAL RN10 PARIS vers BORDEAUX","marque":"TotalEnergies Access"},{"id":"86440004","commune":"MIGNE-AUXANCES","cp":"86440","adresse":"8 route de chardonchamps","nom":"NETTO MIGNE AUXANCES","marque":"Netto"},{"id":"86440001","commune":"MIGNE-AUXANCES","cp":"86440","adresse":"Avenue de la loge","nom":"SAS SACOA DES NATIONS","marque":"TotalEnergies"},{"id":"86110004","commune":"MIREBEAU","cp":"86110","adresse":"5 route de poitiers","nom":"AUCHAN SUPERMARCHE","marque":"Auchan"},{"id":"86500002","commune":"MONTMORILLON","cp":"86500","adresse":"2 avenue de provence","nom":"LECLERC  MONTMORILLON","marque":"Leclerc"},{"id":"86500001","commune":"MONTMORILLON","cp":"86500","adresse":"106 avenue victor hugo","nom":"Super U Coop Atlantique Montmorillon","marque":"Systeme U"},{"id":"86530001","commune":"NAINTRE","cp":"86530","adresse":"Avenue du cerisier noir","nom":"INTERMARCHE NAINTRE","marque":"Intermarche"},{"id":"86170002","commune":"NEUVILLE-DE-POITOU","cp":"86170","adresse":"41 allee jean monnet","nom":"Super U NEUVILLE DE POITOU","marque":"Systeme U"},{"id":"86170005","commune":"NEUVILLE-DE-POITOU","cp":"86170","adresse":"43 rue alphonse plault","nom":"TOTAL ENERGIES NEUVILLE DE POITOU","marque":"TotalEnergies"},{"id":"86700004","commune":"PAYRE","cp":"86700","adresse":"Centre routier total","nom":"Relais des minieres","marque":"TotalEnergies"},{"id":"86000014","commune":"POITIERS","cp":"86000","adresse":"250 ave du 8  mai 1945","nom":"Auchan POITIERS SUD","marque":"Auchan"},{"id":"86000021","commune":"POITIERS","cp":"86000","adresse":"70, avenue john kennedy","nom":"AVIA TS 92 POITIERS KENNEDY","marque":"Avia"},{"id":"86000023","commune":"POITIERS","cp":"86000","adresse":"10 boulevard jeanne d'arc","nom":"AVIA TS 92 POITIERS PORTE DE PARIS","marque":"Avia"},{"id":"86000020","commune":"POITIERS","cp":"86000","adresse":"6 rue du pont saint-cyprien","nom":"AVIA TS 92 ST CYPRIEN","marque":"Avia"},{"id":"86036001","commune":"POITIERS","cp":"86000","adresse":"93 route de gencay","nom":"E. LECLERC Poitiers","marque":"Leclerc"},{"id":"86000025","commune":"POITIERS","cp":"86000","adresse":"2 avenue de lafayette","nom":"INTERMARCHE BEAULIEU","marque":"Intermarche"},{"id":"86000024","commune":"POITIERS","cp":"86000","adresse":"Rocade ouest - z.i.republique iii","nom":"RELAIS TOTAL ACCESS DE LA BUGELLERIE","marque":"TotalEnergies Access"},{"id":"86000012","commune":"POITIERS","cp":"86000","adresse":"10 rue de la demi-lune","nom":"SUPER U LA DEMI-LUNE","marque":"Systeme U"},{"id":"86000013","commune":"POITIERS","cp":"86000","adresse":"108 avenue du 8 mai 1945","nom":"SUPER U POITIERS","marque":"Systeme U"},{"id":"86140002","commune":"SAINT-GENEST-D'AMBIERE","cp":"86140","adresse":"Route de lencloitre","nom":"AUCHAN SUPERMARCHE LENCLOITRE","marque":"Auchan"},{"id":"86130006","commune":"SAINT-GEORGES-LES-BAILLARGEAUX","cp":"86130","adresse":"Route champs de gain","nom":"Super U St GEORGES LES BAILLARGEAUX","marque":"Systeme U"},{"id":"86310003","commune":"SAINT-GERMAIN","cp":"86310","adresse":"12 avenue de l'europe","nom":"ST GERMAIN","marque":"TotalEnergies"},{"id":"86800004","commune":"SAINT-JULIEN-L'ARS","cp":"86800","adresse":"60 route de poitiers","nom":"CARREFOUR CONTACT","marque":"Carrefour Contact"},{"id":"86380001","commune":"SAINT MARTIN LA PALLU","cp":"86380","adresse":"36 bis rte poitiers vendeuvre","nom":"VENDEUVRE AUTOMOBILES","marque":"TotalEnergies"},{"id":"86310002","commune":"SAINT-SAVIN","cp":"86310","adresse":"8 avenue du general de gaulle","nom":"SAVIDIS","marque":"Intermarche Contact"},{"id":"86400003","commune":"SAVIGNE","cp":"86400","adresse":"Route de niort","nom":"INTERMARCHE SAVIGNE CIVRAY","marque":"Intermarche"},{"id":"86350001","commune":"USSON-DU-POITOU","cp":"86350","adresse":"4 le cormier","nom":"USSON GARAGE 86 - STATION TOTAL CONTACT","marque":"TotalEnergies"},{"id":"86380002","commune":"VENDEUVRE-DU-POITOU","cp":"86380","adresse":"15 rue marie curie","nom":"CARREFOUR CONTACT","marque":"Carrefour Contact"},{"id":"86370006","commune":"VIVONNE","cp":"86370","adresse":"Aire des vieilles etables rn 10","nom":"AVIA VIVONNE","marque":"Avia"},{"id":"86370008","commune":"VIVONNE","cp":"86370","adresse":"Brandes de cercigny rn10","nom":"ESSO EXPRESS VIVONNE LES MINIERES","marque":"Esso Express"},{"id":"86370001","commune":"VIVONNE","cp":"86370","adresse":"17,  rue portes rouges","nom":"Super U VIVONNE","marque":"Systeme U"},{"id":"86190001","commune":"VOUILLE","cp":"86190","adresse":"Zae  de vaugendron","nom":"Super U VOUILLE","marque":"Systeme U"},{"id":"86190004","commune":"VOUILLE","cp":"86190","adresse":"4 route de poitiers","nom":"VOUILLE DEPANNAGE AUTOMOBILE STATION","marque":"TotalEnergies"},{"id":"86580002","commune":"VOUNEUIL-SOUS-BIARD","cp":"86580","adresse":"13 place de la croix cadet","nom":"carrefour contact","marque":"Carrefour Contact"}]}