{"numero":"10","stations":[{"id":"10160001","commune":"AIX-EN-OTHE","cp":"10160","adresse":"29 rue joseph anglade","nom":"SAS MARVILA","marque":"Intermarche"},{"id":"10700002","commune":"ARCIS-SUR-AUBE","cp":"10700","adresse":"42, route de brienne  (5 minutes a26 sortie 21)","nom":"CARREFOUR MARKET","marque":"Carrefour Market"},{"id":"10700003","commune":"ARCIS-SUR-AUBE","cp":"10700","adresse":"104 rue de paris","nom":"INTERMARCHE ARCIS SUR AUBE","marque":"Intermarche"},{"id":"10700001","commune":"ARCIS-SUR-AUBE","cp":"10700","adresse":"9 rue de brienne","nom":"SARL NOEL","marque":"TotalEnergies"},{"id":"10130004","commune":"AUXON","cp":"10130","adresse":"321 rue des carres","nom":"INTERMARCHE AUXON ADISAUX","marque":"Intermarche"},{"id":"10600009","commune":"BARBEREY","cp":"10600","adresse":"Rd 619","nom":"RELAIS DE BARBEREY","marque":"TotalEnergies Access"},{"id":"10600012","commune":"BARBEREY ST SULPICE","cp":"10600","adresse":"Route nationale 19","nom":"AUCHAN BARBEREY-SAINT-SULPICE (TROYES)","marque":"Auchan"},{"id":"10200002","commune":"BAR-SUR-AUBE","cp":"10200","adresse":"Avenue du general leclerc","nom":"BARDIS","marque":"Leclerc"},{"id":"10200003","commune":"BAR-SUR-AUBE","cp":"10200","adresse":"Rue louis desprez","nom":"Carrefour Market","marque":"Carrefour Market"},{"id":"10200004","commune":"BAR-SUR-AUBE","cp":"10200","adresse":"Faubourg de belfort","nom":"SARL Maitre et Cie","marque":"AVIA"},{"id":"10110001","commune":"BAR-SUR-SEINE","cp":"10110","adresse":"14 faux bourg de bourgogne","nom":"ESSO BARSEQUANAISE","marque":"Esso Express"},{"id":"10110002","commune":"BAR-SUR-SEINE","cp":"10110","adresse":"20 avenue du general leclerc","nom":"INTERMARCHE BAR SUR SEINE","marque":"Intermarche"},{"id":"10500002","commune":"BRIENNE-LE-CHATEAU","cp":"10500","adresse":"Rue du general p.decouz","nom":"INTERMARCHE BRIENNE LE CHATEAU","marque":"Intermarche"},{"id":"10500005","commune":"BRIENNE-LE-CHATEAU","cp":"10500","adresse":"Boulevard napoleon","nom":"LECLERC EXPRESS","marque":"Leclerc"},{"id":"10800006","commune":"BUCHERES","cp":"10800","adresse":"1 route de maisons blanches","nom":"CARREFOUR CONTACT BUCHERES","marque":"Carrefour Contact"},{"id":"10210001","commune":"CHAOURCE","cp":"10210","adresse":"34 route de troyes","nom":"Garage chaourcois","marque":"Oil France"},{"id":"10210002","commune":"CHAOURCE","cp":"10210","adresse":"13 route de troyes","nom":"STATION Bi1","marque":"Atac"},{"id":"10150003","commune":"CHARMONT-SOUS-BARBUISE","cp":"10150","adresse":"Aire de service - autoroute a26 sud","nom":"CHARMONT SOUS BARBUISE","marque":"Shell"},{"id":"10130001","commune":"ERVY-LE-CHATEL","cp":"10130","adresse":"Route de davrey","nom":"AVIA XPRESS","marque":"AVIA"},{"id":"10360001","commune":"ESSOYES","cp":"10360","adresse":"14 rue du bocage","nom":"station du bocage","marque":"Avia"},{"id":"10190001","commune":"ESTISSAC","cp":"10190","adresse":"Avenue de la republique","nom":"AVIA XPRESS","marque":"Avia"},{"id":"10260001","commune":"FOUCHERES","cp":"10260","adresse":"Faubourg de champagne","nom":"SARL DOSIERES AUTO SPORT","marque":"TotalEnergies"},{"id":"10270007","commune":"FRESNOY-LE-CHATEAU","cp":"10270","adresse":"Autoroute a5 - aire  troyes-le-plessis","nom":"RELAIS DE TROYES PLESSIS","marque":"TotalEnergies"},{"id":"10270006","commune":"FRESNOY-LE-CHATEAU","cp":"10270","adresse":"Autoroute a5 - aire de troyes-fresnoy-le-chateau","nom":"RELAIS TROYES FRESNOY","marque":"TotalEnergies"},{"id":"10600005","commune":"LA CHAPELLE-SAINT-LUC","cp":"10600","adresse":"118 avenue du general sarrail","nom":"Relais de chantereigne","marque":"Esso"},{"id":"10500001","commune":"LESMONT","cp":"10500","adresse":"Rd 960","nom":"SARL RS MILLON","marque":"TotalEnergies"},{"id":"10340001","commune":"LES RICEYS","cp":"10340","adresse":"25 rue du pont","nom":"SARL GARAGE ROY","marque":"Avia"},{"id":"10270009","commune":"LUSIGNY-SUR-BARSE","cp":"10270","adresse":"9 rue de la marriere","nom":"E.LECLERC TROYDIS LSB","marque":"Leclerc"},{"id":"10230001","commune":"MAILLY-LE-CAMP","cp":"10230","adresse":"Rue de vignettes","nom":"AVIA XPRESS","marque":"Avia"},{"id":"10230002","commune":"MAILLY-LE-CAMP","cp":"10230","adresse":"Rn 7","nom":"GARAGE GUITTON","marque":"TotalEnergies"},{"id":"10350001","commune":"MARIGNY-LE-CHATEL","cp":"10350","adresse":"Rue salengro","nom":"STATION SERVICE 24/24","marque":"Intermarche"},{"id":"10170001","commune":"MERY-SUR-SEINE","cp":"10170","adresse":"Route d arcis","nom":"INTERMARCHE MERY SUR SEINE","marque":"Intermarche"},{"id":"10250002","commune":"MUSSY-SUR-SEINE","cp":"10250","adresse":"3 rue paul terillon","nom":"Carrefour Express Mussy","marque":"Carrefour Express"},{"id":"10250001","commune":"MUSSY-SUR-SEINE","cp":"10250","adresse":"13 route departementale 671","nom":"GARAGE MATHIEU STATION AVIA","marque":"Avia"},{"id":"10400002","commune":"NOGENT-SUR-SEINE","cp":"10400","adresse":"Avenue du general de gaulle","nom":"Carrefour Market","marque":"Carrefour Market"},{"id":"10400003","commune":"NOGENT-SUR-SEINE","cp":"10400","adresse":"47 route de bray","nom":"INTERMARCHE NOGENT SUR SEINE","marque":"Intermarche"},{"id":"10150001","commune":"PONT-SAINTE-MARIE","cp":"10150","adresse":"5 rue roger salengro","nom":"ESSO DU STADE PSM","marque":"Esso Express"},{"id":"10150002","commune":"PONT-SAINTE-MARIE","cp":"10150","adresse":"Zac de creney","nom":"INTERMARCHE CRENEY PRES TROYES","marque":"Intermarche"},{"id":"10100001","commune":"ROMILLY-SUR-SEINE","cp":"10100","adresse":"Avenue diderot","nom":"Carrefour Market","marque":"Carrefour Market"},{"id":"10100003","commune":"ROMILLY-SUR-SEINE","cp":"10100","adresse":"70 rue aristide briand","nom":"ESSO BOULE D'OR","marque":"Esso Express"},{"id":"10100002","commune":"ROMILLY-SUR-SEINE","cp":"10100","adresse":"123 rue aristide briand","nom":"SARL LACOUR","marque":"TotalEnergies"},{"id":"10100004","commune":"ROMILLY-SUR-SEINE","cp":"10100","adresse":"Centre commercial la belle idee - rn 19","nom":"SAS PETRO-EST LECLERC ROMILLY","marque":"Leclerc"},{"id":"10430003","commune":"ROSIERES","cp":"10430","adresse":"71 rue victor hugo","nom":"E.LECLERC TROYDIS RPT","marque":"Leclerc"},{"id":"10120005","commune":"SAINT ANDRE LES VERGERS","cp":"10120","adresse":"114 route d auxerre","nom":"Avia","marque":"Avia"},{"id":"10123001","commune":"SAINT-ANDRE-LES-VERGERS","cp":"10120","adresse":"Avenue charles de refuge","nom":"CARREFOUR ST ANDRE LES VERGERS","marque":"Carrefour"},{"id":"10600002","commune":"SAINTE-SAVINE","cp":"10300","adresse":"4 boulevard de l'ouest","nom":"CARREFOUR Sainte-Savine","marque":"Carrefour"},{"id":"10300002","commune":"SAINTE-SAVINE","cp":"10300","adresse":"24 avenue du general leclerc","nom":"ESSO STE SAVINE","marque":"Esso Express"},{"id":"10300005","commune":"SAINTE-SAVINE","cp":"10300","adresse":"82 avenue du general leclerc","nom":"RELAIS SAINTE SAVINE","marque":"TotalEnergies Access"},{"id":"10120004","commune":"SAINT GERMAIN","cp":"10120","adresse":"150 rue de troyes","nom":"SUPER U SAINT GERMAIN","marque":"Systeme U"},{"id":"10120001","commune":"SAINT-GERMAIN","cp":"10120","adresse":"184 route nationale 77 - chevillele","nom":"MR BARRET","marque":"TotalEnergies"},{"id":"10800002","commune":"SAINT-JULIEN-LES-VILLAS","cp":"10800","adresse":"130 avenue michel baroin","nom":"INTERMARCHE LES RIVES DE SEINE","marque":"Intermarche"},{"id":"10800003","commune":"SAINT-JULIEN-LES-VILLAS","cp":"10800","adresse":"23 boulevard de dijon","nom":"INTERMARCHE ST JULIEN DES VILLAS","marque":"Intermarche"},{"id":"10800007","commune":"SAINT-JULIEN-LES-VILLAS","cp":"10800","adresse":"29 boulevard de dijon","nom":"SAS Les Philippats 2 Station Services","marque":"Intermarche"},{"id":"10180001","commune":"SAINT-LYE","cp":"10180","adresse":"Rue du general de gaulle","nom":"SA GUYEVE","marque":"Intermarche"},{"id":"10410003","commune":"SAINT PARRES AUX TERTRES","cp":"10410","adresse":"103 avenue du general de gaulle","nom":"E.LECLERC TROYDIS SPT","marque":"Leclerc"},{"id":"10000006","commune":"TROYES","cp":"10000","adresse":"3 rue de la mission","nom":"CARREFOUR MARKET TROYES","marque":"Carrefour Market"},{"id":"10000005","commune":"TROYES","cp":"10000","adresse":"210 rue du faubourg croncels","nom":"ESSO ST JULLIEN","marque":"Esso Express"},{"id":"10000018","commune":"TROYES","cp":"10000","adresse":"1 chaussee du vouldy","nom":"RELAIS DU VOULDY","marque":"TotalEnergies"},{"id":"10000020","commune":"TROYES","cp":"10000","adresse":"40, avenue chomedey de maisonneu","nom":"RELAIS TROYES MAISONNEUVE","marque":"TotalEnergies Access"},{"id":"10000019","commune":"TROYES","cp":"10000","adresse":"17,  bld georges pompidou","nom":"RELAIS TROYES POMPIDOU","marque":"TotalEnergies Access"},{"id":"10260003","commune":"VAUDES","cp":"10260","adresse":"Rd185 les grandes fosses","nom":"CARREFOUR CONTACT","marque":"Carrefour Contact"},{"id":"10140001","commune":"VENDEUVRE-SUR-BARSE","cp":"10140","adresse":"5 rue des tanneries","nom":"AVIA XPRESS","marque":"AVIA"},{"id":"10370001","commune":"VILLENAUXE-LA-GRANDE","cp":"10370","adresse":"Rue jean moulin","nom":"INTERMARCHE VILLENAUXE LA GRANDE","marque":"Intermarche"}]}