{"numero":"11","stations":[{"id":"11170002","commune":"ALZONNE","cp":"11170","adresse":"Avenue de toulouse","nom":"INTERMARCHE ALZONNE","marque":"Intermarche"},{"id":"11120003","commune":"ARGELIERS","cp":"11120","adresse":"2 zone artisanale la garrigue","nom":"SAS ARDENTY","marque":"Intermarche"},{"id":"11290002","commune":"ARZENS","cp":"11290","adresse":"A61 aire d'arzens nord","nom":"DYNEFF Arzens Nord","marque":"DYNEFF"},{"id":"11290001","commune":"ARZENS","cp":"11290","adresse":"A61 aire d'arzens sud","nom":"DYNEFF Arzens Sud","marque":"DYNEFF"},{"id":"11140001","commune":"AXAT","cp":"11140","adresse":"Lieu dit la condomine","nom":"DYNEFF Axat","marque":"Dyneff"},{"id":"11150001","commune":"BRAM","cp":"11150","adresse":"Zae avenue de la preuilhe","nom":"Carrefour Market","marque":"Carrefour Market"},{"id":"11700007","commune":"CAPENDU","cp":"11700","adresse":"Aire des corbieres sud a61","nom":"AVIA LES CORBIERES SUD","marque":"Avia"},{"id":"11700008","commune":"CAPENDU","cp":"11700","adresse":"A61 aire des corbieres nord","nom":"Corbieres Nord","marque":"Avia"},{"id":"11700001","commune":"CAPENDU","cp":"11700","adresse":"Rn113","nom":"DYNEFF Capendu","marque":"Dyneff"},{"id":"11700009","commune":"CAPENDU","cp":"11700","adresse":"Lieu dit \"roc del die\"","nom":"SAS PAUPLINA","marque":"Intermarche Contact"},{"id":"11000007","commune":"CARCASSONNE","cp":"11000","adresse":"Route de toulouse","nom":"041. T.P.L.M. - Carcassonne","marque":"Leclerc"},{"id":"11000018","commune":"CARCASSONNE","cp":"11000","adresse":"Centre commercial salvazazi la bouriette","nom":"AUCHAN CARCASSONNE","marque":"Auchan"},{"id":"11000016","commune":"CARCASSONNE","cp":"11000","adresse":"Zi pont rouge","nom":"CARREFOUR PONT ROUGE","marque":"Carrefour"},{"id":"11000014","commune":"CARCASSONNE","cp":"11000","adresse":"69 allee d'iena","nom":"DYNEFF Iena","marque":"Dyneff"},{"id":"11000017","commune":"CARCASSONNE","cp":"11000","adresse":"2 avenue du souvenir francais","nom":"E.LECLERC CITE 2","marque":"Leclerc"},{"id":"11000005","commune":"CARCASSONNE","cp":"11000","adresse":"13 allee d'iena","nom":"ESSO DE LA CITE","marque":"Esso Express"},{"id":"11000009","commune":"CARCASSONNE","cp":"11000","adresse":"Rue claude chappe","nom":"INTERMARCHE CARCASSONNE","marque":"Intermarche"},{"id":"11000015","commune":"CARCASSONNE","cp":"11000","adresse":"Route de limoux rn 118","nom":"RELAIS DU VIGUIER","marque":"TotalEnergies Access"},{"id":"11000012","commune":"CARCASSONNE","cp":"11000","adresse":"42 boulevard jean jaures","nom":"SARL TRIAY FRERES","marque":"Independant sans enseigne"},{"id":"11000003","commune":"CARCASSONNE","cp":"11000","adresse":"Avenue du 3eme rpima","nom":"SAS PEYROT ET FILS","marque":"TotalEnergies"},{"id":"11400002","commune":"CASTELNAUDARY","cp":"11400","adresse":"88 avenue monseigneur de langle","nom":"DYNEFF Castelnaudary","marque":"Dyneff"},{"id":"11400004","commune":"CASTELNAUDARY","cp":"11400","adresse":"Route de carcassonne","nom":"EOR CASTELNAUDARY FRANCO","marque":"TotalEnergies"},{"id":"11400006","commune":"CASTELNAUDARY","cp":"11400","adresse":"1033 avenue martin dauch","nom":"ESSO STATION","marque":"ESSO"},{"id":"11400005","commune":"CASTELNAUDARY","cp":"11400","adresse":"211 route de villasavary","nom":"INTERMARCHE CASTELNAUDARY","marque":"Intermarche"},{"id":"11400008","commune":"CASTELNAUDARY","cp":"11400","adresse":"129 avenue monseigneur delangle","nom":"SAS CASTELNAUDIS","marque":"Leclerc"},{"id":"11110001","commune":"COURSAN","cp":"11110","adresse":"Avenue de toulouse","nom":"SUPER U","marque":"Systeme U"},{"id":"11260001","commune":"ESPERAZA","cp":"11260","adresse":"Route de quillan","nom":"INTERMARCHE ESPERAZA","marque":"Intermarche"},{"id":"11430001","commune":"GRUISSAN","cp":"11430","adresse":"Avenue de narbonne","nom":"DYNEFF Gruissan","marque":"Dyneff"},{"id":"11430002","commune":"GRUISSAN","cp":"11430","adresse":"Za de mateille","nom":"INTERMARCHE GRUISSAN","marque":"Intermarche"},{"id":"11200007","commune":"HOMPS","cp":"11200","adresse":"Route departementale 610","nom":"STATION LACANS","marque":"Systeme U"},{"id":"11480009","commune":"LA PALME","cp":"11480","adresse":"Aire de service de la palme ouest - sens france espagne","nom":"ESSO LA PALME OUEST","marque":"Esso"},{"id":"11480007","commune":"LA PALME","cp":"11480","adresse":"Aire de lapalme est","nom":"STATION  AVIA","marque":"Avia"},{"id":"11480008","commune":"LA PALME","cp":"11480","adresse":"Route departementale 6009","nom":"STATION AVIA","marque":"Avia"},{"id":"11700005","commune":"LA REDORTE","cp":"11700","adresse":"4 avenue du minervois","nom":"INTERMARCHE LA REDORTE","marque":"Intermarche"},{"id":"11290005","commune":"LAVALETTE","cp":"11290","adresse":"Lieu dit le goutal - route d'alairac - d211","nom":"CARREFOUR CONTACT LAVALETTE","marque":"Carrefour Contact"},{"id":"11370001","commune":"LEUCATE","cp":"11370","adresse":"Route de leucate plage","nom":"Carrefour Contact","marque":"Carrefour Contact"},{"id":"11200008","commune":"LEZIGNAN CORBIERES","cp":"11200","adresse":"Rn 113 - 2 avenue du marechal f","nom":"RELAIS LEZIGNAN CORBIERES","marque":"TotalEnergies Access"},{"id":"11200001","commune":"LEZIGNAN-CORBIERES","cp":"11200","adresse":"Avenue des corbieres","nom":"Carrefour Market","marque":"Carrefour Market"},{"id":"11200002","commune":"LEZIGNAN-CORBIERES","cp":"11200","adresse":"Rd6113","nom":"DYNEFF Lezignan-Corbieres","marque":"Dyneff"},{"id":"11200006","commune":"LEZIGNAN-CORBIERES","cp":"11200","adresse":"Rue de l'estagnol","nom":"INTERMARCHE LEZIGNAN LES CORBIER","marque":"Intermarche"},{"id":"11120002","commune":"LEZIGNAN-CORBIERES","cp":"11200","adresse":"Rn 113 avenue marechal gallieni","nom":"STATION CONTACT LEZIGNAN CORBIERES","marque":"Carrefour Contact"},{"id":"11300004","commune":"LIMOUX","cp":"11300","adresse":"1, rue georges guynemer","nom":"040. DISTRIBUTION - Limoux","marque":"Leclerc"},{"id":"11300003","commune":"LIMOUX","cp":"11300","adresse":"23 avenue camille bouche","nom":"ESSO LIMOUX","marque":"Esso Express"},{"id":"11300001","commune":"LIMOUX","cp":"11300","adresse":"16, avenue camille bouche","nom":"STATION SERVICE BAR DU STADE","marque":"Dyneff"},{"id":"11300002","commune":"LIMOUX","cp":"11300","adresse":"59 avenue de catalogne","nom":"SUPER U","marque":"Systeme U"},{"id":"11290003","commune":"MONTREAL","cp":"11290","adresse":"28 avenue du lauragais","nom":"SARL GARAGE PAYCHENQ-RIVALS","marque":"TotalEnergies"},{"id":"11100015","commune":"MONTREDON-DES-CORBIERES","cp":"11100","adresse":"7 rue du pont rouge","nom":"U Express Montredon des Corbieres","marque":"Systeme U"},{"id":"11390001","commune":"MOUTHOUMET","cp":"11330","adresse":"1, impasse des corbieres","nom":"REGIE MUNICIPALE DES CARBURANTS","marque":"Independant sans enseigne"},{"id":"11100004","commune":"NARBONNE","cp":"11100","adresse":"Cap de la pla - rn113","nom":"EURSSENCE Cap de Pla","marque":"DYNEFF"},{"id":"11100016","commune":"NARBONNE","cp":"11100","adresse":"Avenue d espagne","nom":"AUCHAN NARBONNE","marque":"Auchan"},{"id":"11106001","commune":"NARBONNE","cp":"11100","adresse":"199 avenue de bordeaux","nom":"Centre Leclerc/SAS SODILANG","marque":"Leclerc"},{"id":"11100002","commune":"NARBONNE","cp":"11100","adresse":"14 avenue carnot","nom":"DYNEFF Carnot","marque":"Dyneff"},{"id":"11100003","commune":"NARBONNE","cp":"11100","adresse":"108 avenue de bordeaux","nom":"DYNEFF Narbonne","marque":"Dyneff"},{"id":"11100008","commune":"NARBONNE","cp":"11100","adresse":"Avenue de la croix sud - pl uniquement","nom":"ESSO CROIX SUD EST","marque":"Esso Express"},{"id":"11100010","commune":"NARBONNE","cp":"11100","adresse":"Avenue croix sud","nom":"ESSO CROIX SUD OUEST","marque":"Esso Express"},{"id":"11100009","commune":"NARBONNE","cp":"11100","adresse":"40 boulevard frederic mistral","nom":"ESSO MISTRAL","marque":"Esso Express"},{"id":"11100017","commune":"NARBONNE","cp":"11100","adresse":"82 avenue carnot","nom":"GARAGE CARNOT MINUTE","marque":"TotalEnergies"},{"id":"11000013","commune":"NARBONNE","cp":"11100","adresse":"Rue de marechal juin","nom":"INTERMARCHE NARBONNE","marque":"Intermarche"},{"id":"11100013","commune":"NARBONNE","cp":"11100","adresse":"60avenue du general leclerc","nom":"RELAIS NARBONNE LE CERS","marque":"TotalEnergies Access"},{"id":"11101001","commune":"NARBONNE","cp":"11100","adresse":"Avenue hubert mouly","nom":"STATION SERVICE DE L'HYPERMARCHE CARREFOUR DE NARBONNE","marque":"Carrefour"},{"id":"11160003","commune":"PEYRIAC-MINERVOIS","cp":"11160","adresse":"Avenue ernest ferroul","nom":"Carrefour Market Rieux-Peyriac Minervois","marque":"Carrefour Market"},{"id":"11210002","commune":"PORT-LA-NOUVELLE","cp":"11210","adresse":"928, boulevard general de gaulle","nom":"SUPER U","marque":"Systeme U"},{"id":"11370004","commune":"PORT LEUCATE","cp":"11370","adresse":"Lieudit cap de frontavenue des roseaux","nom":"ESSO PORT LEUCATE","marque":"Esso"},{"id":"11500004","commune":"QUILLAN","cp":"11500","adresse":"6 avenue f.mitterrand","nom":"SARL LOPEZ et Fils","marque":"Independant sans enseigne"},{"id":"11500002","commune":"QUILLAN","cp":"11500","adresse":"Station  pierre lys","nom":"SAS GARAGE ROOSLI","marque":"TotalEnergies"},{"id":"11500005","commune":"QUILLAN","cp":"11500","adresse":"Za la plage sud","nom":"STATION MARKET QUILLAN","marque":"Carrefour Market"},{"id":"11540001","commune":"ROQUEFORT-DES-CORBIERES","cp":"11540","adresse":"Route nationale 9","nom":"EOR RELAIS DES COTES DE R","marque":"TotalEnergies"},{"id":"11250001","commune":"ROUFFIAC D'AUDE","cp":"11250","adresse":"100 chemin de la plaine, station service total","nom":"Station Total Contact","marque":"TotalEnergies"},{"id":"11220001","commune":"SAINT-LAURENT-DE-LA-CABRERISSE","cp":"11220","adresse":"69, avenue de narbonne","nom":"SAINT LAURENT AUTO","marque":"Dyneff"},{"id":"11120001","commune":"SAINT-MARCEL-SUR-AUDE","cp":"11120","adresse":" avenue de saint-pons","nom":"INTERMARCHE ST MARCEL SUR AUDE","marque":"Intermarche"},{"id":"11560002","commune":"SAINT-PIERRE-LA-MER","cp":"11560","adresse":"167 avenue p brossolette","nom":"TOTALENERGIES CONTACT","marque":"TotalEnergies"},{"id":"11310001","commune":"SAISSAC","cp":"11310","adresse":"698 rue bernard marty lot las fountetos","nom":"Carrefour Express Cabas d'Oc","marque":"Carrefour Express"},{"id":"11590004","commune":"SALLELES D'AUDE","cp":"11590","adresse":"Route d'ouveillan","nom":"AUCHAN SUPERMARCHE SALLELES-D'AUDE","marque":"Auchan"},{"id":"11590002","commune":"SALLELES-D'AUDE","cp":"11590","adresse":"Place du portail","nom":"ETS PLANTADE","marque":"Independant sans enseigne"},{"id":"11110008","commune":"SALLES D'AUDE","cp":"11110","adresse":"Aire de narbonne vinassan nord - a9","nom":"SODIPLEC NARBONNE","marque":"Leclerc"},{"id":"11110004","commune":"SALLES-D'AUDE","cp":"11110","adresse":"Route de coursan","nom":"INTERMARCHE SALLES D'AUDE","marque":"Intermarche"},{"id":"11110005","commune":"SALLES-D'AUDE","cp":"11110","adresse":"Autoroute a9 - aire de narbonne vinassan sud","nom":"RELAIS DE VINASSAN","marque":"TotalEnergies"},{"id":"11130001","commune":"SIGEAN","cp":"11130","adresse":"29 zae du peyrou","nom":"INTERMARCHE SIGEAN","marque":"Intermarche"},{"id":"11800003","commune":"TREBES","cp":"11800","adresse":"Boulevard du minervois","nom":"INTERMARCHE TREBES","marque":"Intermarche"},{"id":"11800002","commune":"TREBES","cp":"11800","adresse":"Rn 113","nom":"SUPER U","marque":"Systeme U"},{"id":"11600005","commune":"VILLEGLY","cp":"11600","adresse":"Rd 620 lieu dit la piece","nom":"DYNEFF Villegly","marque":"Dyneff"},{"id":"11620001","commune":"VILLEMOUSTAUSSOU","cp":"11620","adresse":"Lieu dit la viala","nom":"DYNEFF Villemoustaussou","marque":"Dyneff"},{"id":"11160002","commune":"VILLENEUVE-MINERVOIS","cp":"11160","adresse":"Za les terres rouges - avenue du minervois","nom":"Station service communale","marque":"Independant sans enseigne"},{"id":"11150002","commune":"VILLEPINTE","cp":"11150","adresse":"Ld croix de l'ourmet   rn 113","nom":"STATION BOURREL","marque":"Independant sans enseigne"}]}