{"numero":"59","stations":[{"id":"59215001","commune":"ABSCON","cp":"59215","adresse":"Rue emile zola","nom":"CARREFOUR CONTACT","marque":"Carrefour Contact"},{"id":"59580001","commune":"ANICHE","cp":"59580","adresse":"67 boulevard paul vaillant-couturier","nom":"BOIVIN OCTAVE ET CIE SA","marque":"TotalEnergies"},{"id":"59112002","commune":"ANNOEULLIN","cp":"59112","adresse":"Rue du lavoisier","nom":"Carrefour Market","marque":"Carrefour Market"},{"id":"59151002","commune":"ARLEUX","cp":"59151","adresse":"663 rue salvador allendee","nom":"Carrefour Contact ARLEUX","marque":"Carrefour Contact"},{"id":"59700003","commune":"ARMENTIERES","cp":"59280","adresse":"26 avenue aristide briand","nom":"CARREFOUR ARMENTIERES","marque":"Carrefour"},{"id":"59280001","commune":"ARMENTIERES","cp":"59280","adresse":"20 rue gambetta","nom":"ESSO GAMBETTA 59","marque":"Esso Express"},{"id":"59265001","commune":"AUBIGNY-AU-BAC","cp":"59265","adresse":"Route nationale 43","nom":"Carrefour Market","marque":"Carrefour Market"},{"id":"59620002","commune":"AULNOYE-AYMERIES","cp":"59620","adresse":"Rue de la fontaine","nom":"auchan supermarche","marque":"Auchan"},{"id":"59620005","commune":"AULNOYE-AYMERIES","cp":"59620","adresse":"Rue jean catelas","nom":"Leclerc Drive Aulnoye Aymeries","marque":"Leclerc"},{"id":"59300001","commune":"AULNOY-LEZ-VALENCIENNES","cp":"59300","adresse":"Zac d'aulnoy","nom":"CARREFOUR VALENCIENNES","marque":"Carrefour"},{"id":"59710007","commune":"AVELIN","cp":"59710","adresse":"81 rue de  seclin","nom":"RELAIS AVELIN","marque":"TotalEnergies Access"},{"id":"59440001","commune":"AVESNELLES","cp":"59440","adresse":"Route de landrecies","nom":"Carrefour Market","marque":"Carrefour Market"},{"id":"59197001","commune":"AVESNELLES","cp":"59440","adresse":"Route de trelon","nom":"SUPERMARCHES MATCH AVESNELLES","marque":"Supermarche Match"},{"id":"59129003","commune":"AVESNES-LES-AUBERT","cp":"59129","adresse":"79 rue sadi carnot","nom":"Carrefour Market","marque":"Carrefour Market"},{"id":"59129001","commune":"AVESNES-LES-AUBERT","cp":"59129","adresse":"Rue sadi carnot","nom":"SUPERMARCHES MATCH AVESNES LES AUBERT","marque":"Supermarche Match"},{"id":"59440002","commune":"AVESNES-SUR-HELPE","cp":"59440","adresse":"39 avenue stroh","nom":"ESSO AVESNOISE","marque":"Esso Express"},{"id":"59270001","commune":"BAILLEUL","cp":"59270","adresse":"601 route de meteren","nom":"ESSO DU STADE","marque":"Esso Express"},{"id":"59270003","commune":"BAILLEUL","cp":"59270","adresse":" rue johannes gutenberg","nom":"INTERMARCHE BAILLEUL","marque":"Intermarche"},{"id":"59270002","commune":"BAILLEUL","cp":"59270","adresse":"Avenue des nations unies","nom":"SAS PETRO-EST LECLERC BAILLEUL","marque":"Leclerc"},{"id":"59780001","commune":"BAISIEUX","cp":"59780","adresse":"31 avenue d ogimont","nom":"Carrefour Market","marque":"Carrefour Market"},{"id":"59221001","commune":"BAUVIN","cp":"59221","adresse":"75 bis rue jean  jaures","nom":"Carrefour Market","marque":"Carrefour Market"},{"id":"59570001","commune":"BAVAY","cp":"59570","adresse":"Rue des platanes","nom":"SUPERMARCHES MATCH BAVAY","marque":"Supermarche Match"},{"id":"59157002","commune":"BEAUVOIS-EN-CAMBRESIS","cp":"59157","adresse":"Rd 643 le jeune bois","nom":"TOTAL relais du jeune bois","marque":"TotalEnergies"},{"id":"59135001","commune":"BELLAING","cp":"59135","adresse":"Cd 13lieu dit leberger","nom":"SAS PETRO-EST LECLERC BELLAING","marque":"Leclerc"},{"id":"59310009","commune":"BEUVRY-LA-FORET","cp":"59310","adresse":"6 rue saulzoir","nom":"Carrefour contact","marque":"Carrefour Contact"},{"id":"59380002","commune":"BIERNE","cp":"59380","adresse":"16 rue nationale","nom":"ESSO FLANDRES","marque":"Esso Express"},{"id":"59910001","commune":"BONDUES","cp":"59910","adresse":"Avenue du general de gaulle","nom":"Carrefour Market","marque":"Carrefour Market"},{"id":"59111001","commune":"BOUCHAIN","cp":"59111","adresse":"Avenue kennedy","nom":"Carrefour Market","marque":"Carrefour Market"},{"id":"59630002","commune":"BOURBOURG","cp":"59630","adresse":"Chemin de la vieille colme","nom":"Carrefour Market","marque":"Carrefour Market"},{"id":"59630003","commune":"BOURBOURG","cp":"59630","adresse":"3 rue jean varlet","nom":"SAS JAMIO","marque":"Intermarche"},{"id":"59166001","commune":"BOUSBECQUE","cp":"59166","adresse":"27 rue auger","nom":"INTERMARCHE BOUSBECQUE","marque":"Intermarche"},{"id":"59222001","commune":"BOUSIES","cp":"59222","adresse":"Rue de landrecies","nom":"CARREFOUR CONTACT","marque":"Carrefour Contact"},{"id":"59123001","commune":"BRAY-DUNES","cp":"59123","adresse":"49 rue pierre decock","nom":"Carrefour Market","marque":"Carrefour Market"},{"id":"59860003","commune":"BRUAY-SUR-L'ESCAUT","cp":"59860","adresse":"386-388 rue jean jaures","nom":"SUPER U BRUAY SUR L ESCAUT","marque":"Systeme U"},{"id":"59190009","commune":"CAESTRE","cp":"59190","adresse":"70 route d'hazebrouck","nom":"CARREFOUR CONTACT","marque":"Carrefour Contact"},{"id":"59400005","commune":"CAMBRAI","cp":"59400","adresse":"187 rue saint-ladre","nom":"Carrefour Market","marque":"Carrefour Market"},{"id":"59400006","commune":"CAMBRAI","cp":"59400","adresse":"2 avenue georges nuttin","nom":"CORA","marque":"CORA"},{"id":"59400004","commune":"CAMBRAI","cp":"59400","adresse":"Bld de la liberte","nom":"ESSO LIBERTE","marque":"Esso Express"},{"id":"59400003","commune":"CAMBRAI","cp":"59400","adresse":"491 rue de landrecies","nom":"ESSO VICTOR HUGO","marque":"Esso Express"},{"id":"59400008","commune":"CAMBRAI","cp":"59400","adresse":"58 rue de douai","nom":"RELAIS DE SELLES","marque":"TotalEnergies"},{"id":"59400007","commune":"CAMBRAI","cp":"59400","adresse":"2, rue de caudry","nom":"RELAIS ST DRUON","marque":"TotalEnergies"},{"id":"59780003","commune":"CAMPHIN-EN-PEVELE","cp":"59780","adresse":"Rd 93 grande rue","nom":"SUPER U CAMPHIN EN PEVELE STATION U","marque":"Systeme U"},{"id":"59180001","commune":"CAPPELLE-LA-GRANDE","cp":"59180","adresse":"1 rue du hoogheporte","nom":"Carrefour Market","marque":"Carrefour Market"},{"id":"59670001","commune":"CASSEL","cp":"59670","adresse":"769 avenue albert mahieu","nom":"Carrefour contact Cassel","marque":"Carrefour Contact"},{"id":"59540002","commune":"CAUDRY","cp":"59540","adresse":"Rue de la gare","nom":"INTERMARCHE SAS JUDICANNE","marque":"Intermarche"},{"id":"59541001","commune":"CAUDRY","cp":"59540","adresse":"Boulevard du 8 mai 1945","nom":"SAS PETRO-EST LECLERC CAUDRY","marque":"Leclerc"},{"id":"59540003","commune":"CAUDRY","cp":"59540","adresse":"Boulevard du 19 mars 1962","nom":"TOTAL","marque":"TotalEnergies"},{"id":"59930002","commune":"CHAPELLE-D'ARMENTIERES","cp":"59930","adresse":"Route nationale rd933","nom":"RELAIS PONT-BERTIN","marque":"TotalEnergies Access"},{"id":"59163001","commune":"CONDE-SUR-L'ESCAUT","cp":"59163","adresse":"Avenue de la liberte","nom":"Carrefour CONDE SUR L ESCAUT","marque":"Carrefour"},{"id":"59163002","commune":"CONDE-SUR-L'ESCAUT","cp":"59163","adresse":"46  avenue de la liberte","nom":"SARL RELAIS DU TOURNIQUET","marque":"TotalEnergies"},{"id":"59411001","commune":"COUDEKERQUE-BRANCHE","cp":"59210","adresse":"Rue jacquard","nom":"CORA","marque":"CORA"},{"id":"59210003","commune":"COUDEKERQUE-BRANCHE","cp":"59210","adresse":"109 route de furnes","nom":"INTERMARCHE COUDEKERQUE BRANCHE","marque":"Intermarche"},{"id":"59210004","commune":"COUDEKERQUE-BRANCHE","cp":"59210","adresse":"89 avenue jean baptiste lebas","nom":"INTERMARCHE VIEUX COUDEKERQUE","marque":"Intermarche"},{"id":"59210005","commune":"COUDEKERQUE-BRANCHE","cp":"59210","adresse":"14 route de furnes","nom":"RELAIS COUDEKERQUE BRANCHE FURNES","marque":"TotalEnergies"},{"id":"59149002","commune":"COUSOLRE","cp":"59149","adresse":"72 route nationale","nom":"Netto cousolre","marque":"Netto"},{"id":"59553003","commune":"CUINCY","cp":"59553","adresse":"759 rue jean jaures","nom":"U Express Cuincy","marque":"Systeme U"},{"id":"59830001","commune":"CYSOING","cp":"59830","adresse":"90 rue de la savonniere","nom":"SAS PAJOU","marque":"Intermarche"},{"id":"59450001","commune":"DECHY","cp":"59187","adresse":"Zone du luc","nom":"Auchan Sin Le Noble","marque":"Auchan"},{"id":"59721001","commune":"DENAIN","cp":"59220","adresse":"Rue de villars","nom":"CARREFOUR DENAIN","marque":"Carrefour"},{"id":"59501001","commune":"DOUAI","cp":"59500","adresse":"345 boulevard louis breguet","nom":"E. LECLERC DOUAI","marque":"Leclerc"},{"id":"59500009","commune":"DOUAI","cp":"59500","adresse":"143 boulevard paul hayez","nom":"RELAIS DOUAI HIPPODROME","marque":"TotalEnergies"},{"id":"59500010","commune":"DOUAI","cp":"59500","adresse":"307 boulevard pasteur","nom":"STATION AVIA DOUAI RELAIS DE GAYANT","marque":"Avia"},{"id":"59282001","commune":"DOUCHY-LES-MINES","cp":"59282","adresse":"28 route d'haspres","nom":"INTERMARCHE","marque":"Intermarche"},{"id":"59240002","commune":"DUNKERQUE","cp":"59240","adresse":"Boulevard de l'europe","nom":"Carrefour Market","marque":"Carrefour Market"},{"id":"59430001","commune":"DUNKERQUE","cp":"59430","adresse":"Zac des jardins","nom":"CARREFOUR SAINT POL SUR MER","marque":"Carrefour"},{"id":"59640002","commune":"DUNKERQUE","cp":"59640","adresse":"Av de la villette","nom":"RELAIS DU PONT LOBY","marque":"TotalEnergies Access"},{"id":"59240001","commune":"DUNKERQUE","cp":"59240","adresse":"2 rue des forts","nom":"ROSENDAEL-DISTRIBUTION","marque":"Leclerc"},{"id":"59320005","commune":"EMMERIN","cp":"59320","adresse":"Rue de la canteraine","nom":"INTERMARCHE EMMERIN","marque":"Intermarche"},{"id":"59193003","commune":"ERQUINGHEM-LYS","cp":"59193","adresse":"Rue d'armentieres","nom":"SARL DAVIDIS","marque":"Carrefour Market"},{"id":"59161001","commune":"ESCAUDOEUVRES","cp":"59161","adresse":"2 rue jean jaures","nom":"AUCHAN CAMBRAI","marque":"Auchan"},{"id":"59278003","commune":"ESCAUTPONT","cp":"59278","adresse":"10 rue jean jaures","nom":"Intermarche ESCAUTPONT","marque":"Intermarche"},{"id":"59940001","commune":"ESTAIRES","cp":"59940","adresse":"Route de merville","nom":"Carrefour Market","marque":"Carrefour Market"},{"id":"59155008","commune":"FACHES-THUMESNIL","cp":"59155","adresse":"93 route d'arras","nom":"total energie","marque":"TotalEnergies"},{"id":"59750004","commune":"FEIGNIES","cp":"59750","adresse":"28 rue jean jaures","nom":"Carrefour Market","marque":"Carrefour Market"},{"id":"59750005","commune":"FEIGNIES","cp":"59750","adresse":"126 route de  valenciennes","nom":"RELAIS DE FEIGNIES","marque":"TotalEnergies Access"},{"id":"59179001","commune":"FENAIN","cp":"59179","adresse":"Place de nos fusilles","nom":"Carrefour Contact","marque":"Carrefour Contact"},{"id":"59680001","commune":"FERRIERE-LA-GRANDE","cp":"59680","adresse":"Avenue georges clemenceau","nom":"Carrefour Market","marque":"Carrefour Market"},{"id":"59128002","commune":"FLERS-EN-ESCREBIEUX","cp":"59128","adresse":"Ancienne rn 43","nom":"CARREFOUR DOUAI - FLERS","marque":"Carrefour"},{"id":"59148003","commune":"FLINES-LEZ-RACHES","cp":"59148","adresse":"15 rue des resistants","nom":"CARREFOUR CONTACT","marque":"Carrefour Contact"},{"id":"59610001","commune":"FOURMIES","cp":"59610","adresse":"61 rue jean jaures","nom":"AUCHAN SUPERMARCHE","marque":"Auchan"},{"id":"59610002","commune":"FOURMIES","cp":"59610","adresse":"Rue theophile legrand","nom":"CARREFOUR  FOURMIES","marque":"Carrefour"},{"id":"59610004","commune":"FOURMIES","cp":"59610","adresse":"1 place derigny","nom":"RELAIS FOURMIES","marque":"TotalEnergies Access"},{"id":"59132001","commune":"GLAGEON","cp":"59132","adresse":"Rue roland rouleau","nom":"INTERMARCHE CONTACT","marque":"Intermarche"},{"id":"59231002","commune":"GOUZEAUCOURT","cp":"59231","adresse":"181 avenue du general de gaulle","nom":"INTERMARCHE","marque":"Intermarche"},{"id":"59760001","commune":"GRANDE-SYNTHE","cp":"59760","adresse":"Avenue de l'ancien village","nom":"AUCHAN","marque":"Auchan"},{"id":"59760002","commune":"GRANDE-SYNTHE","cp":"59760","adresse":"Voie du courghain - rocade sud - a16","nom":"BP Les Synthes","marque":"BP"},{"id":"59760005","commune":"GRANDE-SYNTHE","cp":"59760","adresse":"1 av de petite synthe","nom":"RELAIS DE SYNTHES","marque":"TotalEnergies"},{"id":"59153001","commune":"GRAND-FORT-PHILIPPE","cp":"59153","adresse":"Le cochon noir","nom":"SAS Ydol","marque":"Systeme U"},{"id":"59820001","commune":"GRAVELINES","cp":"59820","adresse":"Route de dunkerque","nom":"GRAVELINES GGRD","marque":"TotalEnergies"},{"id":"59287002","commune":"GUESNAIN","cp":"59287","adresse":"Bd ambroize croizat","nom":"SARL DGDIS","marque":"Carrefour Market"},{"id":"59320004","commune":"HALLENNES-LEZ-HAUBOURDIN","cp":"59320","adresse":"47 rue emile zola","nom":"CENTRE LECLERC HALLENNES LEZ HAUBOU","marque":"Leclerc"},{"id":"59320006","commune":"HALLENNES-LEZ-HAUBOURDIN","cp":"59320","adresse":"Rn 41","nom":"RELAIS D'HALLENNES","marque":"TotalEnergies Access"},{"id":"59250001","commune":"HALLUIN","cp":"59250","adresse":"Av abbe lemire","nom":"AUTO B.M.","marque":"TotalEnergies Access"},{"id":"59250002","commune":"HALLUIN","cp":"59250","adresse":"Boulevard de roncq","nom":"INTERMARCHE HALLUIN","marque":"Intermarche"},{"id":"59198002","commune":"HASPRES","cp":"59198","adresse":"2 rue de valenciennes","nom":"STATION SERVICE GARAGE DAVID","marque":"TotalEnergies"},{"id":"59320001","commune":"HAUBOURDIN","cp":"59320","adresse":"Rn 352","nom":"AUCHAN ENGLOS","marque":"Auchan"},{"id":"59121002","commune":"HAULCHIN","cp":"59121","adresse":"Rn 30","nom":"RELAIS HAULCHIN CX STE MARIE","marque":"TotalEnergies Access"},{"id":"59570003","commune":"HAUTMONT","cp":"59330","adresse":"Voie rapide hautmont-maubeuge","nom":"S.A MAJEMON INTERMARCHE","marque":"Intermarche"},{"id":"59190002","commune":"HAZEBROUCK","cp":"59190","adresse":"Parc d'activites de la creule","nom":"CARREFOUR HAZEBROUCK","marque":"Carrefour"},{"id":"59190005","commune":"HAZEBROUCK","cp":"59190","adresse":"10 boulevard de l'abbe lemire","nom":"Sarl lemaire","marque":"Elan"},{"id":"59190010","commune":"HAZEBROUCK","cp":"59190","adresse":"48 rue notre dame","nom":"SAS LASI","marque":"TotalEnergies"},{"id":"59190003","commune":"HAZEBROUCK","cp":"59190","adresse":"Rue de l'epeule","nom":"S.D.H.","marque":"Leclerc"},{"id":"59190004","commune":"HAZEBROUCK","cp":"59190","adresse":"88 rue notre-dame","nom":"SUPER U HAZEBROUCK","marque":"Systeme U"},{"id":"59510003","commune":"HEM","cp":"59510","adresse":"188 av du general de gaulle","nom":"RELAIS TROIS BAUDETS","marque":"TotalEnergies Access"},{"id":"59279004","commune":"HONDSCHOOTE","cp":"59122","adresse":"17 place du general de gaulle","nom":"CARREFOUR CONTACT HONDSCHOOTE","marque":"Carrefour Contact"},{"id":"59116001","commune":"HOUPLINES","cp":"59116","adresse":"18 place de la republique","nom":"SUPER U HOUPLINES","marque":"Systeme U"},{"id":"59141002","commune":"IWUY","cp":"59141","adresse":"Rue clemenceau","nom":"CARREFOUR CONTACT","marque":"Carrefour Contact"},{"id":"59460001","commune":"JEUMONT","cp":"59460","adresse":"Avenue du general de gaulle","nom":"Carrefour Market","marque":"Carrefour Market"},{"id":"59460002","commune":"JEUMONT","cp":"59460","adresse":"818 rue du marechal leclerc","nom":"INTERMARCHE JEUMONT","marque":"Intermarche"},{"id":"59480002","commune":"LA BASSEE","cp":"59480","adresse":"10 rue maurice bouchery","nom":"INTERMARCHE LA BASSEE","marque":"Intermarche"},{"id":"59253001","commune":"LA GORGUE","cp":"59253","adresse":"Avenue des aulnes","nom":"INTERMARCHE LA GORGUE","marque":"Intermarche"},{"id":"59167003","commune":"LALLAING","cp":"59167","adresse":"Rue de pecquencourt","nom":"Carrefour contact Lallaing","marque":"Carrefour Contact"},{"id":"59110001","commune":"LA MADELEINE","cp":"59110","adresse":"Rue du pre catelan","nom":"Carrefour Market","marque":"Carrefour Market"},{"id":"59110006","commune":"LA MADELEINE","cp":"59110","adresse":"184 rue du general de gaulle","nom":"RELAIS DU PARC","marque":"TotalEnergies Access"},{"id":"59110005","commune":"LA MADELEINE","cp":"59110","adresse":"Boulevard robert schumann","nom":"RELAIS LILLE PERIPHERIQUE","marque":"TotalEnergies Access"},{"id":"59110007","commune":"LA MADELEINE","cp":"59110","adresse":"10 rue bernard ruyant","nom":"Super U","marque":"Systeme U"},{"id":"59130001","commune":"LAMBERSART","cp":"59130","adresse":"237 avenue de l'hippodrome","nom":"ESSO HIPPODROME","marque":"Esso Express"},{"id":"59130002","commune":"LAMBERSART","cp":"59130","adresse":"9 rue gustave eiffel","nom":"INTERMARCHE LAMBERSART","marque":"Intermarche"},{"id":"59550001","commune":"LANDRECIES","cp":"59550","adresse":"Boulevard des resistants","nom":"Carrefour Market","marque":"Carrefour Market"},{"id":"59550002","commune":"LANDRECIES","cp":"59550","adresse":"57 faubourg de france","nom":"SARL GGE DUBAIL CITROEN","marque":"TotalEnergies"},{"id":"59219001","commune":"LAROUILLIES","cp":"59219","adresse":"58 route nationale","nom":"GARAGE HERBERT","marque":"TotalEnergies"},{"id":"59174002","commune":"LA SENTINELLE","cp":"59174","adresse":"Autoroute a2 - aire de la sentinelle ouest","nom":"RELAIS LA SENTINELLE","marque":"TotalEnergies"},{"id":"59174003","commune":"LA SENTINELLE","cp":"59174","adresse":"960 avenue jean jaures","nom":"SAS PAVIN","marque":"Intermarche"},{"id":"59360003","commune":"LE CATEAU","cp":"59360","adresse":"37 av mal de lattre de tassigny","nom":"INTERMARCHE LE CATEAU","marque":"Intermarche"},{"id":"59115001","commune":"LEERS","cp":"59115","adresse":"1, avenue de l'europe","nom":"AUCHAN LEERS","marque":"Auchan"},{"id":"59134001","commune":"LE MAISNIL","cp":"59134","adresse":"20 rue du haut quesnoy","nom":"Carrefour Contact Le Maisnil","marque":"Carrefour Contact"},{"id":"59530001","commune":"LE QUESNOY","cp":"59530","adresse":"2 place de la gare","nom":"ESSO QUERCITAINE","marque":"Esso Express"},{"id":"59530002","commune":"LE QUESNOY","cp":"59530","adresse":"Centre commercial  les portes de l'avesnois zae ouest","nom":"INTERMARCHE LE QUESNOY","marque":"Intermarche"},{"id":"59817002","commune":"LESQUIN","cp":"59817","adresse":"Boulevard du bois d'henchemont","nom":"SHELL LESQUIN","marque":"Shell"},{"id":"59260007","commune":"LEZENNES","cp":"59260","adresse":"Boulevard de tournai","nom":"RELAIS LEZENNES","marque":"TotalEnergies Access"},{"id":"59800003","commune":"LILLE","cp":"59800","adresse":"268 rue pierre legrand","nom":"Carrefour Market","marque":"Carrefour Market"},{"id":"59800002","commune":"LILLE","cp":"59000","adresse":"94 rue de lannoy","nom":"E.LECLERC Lille (Fives)","marque":"Leclerc"},{"id":"59000010","commune":"LILLE","cp":"59000","adresse":"72 avenue du president john f. kennedy","nom":"ESSO ST SAUVEUR","marque":"Esso Express"},{"id":"59000020","commune":"LILLE","cp":"59000","adresse":"17 a 25 rue roger salengro","nom":"RELAIS D'HELLEMMES","marque":"TotalEnergies Access"},{"id":"59000016","commune":"LILLE","cp":"59000","adresse":"112 rue de la bassee","nom":"RELAIS ESQUERMES","marque":"TotalEnergies"},{"id":"59000017","commune":"LILLE","cp":"59000","adresse":"365, boulevard victor hugo","nom":"RELAIS LILLE DOREZ","marque":"TotalEnergies Access"},{"id":"59000019","commune":"LILLE","cp":"59000","adresse":"2, rue de turenne","nom":"RELAIS LILLE TURENNE","marque":"TotalEnergies Access"},{"id":"59160002","commune":"LOMME","cp":"59160","adresse":"130 rue du grand but","nom":"CARREFOUR LOMME","marque":"Carrefour"},{"id":"59160004","commune":"LOMME","cp":"59160","adresse":"219, rue jean jaures","nom":"INTERMARCHE LOMME","marque":"Intermarche"},{"id":"59160003","commune":"LOMME","cp":"59160","adresse":"293, avenue de dunkerque","nom":"SARL PETAF","marque":"Avia"},{"id":"59279005","commune":"LOON-PLAGE","cp":"59279","adresse":"26 rue du canton du caillouti","nom":"CARREFOUR CONTACT LOON PLAGE","marque":"Carrefour Contact"},{"id":"59279002","commune":"LOON-PLAGE","cp":"59279","adresse":"1476 route nationnale 1","nom":"SARL LEVANT","marque":"Esso"},{"id":"59120002","commune":"LOOS LES LILLE","cp":"59120","adresse":"92, rue georges potie","nom":"RELAIS LOOS LES LILLE","marque":"TotalEnergies Access"},{"id":"59156002","commune":"LOURCHES","cp":"59156","adresse":"Rue socrate","nom":"INTERMARCHE LOURCHES","marque":"Intermarche"},{"id":"59720001","commune":"LOUVROIL","cp":"59720","adresse":"Rue jules stephenne","nom":"AUCHAN   LOUVROIL","marque":"Auchan"},{"id":"59233003","commune":"MAING","cp":"59233","adresse":"121 rue henri bantegnies","nom":"Carrefour Contact MAING","marque":"Carrefour Contact"},{"id":"59700008","commune":"MARCQ-EN-BAROEUL","cp":"59700","adresse":"1013 avenue de la republique","nom":"RELAIS MARCQ EN BAR. CROISE LAROCHE","marque":"TotalEnergies"},{"id":"59700004","commune":"MARCQ-EN-BAROEUL","cp":"59700","adresse":"115 boulevard clemenceau","nom":"ESSO CLEMENCEAU","marque":"Esso Express"},{"id":"59700009","commune":"MARCQ-EN-BAROEUL","cp":"59700","adresse":"Parc du cheval blanc","nom":"RELAIS MARCQ-EN-BAROEUL","marque":"TotalEnergies Access"},{"id":"59770002","commune":"MARLY","cp":"59770","adresse":"Avenue henri barbusse","nom":"Carrefour Market","marque":"Carrefour Market"},{"id":"59770003","commune":"MARLY","cp":"59770","adresse":"373 avenue henri barbusse","nom":"Garage Barbusse","marque":"TotalEnergies"},{"id":"59550003","commune":"MAROILLES","cp":"59550","adresse":"2574 chemin de maubeuge","nom":"GULF MAROILLES","marque":"GULF"},{"id":"59520001","commune":"MARQUETTE-LEZ-LILLE","cp":"59520","adresse":"Rue georges maertens","nom":"INTERMARCHE MARQUETTE LEZ LILLE","marque":"Intermarche"},{"id":"59520003","commune":"MARQUETTE-LEZ-LILLE","cp":"59520","adresse":"Rue des moissons (zac du touquet)","nom":"SAS LEATWO","marque":"Intermarche"},{"id":"59176001","commune":"MASNY","cp":"59176","adresse":"1 rue de monchecourt","nom":"INTERMARCHE MASNY","marque":"Intermarche"},{"id":"59600009","commune":"MAUBEUGE","cp":"59600","adresse":"Quartier de l'epinette","nom":"CARREFOUR MAUBEUGE","marque":"Carrefour"},{"id":"59600006","commune":"MAUBEUGE","cp":"59600","adresse":"4 boulevard de l'europe","nom":"Total Maubeuge","marque":"TotalEnergies"},{"id":"59660002","commune":"MERVILLE","cp":"59660","adresse":"102  route d'estaires","nom":"SUPER U","marque":"Systeme U"},{"id":"59370004","commune":"MONS-EN-BAROEUL","cp":"59370","adresse":"Rn 356 - voie rapide urbaine","nom":"RELAIS MONS EN BAROEUL","marque":"TotalEnergies Access"},{"id":"59370002","commune":"MONS EN BAROEUL","cp":"59370","adresse":"25 rue franklin","nom":"INTERMARCHE","marque":"Intermarche"},{"id":"59246004","commune":"MONS-EN-PEVELE","cp":"59246","adresse":"1 rue saint jean","nom":"CARREFOUR CONTACT","marque":"Carrefour Contact"},{"id":"59182001","commune":"MONTIGNY-EN-OSTREVENT","cp":"59182","adresse":"Avenue raymond honore","nom":"INTERMARCHE MONTIGNY EN OSTREVEN","marque":"Intermarche"},{"id":"59420002","commune":"MOUVAUX","cp":"59420","adresse":"160 rue de roubaix","nom":"STATION AVIA MOUVAUX RELAIS DES JOUTES","marque":"Avia"},{"id":"59850002","commune":"NIEPPE","cp":"59850","adresse":"Dreve du bailly","nom":"HYPER U NIEPPE","marque":"Systeme U"},{"id":"59264001","commune":"ONNAING","cp":"59264","adresse":"Echangeur 24","nom":"RELAIS D'ONNAING","marque":"TotalEnergies Access"},{"id":"59310006","commune":"ORCHIES","cp":"59310","adresse":"Route dpt 938 zone de l' europe","nom":"auchan supermarche","marque":"Auchan"},{"id":"59310001","commune":"ORCHIES","cp":"59310","adresse":"Rue claude jean","nom":"E.LECLERC","marque":"Leclerc"},{"id":"59310004","commune":"ORCHIES","cp":"59310","adresse":"Carriere pierre tockaert","nom":"INTERMARCHE ORCHIES","marque":"Intermarche"},{"id":"59162001","commune":"OSTRICOURT","cp":"59162","adresse":"Route de thumeries","nom":"INTERMARCHE OSTRICOURT","marque":"Intermarche"},{"id":"59146002","commune":"PECQUENCOURT","cp":"59146","adresse":"48 rue etienne d'orves","nom":"RELAIS DE PECQUENCOURT","marque":"TotalEnergies Access"},{"id":"59494002","commune":"PETITE-FORET","cp":"59494","adresse":"Rn45","nom":"AUCHAN PETITE FORET","marque":"Auchan"},{"id":"59494009","commune":"PETITE-FORET","cp":"59494","adresse":"Autoroute a23 6 - aire de petite foret","nom":"RELAIS PETITE FORET","marque":"TotalEnergies Access"},{"id":"59133002","commune":"PHALEMPIN","cp":"59133","adresse":"47 rue jean baptiste lebas","nom":"Carrefour Contact","marque":"Carrefour Contact"},{"id":"59710002","commune":"PONT-A-MARCQ","cp":"59710","adresse":"Route d'ennevelin","nom":"INTERMARCHE PONT A MARCQ","marque":"Intermarche"},{"id":"59138001","commune":"PONT-SUR-SAMBRE","cp":"59138","adresse":"14 grand rue","nom":"RELAIS TOTAL ENERGIES DUCORNET DEPARIS","marque":"TotalEnergies"},{"id":"59380005","commune":"QUAEDYPRE","cp":"59380","adresse":"Faubourg de cassel rd 916","nom":"RELAIS DE BIEREN DYCK","marque":"TotalEnergies Access"},{"id":"59243002","commune":"QUAROUBLE","cp":"59243","adresse":"221 avenue jean jaures","nom":"NETTO QUAROUBLE","marque":"Netto"},{"id":"59890001","commune":"QUESNOY-SUR-DEULE","cp":"59890","adresse":" route de comines","nom":"Carrefour Market","marque":"Carrefour Market"},{"id":"59920001","commune":"QUIEVRECHAIN","cp":"59920","adresse":"53 avenue jean jaures","nom":"Carrefour Market","marque":"Carrefour Market"},{"id":"59194001","commune":"RACHES","cp":"59194","adresse":"510 rue nationale","nom":"INTERMARCHE RACHES","marque":"Intermarche"},{"id":"59554008","commune":"RAILLENCOURT SAINTE OLLE","cp":"59554","adresse":"Route de bapaume","nom":"SAS GECSAD CARREFOUR MARKET","marque":"Carrefour Market"},{"id":"59554005","commune":"RAILLENCOURT STE OLLE","cp":"59554","adresse":"16 bis, route de bapaume","nom":"RELAIS RAILLENCOURT-SAINTE-OLLE","marque":"TotalEnergies Access"},{"id":"59790001","commune":"RONCHIN","cp":"59790","adresse":"331 rue charles saint-venant","nom":"MR DEGAND BERNARD","marque":"TotalEnergies"},{"id":"59223001","commune":"RONCQ","cp":"59223","adresse":"Boulevard d'halluin","nom":"AUCHAN RONCQ","marque":"Auchan"},{"id":"59223004","commune":"RONCQ","cp":"59223","adresse":"Avenue robert schumann - c i t","nom":"RELAIS DE RONCQ","marque":"TotalEnergies Access"},{"id":"59286002","commune":"ROOST WARENDIN","cp":"59286","adresse":"140 rue jean jaures","nom":"Carrefour market","marque":"Carrefour Market"},{"id":"59100003","commune":"ROUBAIX","cp":"59100","adresse":"70 avenue des nations unies","nom":"ESSO NATIONS UNIES","marque":"Esso Express"},{"id":"59100012","commune":"ROUBAIX","cp":"59100","adresse":"48 avenue gustave delory","nom":"RELAIS DE BEAUMONT","marque":"TotalEnergies"},{"id":"59100011","commune":"ROUBAIX","cp":"59100","adresse":"660 avenue des nations unies","nom":"RELAIS ROUBAIX NATIONS UNIES","marque":"TotalEnergies"},{"id":"59184002","commune":"SAINGHIN-EN-WEPPES","cp":"59184","adresse":"Avenue de la sablonniere","nom":"CARREFOUR CONTACT","marque":"Carrefour Contact"},{"id":"59230002","commune":"SAINT-AMAND-LES-EAUX","cp":"59230","adresse":"Za du mont des bruyeres rocade nord","nom":"AMANDIS","marque":"Leclerc"},{"id":"59230001","commune":"SAINT-AMAND-LES-EAUX","cp":"59230","adresse":"Rue des faienciers fauquez","nom":"Carrefour Market","marque":"Carrefour Market"},{"id":"59350002","commune":"SAINT-ANDRE-LEZ-LILLE","cp":"59350","adresse":"17 rue du general leclerc","nom":"Xpress Picoty-Reseau S.A.S.","marque":"Avia"},{"id":"59430002","commune":"SAINT-POL-SUR-MER","cp":"59430","adresse":"18 rue de la republique","nom":"ESSO ST POL SUR MER","marque":"Esso Express"},{"id":"59730003","commune":"SAINT-PYTHON","cp":"59730","adresse":"Rue du petit solesmes","nom":"SUPER U","marque":"Systeme U"},{"id":"59880001","commune":"SAINT-SAULVE","cp":"59880","adresse":"125 rue jean jaures","nom":"AUCHAN SUPERMARCHE","marque":"Auchan"},{"id":"59211002","commune":"SANTES","cp":"59211","adresse":"2 rue du coeur joyeux","nom":"Carrefour contact","marque":"Carrefour Contact"},{"id":"59113001","commune":"SECLIN","cp":"59113","adresse":"Impasse roger bouvry","nom":"Carrefour Market","marque":"Carrefour Market"},{"id":"59113006","commune":"SECLIN","cp":"59113","adresse":"Zi de l'epinette","nom":"Centre E.LECLERC","marque":"Leclerc"},{"id":"59113012","commune":"SECLIN","cp":"59113","adresse":"Autoroute a1 - aire de phalempin est","nom":"ENI AIRE DE PHALEMPIN EST","marque":"ENI"},{"id":"59113011","commune":"SECLIN","cp":"59113","adresse":"A1 aire de phalempin ouest","nom":"ESSO EXPRESS PHALEMPIN OUEST","marque":"Esso"},{"id":"59113009","commune":"SECLIN","cp":"59113","adresse":"1 route d'avelin","nom":"RELAIS SECLIN EPINETTE","marque":"TotalEnergies Access"},{"id":"59474001","commune":"SECLIN","cp":"59113","adresse":"15 route de lille","nom":"WACRENIER   SA","marque":"TotalEnergies Access"},{"id":"59450005","commune":"SIN-LE-NOBLE","cp":"59450","adresse":"Rue ambroise croizat","nom":"CARREFOUR MARKET","marque":"Carrefour Market"},{"id":"59450002","commune":"SIN-LE-NOBLE","cp":"59450","adresse":"121 avenue roger salengro","nom":"ESSO DOUAI","marque":"Esso Express"},{"id":"59490001","commune":"SOMAIN","cp":"59490","adresse":"Rue pierre semard","nom":"Carrefour Market","marque":"Carrefour Market"},{"id":"59490002","commune":"SOMAIN","cp":"59490","adresse":"Boulevard louise michel","nom":"INTERMARCHE SOMAIN","marque":"Intermarche"},{"id":"59114003","commune":"STEENVOORDE","cp":"59114","adresse":"144 route d'eecke","nom":"Carrefour Market","marque":"Carrefour Market"},{"id":"59114007","commune":"STEENVOORDE","cp":"59114","adresse":"Autoroute a25aire de saint eloi","nom":"DYNEFF AIRE DE SAINT ELOI","marque":"Dyneff"},{"id":"59114006","commune":"STEENVOORDE","cp":"59114","adresse":"Autoroute a25 - aire de st laurent","nom":"ESSO A25 AIRE DE ST LAURENT","marque":"Esso"},{"id":"59242006","commune":"TEMPLEUVE","cp":"59242","adresse":"A 23 sens lille-valenciennes aire de genech","nom":"RELAIS GENECH A","marque":"TotalEnergies"},{"id":"59242003","commune":"TEMPLEUVE","cp":"59242","adresse":"29, rue de maresquel","nom":"TEMPLEUVE DISTRIBUTION","marque":"Leclerc"},{"id":"59114004","commune":"TERDEGHEM","cp":"59114","adresse":"Route d'hazebrouck","nom":"SUPER U TERDEGHEM","marque":"Systeme U"},{"id":"59239002","commune":"THUMERIES","cp":"59239","adresse":"4 rue pasteur","nom":"Carrefour Market","marque":"Carrefour Market"},{"id":"59554002","commune":"TILLOY-LEZ-CAMBRAI","cp":"59554","adresse":"Rd 643","nom":"INTERMARCHE TILLOY LEZ CAMBRAI","marque":"Intermarche"},{"id":"59200003","commune":"TOURCOING","cp":"59200","adresse":"2 avenue de la marne","nom":"ESSO DE LA MARNE","marque":"Esso Express"},{"id":"59200006","commune":"TOURCOING","cp":"59200","adresse":"185 rue du touquet","nom":"INTERMARCHE TOURCOING","marque":"Intermarche"},{"id":"59200008","commune":"TOURCOING","cp":"59200","adresse":"398, boulevard de l'egalite","nom":"RELAIS DE L' EGALITE","marque":"TotalEnergies"},{"id":"59200009","commune":"TOURCOING","cp":"59200","adresse":"344 chaussee denis papin","nom":"STATION AVIA RELAIS DE LA LYS","marque":"Avia"},{"id":"59125003","commune":"TRITH-SAINT-LEGER","cp":"59125","adresse":"2 rue de la concorde","nom":"DUMEZ","marque":"TotalEnergies"},{"id":"59125004","commune":"TRITH-SAINT-LEGER","cp":"59125","adresse":"Autoroute a2 - aire la sentinelle est","nom":"RELAIS D HURTEBISE","marque":"TotalEnergies"},{"id":"59300011","commune":"VALENCIENNES","cp":"59300","adresse":"59 avenue de verdun","nom":"auchan supermarche","marque":"Auchan"},{"id":"59300005","commune":"VALENCIENNES","cp":"59300","adresse":"3 boulevard eisen","nom":"ESSO VALENCIENNES","marque":"Esso Express"},{"id":"59300021","commune":"VALENCIENNES","cp":"59300","adresse":"36 av de st amand","nom":"ESSO VALENCIENNES CROIX DANZIN","marque":"Esso"},{"id":"59300016","commune":"VALENCIENNES","cp":"59300","adresse":"27 bd saly","nom":"RELAIS DENTELLIERES VALENCIENNES","marque":"TotalEnergies Access"},{"id":"59300015","commune":"VALENCIENNES","cp":"59300","adresse":"9-12 rue e. macarez","nom":"RELAIS VALENCIENNES","marque":"TotalEnergies Access"},{"id":"59300013","commune":"VALENCIENNES","cp":"59300","adresse":"Rue ernest macarez","nom":"SAS PETRO EST LECLERC VALENCIENNES","marque":"Leclerc"},{"id":"59300006","commune":"VALENCIENNES","cp":"59300","adresse":"Chemin des bourgeois","nom":"STATION SERVICE AUCHAN VALENCIENNES","marque":"Auchan"},{"id":"59237001","commune":"VERLINGHEM","cp":"59237","adresse":"31 rue de perenchies","nom":"GARAGE BEVE","marque":"Elan"},{"id":"59650001","commune":"VILLENEUVE-D'ASCQ","cp":"59650","adresse":"10 place de la republique","nom":"Carrefour Market","marque":"Carrefour Market"},{"id":"59658001","commune":"VILLENEUVE-D'ASCQ","cp":"59650","adresse":"18 rue jules guesde","nom":"cora flers","marque":"CORA"},{"id":"59650011","commune":"VILLENEUVE-D'ASCQ","cp":"59650","adresse":"Boulevard de mons","nom":"ESSO VILLENEUVE D' ASCQ","marque":"Esso"},{"id":"59650012","commune":"VILLENEUVE-D'ASCQ","cp":"59650","adresse":"76, rue jean jaures","nom":"RELAIS VILLENEUVE D'ASCQ","marque":"TotalEnergies Access"},{"id":"59650009","commune":"VILLENEUVE-D'ASCQ","cp":"59650","adresse":"186, rue des fusilles","nom":"Station Total","marque":"TotalEnergies"},{"id":"59650002","commune":"VILLENEUVE-D'ASCQ","cp":"59491","adresse":"140 rue jean jaures","nom":"SUPERMARCHES MATCH  VILLENEUVE D'ASCQ","marque":"Supermarche Match"},{"id":"59142001","commune":"VILLERS-OUTREAUX","cp":"59142","adresse":"Rue gambetta","nom":"INTERMARCHE","marque":"Intermarche"},{"id":"59118001","commune":"WAMBRECHIES","cp":"59118","adresse":"491 rue de quesnoy","nom":"SUPERMARCHES MATCH  WAMBRECHIES","marque":"Supermarche Match"},{"id":"59290001","commune":"WASQUEHAL","cp":"59290","adresse":"Avenue du grand cottignies","nom":"CARREFOUR WASQUEHAL","marque":"Carrefour"},{"id":"59290002","commune":"WASQUEHAL","cp":"59290","adresse":"Rue de la couture","nom":"ESSO DE LA PILATERIE","marque":"Esso Express"},{"id":"59139001","commune":"WATTIGNIES","cp":"59139","adresse":"205 rue clemenceau","nom":"cora wattignies","marque":"CORA"},{"id":"59150002","commune":"WATTRELOS","cp":"59150","adresse":"Rue de stalingrad","nom":"SAS PETRO-EST LECLERC WATTRELOS","marque":"Leclerc"},{"id":"59136001","commune":"WAVRIN","cp":"59136","adresse":"30 rue de lille","nom":"SARL GARAGE DE LA VALLEE","marque":"TotalEnergies"},{"id":"59119003","commune":"WAZIERS","cp":"59119","adresse":"194 route de tournai","nom":"RELAIS WAZIERS LES TERRILS","marque":"TotalEnergies Access"},{"id":"59470004","commune":"WORMHOUT","cp":"59470","adresse":"703 route de bergues","nom":"SAS nouveau garage des flandres","marque":"TotalEnergies Access"},{"id":"59470003","commune":"WORMHOUT","cp":"59470","adresse":"Route de begues","nom":"SUPER U WORMHOUT","marque":"Systeme U"}]}