{"numero":"77","stations":[{"id":"77760003","commune":"ACHERES-LA-FORET","cp":"77760","adresse":"Aire de acheres la foret ouest a6","nom":"SODIPLEC ACHERES OUEST","marque":"Leclerc"},{"id":"77210002","commune":"AVON","cp":"77210","adresse":"36 avenue du president franklin roosevelt","nom":"Carrefour Market","marque":"Carrefour Market"},{"id":"77210001","commune":"AVON","cp":"77210","adresse":"73 avenue du president franklin roosevelt","nom":"ESSO AVON FONTAINEBLEAU","marque":"Esso Express"},{"id":"77700004","commune":"BAILLY-ROMAINVILLIERS","cp":"77700","adresse":"17 place de l'europe","nom":"Carrefour Market","marque":"Carrefour Market"},{"id":"77350004","commune":"BOISSISE-LA-BERTRAND","cp":"77350","adresse":"Avenue jean monnet","nom":"Intermarche","marque":"Intermarche"},{"id":"77780003","commune":"BOURRON-MARLOTTE","cp":"77780","adresse":"Rn 7","nom":"RELAIS DU LOING","marque":"TotalEnergies Access"},{"id":"77480002","commune":"BRAY-SUR-SEINE","cp":"77480","adresse":"82 avenue de la liberation","nom":"Carrefour Market","marque":"Carrefour Market"},{"id":"77170005","commune":"BRIE-COMTE-ROBERT","cp":"77170","adresse":"25 rue pasteur","nom":"Carrefour Market","marque":"Carrefour Market"},{"id":"77170013","commune":"BRIE-COMTE-ROBERT","cp":"77170","adresse":"5 rue du general leclerc","nom":"RELAIS DE L'YERRES","marque":"TotalEnergies Access"},{"id":"77170004","commune":"BRIE-COMTE-ROBERT","cp":"77170","adresse":"7 rue du general leclerc","nom":"STATION TOTAL BRIE CTE ROB. ESCOFFI","marque":"TotalEnergies"},{"id":"77170006","commune":"BRIE-COMTE-ROBERT","cp":"77170","adresse":"12 rue gustave eiffel","nom":"STATION U","marque":"Systeme U"},{"id":"77600003","commune":"BUSSY-SAINT-GEORGES","cp":"77600","adresse":"Autoroute a4 - aire de bussy st georges","nom":"RELAIS BUSSY ST GEORGES","marque":"TotalEnergies"},{"id":"77600004","commune":"BUSSY-SAINT-GEORGES","cp":"77600","adresse":"Autoroute a4 - aire de ferrieres","nom":"RELAIS FERRIERES","marque":"TotalEnergies"},{"id":"77240002","commune":"CESSON","cp":"77240","adresse":"Rte nationale 6 centre cial boissenart","nom":"AUCHAN CARBURANT","marque":"Auchan"},{"id":"77430001","commune":"CHAMPAGNE-SUR-SEINE","cp":"77430","adresse":"2 rue jean cocteau","nom":"Carrefour Market","marque":"Carrefour Market"},{"id":"77150002","commune":"CHAMPS-SUR-MARNE","cp":"77420","adresse":"Avenue des pyramides","nom":"Carrefour Champs sur Marne","marque":"Carrefour"},{"id":"77590001","commune":"CHARTRETTES","cp":"77590","adresse":" rue gallieni","nom":"Carrefour Market","marque":"Carrefour Market"},{"id":"77570001","commune":"CHATEAU-LANDON","cp":"77570","adresse":"Rue de nisceville","nom":"Carrefour Market","marque":"Carrefour Market"},{"id":"77124002","commune":"CHAUCONIN-NEUFMONTIERS","cp":"77124","adresse":"11 av roland moreno","nom":"AUCHAN MEAUX","marque":"Auchan"},{"id":"77500001","commune":"CHELLES","cp":"77500","adresse":"Avenue sylvie - zi belle-ile","nom":"Auchan Supermarche","marque":"Auchan"},{"id":"77508001","commune":"CHELLES","cp":"77500","adresse":"Avenue du gendarme castermant","nom":"CARREFOUR CHELLES","marque":"Carrefour"},{"id":"77500008","commune":"CHELLES","cp":"77500","adresse":"20 avenue de claye","nom":"ESSO CHELLES MONT CHALAS","marque":"Esso"},{"id":"77500004","commune":"CHELLES","cp":"77500","adresse":"Route de montfermeil","nom":"INTERMARCHE CHELLES MONTFERMEIL","marque":"Intermarche"},{"id":"77500009","commune":"CHELLES","cp":"77500","adresse":"119 av du gendarme castermant","nom":"RELAIS DE CHELLES","marque":"TotalEnergies"},{"id":"77508002","commune":"CLAYE-SOUILLY","cp":"77410","adresse":"Route nationale 3","nom":"Carrefour Claye-Souilly","marque":"Carrefour"},{"id":"77410008","commune":"CLAYE-SOUILLY","cp":"77410","adresse":"Aire de villevaude autoroute a 104","nom":"ESSO A104 AIRE DE VILLEVAUDE","marque":"Esso"},{"id":"77410001","commune":"CLAYE-SOUILLY","cp":"77410","adresse":"Chemin de compans","nom":"SAS BLOM","marque":"TotalEnergies"},{"id":"77090001","commune":"COLLEGIEN","cp":"77090","adresse":"Centre commercial bay 2","nom":"CARREFOUR COLLEGIEN","marque":"Carrefour"},{"id":"77380001","commune":"COMBS-LA-VILLE","cp":"77380","adresse":"Rue charles fabry","nom":"INTERMARCHE COMBS LA VILLE","marque":"Intermarche"},{"id":"77290003","commune":"COMPANS","cp":"77290","adresse":"Aerodrome de mitry","nom":"SHELL COMPANS","marque":"Shell"},{"id":"77860001","commune":"COUILLY-PONT-AUX-DAMES","cp":"77860","adresse":"61 avenue de l'ensoleillee","nom":"SNC COUDYS","marque":"Systeme U"},{"id":"77120005","commune":"COULOMMIERS","cp":"77120","adresse":"5 rue abel prouharam","nom":"A L'INTERMARCHE DE  COULOMMIERS","marque":"Intermarche"},{"id":"77120003","commune":"COULOMMIERS","cp":"77120","adresse":"Boulevard de la marne","nom":"BOUCHE DISTRIBUTION","marque":"Leclerc"},{"id":"77120007","commune":"COULOMMIERS","cp":"77120","adresse":"19-29 av. victor hugo","nom":"RELAIS COULOMMIERS","marque":"TotalEnergies Access"},{"id":"77120006","commune":"COULOMMIERS","cp":"77120","adresse":"Avenue de strasbourg","nom":"RELAIS DES CAPUCINS","marque":"TotalEnergies Access"},{"id":"77700002","commune":"COUPVRAY","cp":"77700","adresse":" rue d'esbly","nom":"Carrefour Market","marque":"Carrefour Market"},{"id":"77700003","commune":"COUPVRAY","cp":"77700","adresse":"1 avenue robert schuman","nom":"ESSO DISNEY","marque":"Esso"},{"id":"77580001","commune":"CRECY-LA-CHAPELLE","cp":"77580","adresse":"26 avenue charles de gaulle","nom":"GARAGE MODERNE S.A.S","marque":"Esso"},{"id":"77580002","commune":"CRECY-LA-CHAPELLE","cp":"77580","adresse":"Avenue de villiers","nom":"INTERMARCHE CRECY-LA-CHAPELLE","marque":"Intermarche"},{"id":"77124001","commune":"CREGY-LES-MEAUX","cp":"77124","adresse":"Zac des vignes","nom":"Carrefour Market","marque":"Carrefour Market"},{"id":"77183001","commune":"CROISSY-BEAUBOURG","cp":"77183","adresse":"Boulevard georges bidault","nom":"INTERMARCHE CROISSY BEAUBOURG","marque":"Intermarche"},{"id":"77195001","commune":"DAMMARIE-LES-LYS","cp":"77190","adresse":"Rn7 bp23","nom":"CARREFOUR VILLIERS EN BIERE","marque":"Carrefour"},{"id":"77190004","commune":"DAMMARIE-LES-LYS","cp":"77190","adresse":"544 avenue andre ampere","nom":"CENTRE LECLERC","marque":"Leclerc"},{"id":"77190005","commune":"DAMMARIE-LES-LYS","cp":"77190","adresse":"936 avenue du general leclerc","nom":"RELAIS DAMMARIE LECLERC","marque":"TotalEnergies Access"},{"id":"77190006","commune":"DAMMARIE-LES-LYS","cp":"77190","adresse":"Avenue des lys","nom":"RELAIS DAMMARIE LES LYS","marque":"TotalEnergies Access"},{"id":"77140012","commune":"DARVAULT","cp":"77140","adresse":"Aire de darvault a6","nom":"Shell Darvault","marque":"Shell"},{"id":"77520002","commune":"DONNEMARIE DONTILLY","cp":"77520","adresse":"2 rue montpensier","nom":"Intermarche DONNEMARIE DONTILLY","marque":"Intermarche"},{"id":"77250007","commune":"ECUELLES","cp":"77250","adresse":"Rd 606 - sens province paris","nom":"RELAIS MORET SUR LOING 2","marque":"TotalEnergies Access"},{"id":"77620001","commune":"EGREVILLE","cp":"77620","adresse":"Route de lorrez","nom":"SAS SOEGREDIS","marque":"U EXPRESS"},{"id":"77184004","commune":"EMERAINVILLE","cp":"77184","adresse":"4 boulevard olof palme","nom":"INTERMARCHE EMERAINVILLE","marque":"Intermarche"},{"id":"77450007","commune":"ESBLY","cp":"77450","adresse":"53 avenue joffre","nom":"ESSO EXPRESS ESBLY","marque":"Esso Express"},{"id":"77450005","commune":"ESBLY","cp":"77450","adresse":"2, avenue charles de gaulle","nom":"RELAIS DES ARCHERS","marque":"TotalEnergies"},{"id":"77515001","commune":"FAREMOUTIERS","cp":"77515","adresse":"Parc d'activites pres des bourdeaux","nom":"INTERMARCHE DE FAREMOUTIERS","marque":"Intermarche"},{"id":"77164002","commune":"FERRIERES EN BRIE","cp":"77164","adresse":"Zac des hauts de ferrieres - parc des merlettes","nom":"Intermarche FERRIERES EN BRIE","marque":"Intermarche"},{"id":"77300005","commune":"FONTAINEBLEAU","cp":"77300","adresse":"Carrefour de la liberation","nom":"BP FONTAINEBLEAU LA FOURCHE Carrefour Express","marque":"BP"},{"id":"77300001","commune":"FONTAINEBLEAU","cp":"77300","adresse":"44 boulevard du marechal foch","nom":"RELAIS FOCH","marque":"TotalEnergies"},{"id":"77610002","commune":"FONTENAY-TRESIGNY","cp":"77610","adresse":"Rue bertaux","nom":"SAS FONTENAL","marque":"Intermarche"},{"id":"77610003","commune":"FONTENAY-TRESIGNY","cp":"77610","adresse":"7 rue marguerite perey","nom":"TRESIGNY STATION SERVICE","marque":"Leclerc"},{"id":"77130012","commune":"FORGES","cp":"77130","adresse":"A5 aire des jonchets grande paroisse","nom":"FULLI GRANDE PAROISSE","marque":"Fulli"},{"id":"77130013","commune":"FORGES","cp":"77130","adresse":"A5 aire des jonchets les recompenses","nom":"FULLI LES RECOMPENSES","marque":"Fulli"},{"id":"77130003","commune":"FORGES","cp":"77130","adresse":"Rn 105","nom":"STATION TOTAL RELAIS DE FORGES","marque":"TotalEnergies"},{"id":"77220004","commune":"GRETZ-ARMAINVILLIERS","cp":"77220","adresse":" boulevard victor hugo","nom":"INTERMARCHE GRETZ ARMAINVILLIERS","marque":"Intermarche"},{"id":"77880001","commune":"GREZ-SUR-LOING","cp":"77880","adresse":"Rn 7","nom":"RELAIS DE LA COMMANDERIE","marque":"TotalEnergies"},{"id":"77390003","commune":"GUIGNES","cp":"77390","adresse":"L oree de guignes","nom":"Carrefour Market","marque":"Carrefour Market"},{"id":"77760001","commune":"LA CHAPELLE-LA-REINE","cp":"77760","adresse":"Rue de l'avenir","nom":"AVIA XPRESS","marque":"AVIA"},{"id":"77760002","commune":"LA CHAPELLE-LA-REINE","cp":"77760","adresse":"36 avenue de fontainebleau","nom":"SARL GARAGE MODERNE","marque":"TotalEnergies"},{"id":"77320002","commune":"LA FERTE-GAUCHER","cp":"77320","adresse":"Avenue du general leclerc","nom":"INTERMARCHE LA FERTE GAUCHER","marque":"Intermarche"},{"id":"77320003","commune":"LA FERTE-GAUCHER","cp":"77320","adresse":"Avenue de la maison-blanche","nom":"SUPER U","marque":"Systeme U"},{"id":"77260009","commune":"LA FERTE SOUS JOUARRE","cp":"77260","adresse":"42 avenue franklin roosevelt","nom":"TOTAL LA FERTE SOUS JOUARRE","marque":"TotalEnergies"},{"id":"77260004","commune":"LA FERTE-SOUS-JOUARRE","cp":"77260","adresse":"Avenue de rebais","nom":"SAS FERTE-DIS","marque":"Leclerc"},{"id":"77400015","commune":"LAGNY SUR MARNE","cp":"77400","adresse":"127 avenue du general leclerc","nom":"ESSO EXPRESS LAGNY","marque":"ESSO EXPRESS"},{"id":"77400011","commune":"LAGNY-SUR-MARNE","cp":"77400","adresse":"Rn 34","nom":"RELAIS DES COTEAUX","marque":"TotalEnergies Access"},{"id":"77000013","commune":"LA ROCHETTE","cp":"77000","adresse":"27 bis avenue du general leclerc","nom":"RELAIS LA ROCHETTE MELUN","marque":"TotalEnergies Access"},{"id":"77820003","commune":"LE CHATELET-EN-BRIE","cp":"77820","adresse":"5 rue des  grands champs","nom":"E.LECLERC","marque":"Leclerc"},{"id":"77350005","commune":"LE MEE SUR SEINE","cp":"77350","adresse":"Av maurice dauvergne","nom":"RELAIS LE MEE S.SEINE COURTILLE","marque":"TotalEnergies Access"},{"id":"77181002","commune":"LE PIN","cp":"77181","adresse":"Route de chelles","nom":"RELAIS DU PIN","marque":"TotalEnergies Access"},{"id":"77150003","commune":"LESIGNY","cp":"77150","adresse":"Centre commercial de la fontaine","nom":"Carrefour Market","marque":"Carrefour Market"},{"id":"77150004","commune":"LESIGNY","cp":"77150","adresse":"Av des hyvernaux - rd 51","nom":"RELAIS PARC DE LESIGNY","marque":"TotalEnergies Access"},{"id":"77127001","commune":"LIEUSAINT","cp":"77127","adresse":"C.commercial carre senart","nom":"CARREFOUR CARRE SENART","marque":"Carrefour"},{"id":"77440001","commune":"LIZY-SUR-OURCQ","cp":"77440","adresse":"16 avenue du chemin noir","nom":"INTERMARCHE LIZY-SUR-OURCQ","marque":"Intermarche"},{"id":"77440002","commune":"LIZY-SUR-OURCQ","cp":"77440","adresse":"8, route des platanes","nom":"Market Lizy sur Ourcq","marque":"Carrefour Market"},{"id":"77650001","commune":"LONGUEVILLE","cp":"77650","adresse":"Rue de la croix brouillard","nom":"INTERMARCHE CONTACT","marque":"Intermarche"},{"id":"77710001","commune":"LORREZ-LE-BOCAGE-PREAUX","cp":"77710","adresse":"Chemin du berceau","nom":"Intermarche Lorrez","marque":"Intermarche"},{"id":"77100016","commune":"MAREUIL-LES-MEAUX","cp":"77100","adresse":"30 mail de la grande haie","nom":"LECLERC MAREUILDIS","marque":"Leclerc"},{"id":"77100008","commune":"MEAUX","cp":"77100","adresse":"Av president salvador allende","nom":"ESSO PARIS METZ","marque":"Esso Express"},{"id":"77100025","commune":"MEAUX","cp":"77100","adresse":"42 allee jean louis barrault","nom":"MARCHE FRAIS FRAIS GEANT LA VERRIERE","marque":"MARCHE FRAIS"},{"id":"77100022","commune":"MEAUX","cp":"77100","adresse":"30/34 rue francois de tessan","nom":"RELAIS ST PERES","marque":"TotalEnergies Access"},{"id":"77100009","commune":"MEAUX","cp":"77100","adresse":"Rue georges claude","nom":"SODIMEAUX","marque":"Leclerc"},{"id":"77100010","commune":"MEAUX","cp":"77100","adresse":"81 avenue president roosevelt","nom":"TOTAL  METIN","marque":"TotalEnergies"},{"id":"77000011","commune":"MELUN","cp":"77000","adresse":"Rn 5 bis rte de nangis (angle)","nom":"RELAIS DE L'ALMONT","marque":"TotalEnergies"},{"id":"77000005","commune":"MELUN","cp":"77000","adresse":"48 avenue de meaux","nom":"TOTAL LE RELAIS 77","marque":"TotalEnergies"},{"id":"77290002","commune":"MITRY-MORY","cp":"77290","adresse":"46 rue de villeparisis","nom":"INTERMARCHE MITRY-MORY","marque":"Intermarche"},{"id":"77130006","commune":"MONTEREAU-FAULT-YONNE","cp":"77130","adresse":"Boulevard diderot","nom":"CARREFOUR MONTEREAU","marque":"Carrefour"},{"id":"77144001","commune":"MONTEVRAIN","cp":"77144","adresse":"1 boulevard charles de gaulle","nom":"INTERMARCHE MONTEVRAIN","marque":"Intermarche"},{"id":"77144002","commune":"MONTEVRAIN","cp":"77144","adresse":"Zac du clos rose","nom":"Total metin val d'europe","marque":"TotalEnergies"},{"id":"77690001","commune":"MONTIGNY SUR LOING","cp":"77690","adresse":"22 rue du poirier de fromie","nom":"GARAGE TURPIN","marque":"GARAGE TURPIN"},{"id":"77250004","commune":"MORET-LOING-ET-ORVANNE","cp":"77250","adresse":"11 rue de l'orvanne","nom":"CSF FRANCE STATION SERVICE","marque":"Carrefour Market"},{"id":"77250002","commune":"MORET-LOING-ET-ORVANNE","cp":"77250","adresse":"2 avenue de la gare","nom":"INTERMARCHE VENEUX LES SABLONS","marque":"Intermarche"},{"id":"77250006","commune":"MORET-LOING-ET-ORVANNE","cp":"77250","adresse":"Rd 606","nom":"RELAIS MORET SUR LOING 1","marque":"TotalEnergies Access"},{"id":"77720002","commune":"MORMANT","cp":"77720","adresse":"Les chaumes rn 19","nom":"INTERMARCHE MORMANT","marque":"Intermarche"},{"id":"77120004","commune":"MOUROUX","cp":"77120","adresse":"Rn 34","nom":"CARREFOUR MARKET MOUROUX","marque":"Carrefour Market"},{"id":"77480001","commune":"MOUSSEAUX-LES-BRAY","cp":"77480","adresse":"Rue de la sucrerie","nom":"AVIA XPRESS","marque":"AVIA"},{"id":"77230004","commune":"MOUSSY-LE-NEUF","cp":"77230","adresse":"Route de vemars","nom":"INTERMARCHE MOUSSY-LE-NEUF","marque":"Intermarche"},{"id":"77370001","commune":"NANGIS","cp":"77370","adresse":"Avenue de verdun","nom":"Carrefour Market","marque":"Carrefour Market"},{"id":"77370003","commune":"NANGIS","cp":"77370","adresse":"Route de fontainebleau","nom":"INTERMARCHE NANGIS","marque":"Intermarche"},{"id":"77370005","commune":"NANGIS","cp":"77370","adresse":"Rn 19 , avenue du general de gau","nom":"RELAIS DE NANGIS","marque":"TotalEnergies Access"},{"id":"77100015","commune":"NANTEUIL-LES-MEAUX","cp":"77100","adresse":"Avenue de la foulee","nom":"Carrefour Market","marque":"Carrefour Market"},{"id":"77100021","commune":"NANTEUIL-LES-MEAUX","cp":"77100","adresse":"1-5 avenue de melun","nom":"RELAIS DE BOSSUET","marque":"TotalEnergies Access"},{"id":"77140013","commune":"NEMOURS","cp":"77140","adresse":"28 avenue du general de gaulle","nom":"AUCHAN NEMOURS","marque":"Auchan"},{"id":"77140010","commune":"NEMOURS","cp":"77140","adresse":"Autoroute du soleil - aire de nemours ouest","nom":"AUTOGRILL STATION SHELL","marque":"AUTOGRILL"},{"id":"77140006","commune":"NEMOURS","cp":"77140","adresse":"1 rue jm jacquard","nom":"INTERMARCHE NEMOURS","marque":"Intermarche"},{"id":"77140011","commune":"NEMOURS","cp":"77140","adresse":"10 avenue du general de gaulle","nom":"RELAIS NEMOURS DE GAULLE","marque":"TotalEnergies"},{"id":"77186001","commune":"NOISIEL","cp":"77186","adresse":"4 avenue pierre mendes france","nom":"BRIE DES NATIONS","marque":"TotalEnergies"},{"id":"77186003","commune":"NOISIEL","cp":"77186","adresse":"Cours de l'arche guedon","nom":"RELAIS DE LA MAILLERE","marque":"TotalEnergies"},{"id":"77280001","commune":"OTHIS","cp":"77280","adresse":"Rue du 8 mai 1945","nom":"INTERMARCHE OTHIS","marque":"Intermarche"},{"id":"77330003","commune":"OZOIR-LA-FERRIERE","cp":"77330","adresse":"84 rue francois de tessan","nom":"LECLERC OZOIR LA FERRIERE","marque":"Leclerc"},{"id":"77330004","commune":"OZOIR-LA-FERRIERE","cp":"77330","adresse":"Rn4 lieudit l erable","nom":"RELAIS OZOIR LA FERRIERE","marque":"TotalEnergies"},{"id":"77330002","commune":"OZOIR-LA-FERRIERE","cp":"77330","adresse":"2 avenue edouard gourdon","nom":"SAS Station Kleber Ozoir  avia","marque":"Avia"},{"id":"77340007","commune":"PONTAULT COMBAULT","cp":"77340","adresse":"N104 la francilienne - aire pre de l'aulnes et de la gde mar","nom":"RELAIS PONTAULT EST","marque":"TotalEnergies Access"},{"id":"77346001","commune":"PONTAULT-COMBAULT","cp":"77340","adresse":"Rn 4 77346 pontault-combault","nom":"CARREFOUR PONTAULT-COMBAULT","marque":"Carrefour"},{"id":"77340003","commune":"PONTAULT-COMBAULT","cp":"77340","adresse":"Route de paris","nom":"E.LECLERC S. A. S. DIS-PONTAUT","marque":"Leclerc"},{"id":"77340005","commune":"PONTAULT-COMBAULT","cp":"77340","adresse":"Chemin departemental 51 - rue des bercheres","nom":"RELAIS AIRE DES BERCHERES","marque":"TotalEnergies"},{"id":"77340006","commune":"PONTAULT-COMBAULT","cp":"77340","adresse":"6 a 10 av charles rouxel","nom":"RELAIS DE COMBAULT","marque":"TotalEnergies Access"},{"id":"77160004","commune":"PROVINS","cp":"77160","adresse":"16 av general de gaulle","nom":"ENI PROVINS","marque":"ENI"},{"id":"77160003","commune":"PROVINS","cp":"77160","adresse":"15 avenue du marechal de lattre de tassigny","nom":"INTERMARCHE PROVINS","marque":"Intermarche"},{"id":"77160002","commune":"PROVINS","cp":"77160","adresse":"Avenue de la voulzie","nom":"SAS PETRO-EST LECLERC PROVINS","marque":"Leclerc"},{"id":"77550004","commune":"REAU","cp":"77550","adresse":"Autoroute a5b - aire de galande-la-mare-laroche","nom":"RELAIS DE GALANDE","marque":"TotalEnergies"},{"id":"77550005","commune":"REAU","cp":"77550","adresse":"Autoroute a5a - aire du plessis-picard","nom":"RELAIS PLESSIS PICAR","marque":"TotalEnergies"},{"id":"77510001","commune":"REBAIS","cp":"77510","adresse":"Zac pre ancel","nom":"Carrefour Market","marque":"Carrefour Market"},{"id":"77680001","commune":"ROISSY-EN-BRIE","cp":"77680","adresse":"Bld de la malibran","nom":"ESSO MALIBRAN","marque":"Esso Express"},{"id":"77680004","commune":"ROISSY-EN-BRIE","cp":"77680","adresse":"Place robert schuman","nom":"SAS JALYS (INTERMARCHE)","marque":"Intermarche"},{"id":"77680003","commune":"ROISSY-EN-BRIE","cp":"77680","adresse":"Route d'ozoir","nom":"SUPER U ROISSY EN BRIE","marque":"Systeme U"},{"id":"77230006","commune":"ROUVRES","cp":"77230","adresse":"Rn 2 route de soissons","nom":"RELAIS DE CHANTEMERLE","marque":"TotalEnergies Access"},{"id":"77540002","commune":"ROZAY-EN-BRIE","cp":"77540","adresse":"56 rue de vilpre","nom":"MARKET ROZAY EN BRIE","marque":"Carrefour Market"},{"id":"77950001","commune":"RUBELLES","cp":"77950","adresse":" rue du perre","nom":"Carrefour Market","marque":"Carrefour Market"},{"id":"77310006","commune":"SAINT-FARGEAU-PONTHIERRY","cp":"77310","adresse":"Lotissement des bordes, rn 7","nom":"ESSO ST FARGEAU PONTHIERRY","marque":"Esso"},{"id":"77740002","commune":"SAINT-GERMAIN-SUR-MORIN","cp":"77860","adresse":"62 route de paris / rn 34","nom":"RELAIS ORME LOUPS","marque":"TotalEnergies Access"},{"id":"77230009","commune":"SAINT-MARD","cp":"77230","adresse":"5 avenue des deux moulins","nom":"Carrefour Saint-Mard","marque":"Carrefour"},{"id":"77140003","commune":"SAINT-PIERRE-LES-NEMOURS","cp":"77140","adresse":"Route de larchant","nom":"Carrefour Market","marque":"Carrefour Market"},{"id":"77165002","commune":"SAINT-SOUPPLETS","cp":"77165","adresse":"Avenue du marechal gallieni","nom":"Carrefour Market","marque":"Carrefour Market"},{"id":"77400012","commune":"SAINT-THIBAULT-DES-VIGNES","cp":"77400","adresse":"Avenue st germain des noyers","nom":"ESSO ST THIBAULT DES VIGNES","marque":"Esso"},{"id":"77400007","commune":"SAINT-THIBAULT-DES-VIGNES","cp":"77400","adresse":"Avenue de la courtilliere","nom":"INTERMARCHE ST THIBAULT DES VIGNES","marque":"Intermarche"},{"id":"77176001","commune":"SAVIGNY-LE-TEMPLE","cp":"77176","adresse":"8 avenue du 8 mai 1945","nom":"SIGESS TOTAL ENERGIES","marque":"TotalEnergies"},{"id":"77260005","commune":"SEPT-SORTS","cp":"77260","adresse":"Rn 3 zi  du hainault.","nom":"INTERMARCHE SEPT SORTS","marque":"Intermarche"},{"id":"77700001","commune":"SERRIS","cp":"77700","adresse":"14 cours du danube","nom":"AUCHAN VAL D'EUROPE","marque":"Auchan"},{"id":"77460005","commune":"SOUPPES-SUR-LOING","cp":"77460","adresse":"Val de loing","nom":"AVIA XPRESS","marque":"Avia"},{"id":"77460001","commune":"SOUPPES-SUR-LOING","cp":"77460","adresse":"115 avenue du marechal leclerc","nom":"SOUPPES AUTO SA","marque":"TOTAL"},{"id":"77171003","commune":"SOURDUN","cp":"77171","adresse":"38, rue de paris","nom":"RELAIS DE SOURDUN","marque":"TotalEnergies Access"},{"id":"77310009","commune":"ST FARGEAU PONTHIERRY","cp":"77310","adresse":"Rn 7","nom":"RELAIS MAISON ROUGE","marque":"TotalEnergies Access"},{"id":"77165006","commune":"ST SOUPPLETS","cp":"77165","adresse":"Rn 330 - route de meaux","nom":"RELAIS DU SAUVOY","marque":"TotalEnergies"},{"id":"77810001","commune":"THOMERY","cp":"77810","adresse":"Chemin des pres","nom":"AUCHAN","marque":"Auchan"},{"id":"77400008","commune":"THORIGNY-SUR-MARNE","cp":"77400","adresse":"17 allee des rousselets zac des vallieres","nom":"INTERMARCHE THORIGNY","marque":"Intermarche"},{"id":"77200001","commune":"TORCY","cp":"77200","adresse":"11 rue de paris","nom":"GARAGE OJA SA","marque":"TotalEnergies"},{"id":"77220005","commune":"TOURNAN-EN-BRIE","cp":"77220","adresse":"Rue de la liberation","nom":"CARREFOUR MARKET TOURNAN EN BRIE","marque":"Carrefour Market"},{"id":"77470001","commune":"TRILPORT","cp":"77470","adresse":"86 avenue de verdun","nom":"SASU TRILDIS","marque":"Carrefour Market"},{"id":"77116001","commune":"URY","cp":"77760","adresse":"Aire de acheres est a6","nom":"SODIPLEC ACHERES EST","marque":"Leclerc"},{"id":"77260010","commune":"USSY SUR MARNE","cp":"77260","adresse":"Aire de changis-sur-marne a4","nom":"ENI AIRE DE CHANGIS-SUR-MARNE","marque":"ENI"},{"id":"77260011","commune":"USSY SUR MARNE","cp":"77260","adresse":"Aire de ussy sur marne - autoroute a4","nom":"SG2P ENI USSY SUR MARNE","marque":"ENI"},{"id":"77360001","commune":"VAIRES-SUR-MARNE","cp":"77360","adresse":"Place du general de gaulle","nom":"CARREFOUR MARKET VAIRES SUR MARNE","marque":"Carrefour Market"},{"id":"77130008","commune":"VARENNES-SUR-SEINE","cp":"77130","adresse":"Route du breau","nom":"SAS PETRO-EST LECLERC VARENNES","marque":"Leclerc"},{"id":"77130005","commune":"VARENNES-SUR-SEINE","cp":"77130","adresse":"Avenue du 8 mai 1945","nom":"SODIVAR","marque":"Leclerc"},{"id":"77910001","commune":"VARREDDES","cp":"77910","adresse":"17 avenue des americains","nom":"TOTAL VARREDDES","marque":"TotalEnergies"},{"id":"77141001","commune":"VAUDOY EN BRIE","cp":"77141","adresse":"Rd 231, station total","nom":"NEW AUTOMOBILE","marque":"TotalEnergies"},{"id":"77141003","commune":"VAUDOY-EN-BRIE","cp":"77141","adresse":"Rn4 route de pecy, lieu dit lugins","nom":"Relais de marne et seine","marque":"Avia"},{"id":"77000003","commune":"VAUX-LE-PENIL","cp":"77000","adresse":"Rue des trois rodes","nom":"Carrefour Market","marque":"Carrefour Market"},{"id":"77000014","commune":"VAUX-LE-PENIL","cp":"77000","adresse":"27 route de montereau","nom":"SA VAUX DISTRIBUTION","marque":"Intermarche"},{"id":"77230001","commune":"VILLENEUVE-SOUS-DAMMARTIN","cp":"77230","adresse":"Route de paris","nom":"EASY SERVICE","marque":"TotalEnergies"},{"id":"77270001","commune":"VILLEPARISIS","cp":"77270","adresse":"Avenue roger salengro","nom":"MAVIDIS","marque":"Leclerc"},{"id":"77410009","commune":"VILLEVAUDE","cp":"77410","adresse":"Autoroute n104 - aire de villevaude","nom":"RELAIS DE VILLEVAUDE","marque":"TotalEnergies Access"},{"id":"77870002","commune":"VULAINES-SUR-SEINE","cp":"77870","adresse":"44 route d hericy","nom":"AUCHAN SUPERMARCHE VULAINES-SUR-SEINE","marque":"Auchan"},{"id":"77390005","commune":"YEBLES","cp":"77390","adresse":"Rd 619","nom":"RELAIS PORTES DE YEBLES","marque":"TotalEnergies Access"}]}