{"numero":"84","stations":[{"id":"84400007","commune":"APT","cp":"84400","adresse":"382 av. de lancon rn 100","nom":"RELAIS DU LUBERON","marque":"TotalEnergies Access"},{"id":"84400004","commune":"APT","cp":"84400","adresse":"Boulevard de la liberation","nom":"SAS CARBU MADELEINE","marque":"Independant sans enseigne"},{"id":"84400003","commune":"APT","cp":"84400","adresse":"Chemin des abattoirs","nom":"SODISAPT","marque":"Leclerc"},{"id":"84400001","commune":"APT","cp":"84400","adresse":"Avenue lancon","nom":"SUPERMARCHE AUCHAN APT","marque":"Auchan"},{"id":"84810002","commune":"AUBIGNAN","cp":"84810","adresse":"Avenue majoral jouve","nom":"CARREFOUR CONTACT","marque":"Carrefour Contact"},{"id":"84013001","commune":"AVIGNON","cp":"84140","adresse":"Route de marseille","nom":"AVIGNON SUD","marque":"Auchan"},{"id":"84000009","commune":"AVIGNON","cp":"84000","adresse":"10 avenue eisenhower","nom":"AVIROC","marque":"Leclerc"},{"id":"84000001","commune":"AVIGNON","cp":"84000","adresse":"162 avenue pierre semard","nom":"CARREFOUR AVIGNON SEMARD","marque":"Carrefour"},{"id":"84000023","commune":"AVIGNON","cp":"84000","adresse":"390 rue jean marie tjibaou","nom":"CARREFOUR BELLAPONTE","marque":"Carrefour"},{"id":"84000008","commune":"AVIGNON","cp":"84000","adresse":"18 route de lyon","nom":"ESSO CROISIERE","marque":"Esso Express"},{"id":"84000011","commune":"AVIGNON","cp":"84000","adresse":"37 route de montfavet","nom":"INTERMARCHE AVIGNON","marque":"Intermarche"},{"id":"84000021","commune":"AVIGNON","cp":"84000","adresse":"Avenue de l amandier","nom":"RELAIS AVIGNON L'AMANDIER","marque":"TotalEnergies Access"},{"id":"84000018","commune":"AVIGNON","cp":"84000","adresse":"20 avenue pierre semard","nom":"RELAIS AVIGNON P.SEMARD","marque":"TotalEnergies"},{"id":"84000020","commune":"AVIGNON","cp":"84000","adresse":"Courtine ouest-rocade ch. de gau","nom":"RELAIS CH. DE GAULLE AVIGNON","marque":"TotalEnergies Access"},{"id":"84000007","commune":"AVIGNON","cp":"84000","adresse":"16 boulevard saint-michel","nom":"SARL BRELY","marque":"Avia"},{"id":"84000017","commune":"AVIGNON","cp":"84000","adresse":"191 route de tarascon","nom":"Station de la Durance","marque":"Garoucha"},{"id":"84190001","commune":"BEAUMES-DE-VENISE","cp":"84190","adresse":"Route de carpentras","nom":"Station la barcilonne","marque":"Independant sans enseigne"},{"id":"84500001","commune":"BOLLENE","cp":"84500","adresse":"Bp 24 quartier la deverasse","nom":"GGE PORTES PROVENCE","marque":"TotalEnergies"},{"id":"84500006","commune":"BOLLENE","cp":"84500","adresse":"Av. jean giono","nom":"RELAIS DES GRES","marque":"TotalEnergies"},{"id":"84507001","commune":"BOLLENE","cp":"84500","adresse":"Route de saint-paul-trois-chateaux","nom":"S.A.BOLDIS","marque":"Leclerc"},{"id":"84500007","commune":"BOLLENE","cp":"84500","adresse":"Avenue jean giono station 2 rond point","nom":"SA CARE","marque":"Intermarche"},{"id":"84500003","commune":"BOLLENE","cp":"84500","adresse":"Route de suze la rousse","nom":"SARL LE GENESTE","marque":"Independant sans enseigne"},{"id":"84160003","commune":"CADENET","cp":"84160","adresse":"4 impasse louis astic, zone artisanale les meilleres","nom":"SARL FUEL & STATION LAURENT","marque":"Independant sans enseigne"},{"id":"84850001","commune":"CAMARET-SUR-AIGUES","cp":"84850","adresse":"110 rte de violes","nom":"INTERMARCHE","marque":"Intermarche Contact"},{"id":"84850002","commune":"CAMARET-SUR-AIGUES","cp":"84850","adresse":"Rd43 chemin de piolenc","nom":"INTERMARCHE","marque":"Intermarche Contact"},{"id":"84330005","commune":"CAROMB","cp":"84330","adresse":"169 route de carpentras","nom":"CARREFOUR","marque":"Carrefour Contact"},{"id":"84976001","commune":"CARPENTRAS","cp":"84200","adresse":"Boulevard naquet","nom":"AUZON VENTOUX","marque":"Leclerc"},{"id":"84200006","commune":"CARPENTRAS","cp":"84200","adresse":"Avenue des marches","nom":"COMTAT CARBURANTS","marque":"Independant sans enseigne"},{"id":"84200012","commune":"CARPENTRAS","cp":"84200","adresse":"417 bis avenue du mont ventoux","nom":"ESSO CARPENTRAS","marque":"Esso"},{"id":"84200011","commune":"CARPENTRAS","cp":"84200","adresse":"80 chemin de la legue","nom":"INTERMARCHE","marque":"Intermarche"},{"id":"84200008","commune":"CARPENTRAS","cp":"84200","adresse":"2875 route de malaucene","nom":"SAS LA MEDE","marque":"Independant sans enseigne"},{"id":"84200010","commune":"CARPENTRAS","cp":"84200","adresse":"1050 chemin du castellas route de mazan","nom":"SUPER U CARPENTRAS","marque":"Systeme U"},{"id":"84510001","commune":"CAUMONT-SUR-DURANCE","cp":"84510","adresse":"65 route de gadagne","nom":"STATION U 24/24","marque":"Systeme U"},{"id":"84301001","commune":"CAVAILLON","cp":"84300","adresse":"28 avenue des taillades","nom":"AUCHAN CAVAILLON","marque":"Auchan"},{"id":"84300003","commune":"CAVAILLON","cp":"84300","adresse":"Route d'avignon","nom":"GARAGE CHABAS ET CIE SA","marque":"TotalEnergies"},{"id":"84300011","commune":"CAVAILLON","cp":"84300","adresse":"264 avenue de cheval blanc","nom":"Relais BAS BANQUETS","marque":"TotalEnergies Access"},{"id":"84300013","commune":"CAVAILLON","cp":"84300","adresse":"250 route de pertuis","nom":"relais de cavaillon","marque":"Independant sans enseigne"},{"id":"84300006","commune":"CAVAILLON","cp":"84300","adresse":"130 allee roch pape","nom":"SAS PAFICO","marque":"Intermarche"},{"id":"84470001","commune":"CHATEAUNEUF-DE-GADAGNE","cp":"84470","adresse":"778 route d'avignon","nom":"ESSO SERVICE DU PLATEAU","marque":"Esso"},{"id":"84230001","commune":"CHATEAUNEUF-DU-PAPE","cp":"84230","adresse":"Avenue louis pasteur","nom":"Utile Chateauneuf du pape","marque":"Systeme U"},{"id":"84350002","commune":"COURTHEZON","cp":"84350","adresse":"Route de chateauneuf du pape","nom":"U EXPRESS","marque":"Systeme U"},{"id":"84320001","commune":"ENTRAIGUES-SUR-LA-SORGUE","cp":"84320","adresse":"515 route de carpentras","nom":"Carrefour Market","marque":"Carrefour Market"},{"id":"84220002","commune":"GORDES","cp":"84220","adresse":"Les imberts","nom":"Le Relais du Ventaux","marque":"Independant sans enseigne"},{"id":"84600003","commune":"GRILLON","cp":"84600","adresse":"Route de valreas . quartier les mouilieres","nom":"FAGE ENERGIES","marque":"Independant sans enseigne"},{"id":"84150001","commune":"JONQUIERES","cp":"84150","adresse":"85 avenue de la liberation","nom":"INTERMARCHE JONQUIERES","marque":"Intermarche"},{"id":"84840003","commune":"LAPALUD","cp":"84840","adresse":"81 avenue de montelimar","nom":"STATION U","marque":"Systeme U"},{"id":"84240001","commune":"LA TOUR-D'AIGUES","cp":"84240","adresse":"428 boulevard st roch","nom":"M.ERIC SEGURRA - RELAIS TOTAL DE LA TOUR D'AIGUES","marque":"TotalEnergies"},{"id":"84360003","commune":"LAURIS","cp":"84360","adresse":"Avenue philippe de girard","nom":"FC Diffusion","marque":"Avia"},{"id":"84130001","commune":"LE PONTET","cp":"84130","adresse":"Zac du saint tronquet, rte de carpentras","nom":"Auchan Le Pontet","marque":"Auchan"},{"id":"84130007","commune":"LE PONTET","cp":"84130","adresse":"256 rue jean et rene rainaudo - clos de realpanier","nom":"Auchan supermarche","marque":"Auchan"},{"id":"84130011","commune":"LE PONTET","cp":"84130","adresse":"Cd 225 rte des bords du rhone","nom":"RELAIS DU PONTET","marque":"TotalEnergies Access"},{"id":"84130010","commune":"LE PONTET","cp":"84130","adresse":"1661 rte de sorgues - rn 7","nom":"RELAIS OSERAIE","marque":"TotalEnergies"},{"id":"84130012","commune":"LE PONTET","cp":"84130","adresse":"36 av charles de gaulle","nom":"Uexpress Le Pontet","marque":"Systeme U"},{"id":"84250002","commune":"LE THOR","cp":"84250","adresse":"180 avenue de la liberation","nom":"Durance auto","marque":"PEUGEOT"},{"id":"84250001","commune":"LE THOR","cp":"84250","adresse":"Route d'avignon","nom":"INTERMARCHE LE THOR","marque":"Intermarche"},{"id":"84800003","commune":"L'ISLE-SUR-LA-SORGUE","cp":"84800","adresse":"Route de carpentras","nom":"INTERMARCHE L'ISLE SUR SORGUE","marque":"Intermarche"},{"id":"84800004","commune":"L'ISLE-SUR-LA-SORGUE","cp":"84800","adresse":"Rn 100 pl. emile char","nom":"RELAIS DU VENAISSIN","marque":"TotalEnergies"},{"id":"84800001","commune":"L'ISLE-SUR-LA-SORGUE","cp":"84800","adresse":"82 chemin des espelugues","nom":"SUPER U","marque":"Systeme U"},{"id":"84340002","commune":"MALAUCENE","cp":"84340","adresse":"2 rond point des remparts","nom":"GARAGE MEFFRE-BRAX  CORINNE","marque":"Avia"},{"id":"84660001","commune":"MAUBEC","cp":"84660","adresse":" route de cavaillon","nom":"SARL GARAGE PANAGIOTIS ET FILS","marque":"PANAGIOTIS"},{"id":"84660002","commune":"MAUBEC","cp":"84660","adresse":"Avenue du tourail","nom":"SUPER U","marque":"Systeme U"},{"id":"84200003","commune":"MAZAN","cp":"84380","adresse":"La venue de carpentras","nom":"STATION DU VENTOUX","marque":"Independant sans enseigne"},{"id":"84430005","commune":"MONDRAGON","cp":"84430","adresse":"Rn7 gour du bidon","nom":"Carrefour Contact Mondragon","marque":"Carrefour Contact"},{"id":"84170002","commune":"MONTEUX","cp":"84170","adresse":"7 avenue rene cassin","nom":"BERNAUD REMY SARL","marque":"ESSO"},{"id":"84170001","commune":"MONTEUX","cp":"84170","adresse":"2 boulevard d'avignon","nom":"SARL ETS CRISTOFOL","marque":"Avia"},{"id":"84140006","commune":"MONTFAVET","cp":"84140","adresse":"950 crs cardinal bertrand de mon","nom":"RELAIS CROIX JOANIS","marque":"TotalEnergies"},{"id":"84140007","commune":"MONTFAVET","cp":"84140","adresse":"4316 rte de marseille","nom":"RELAIS MONTFAVET LA DURANCE","marque":"TotalEnergies Access"},{"id":"84310004","commune":"MORIERES-LES-AVIGNON","cp":"84310","adresse":"Autoroute a7 (sens lyon - marseille)","nom":"Aire de service de Morieres","marque":"Esso"},{"id":"84310002","commune":"MORIERES-LES-AVIGNON","cp":"84310","adresse":"28 chemin du clos neuf","nom":"CENTRE E.LECLERC DE MORIERES LES AVIGNON","marque":"Leclerc"},{"id":"84310003","commune":"MORIERES-LES-AVIGNON","cp":"84310","adresse":"502 avenue jean monnet","nom":"SARL GARAGE DOULMET","marque":"Independant sans enseigne"},{"id":"84550004","commune":"MORNAS","cp":"84550","adresse":"Aire de mornas village - autoroute a7 - sens lyon marseille","nom":"ESSO AIRE DE MORNAS VILLAGE","marque":"Esso"},{"id":"84550003","commune":"MORNAS","cp":"84550","adresse":"Route d'orange","nom":"Market mornas","marque":"Carrefour Market"},{"id":"84550005","commune":"MORNAS","cp":"84550","adresse":"Autoroute a7 aire de mornas les adrets","nom":"SODIPLEC MORNAS LES ADRETS","marque":"Leclerc"},{"id":"84107001","commune":"ORANGE","cp":"84100","adresse":"Route de jonquieres","nom":"CARREFOUR ORANGE","marque":"Carrefour"},{"id":"84100005","commune":"ORANGE","cp":"84100","adresse":"286 avenue charles de gaulle","nom":"INTERMARCHE Autoroute","marque":"Intermarche"},{"id":"84100004","commune":"ORANGE","cp":"84100","adresse":"Rn 7 ave des fourchesvieilles","nom":"INTERMARCHE ORANGE","marque":"Intermarche"},{"id":"84100011","commune":"ORANGE","cp":"84100","adresse":"Quartier de l'argensol","nom":"NETTO ORANGE","marque":"Netto"},{"id":"84100009","commune":"ORANGE","cp":"84100","adresse":"R n 7 - av. de lattre de tassig","nom":"RELAIS LA COMTADINE","marque":"TotalEnergies"},{"id":"84100006","commune":"ORANGE","cp":"84100","adresse":"Route de roquemaure","nom":"STATION DU GRES","marque":"TotalEnergies"},{"id":"84210001","commune":"PERNES-LES-FONTAINES","cp":"84210","adresse":"680 route de la buissonne","nom":"INTERMARCHE PERNES LES FONTAINES","marque":"Intermarche"},{"id":"84210003","commune":"PERNES-LES-FONTAINES","cp":"84210","adresse":"542 avenue charles de gaulle","nom":"STATION MICHEL COURTY","marque":"Dyneff"},{"id":"84120006","commune":"PERTUIS","cp":"84120","adresse":"Route d'aix en provence, quartier saint martin","nom":"CSF SAS CARREFOUR MARKET","marque":"Carrefour Market"},{"id":"84120008","commune":"PERTUIS","cp":"84120","adresse":"408 rue de la tour","nom":"ESSO PERTUIS","marque":"Esso"},{"id":"84120001","commune":"PERTUIS","cp":"84120","adresse":"Boulevard jean guigues (=des jardins)","nom":"HYPER U","marque":"Systeme U"},{"id":"84120004","commune":"PERTUIS","cp":"84120","adresse":"Av. du 8 mai","nom":"STATION ENERGIE","marque":"Independant sans enseigne"},{"id":"84120007","commune":"PERTUIS","cp":"84120","adresse":"Route d'aix en provence - lot. les pres verts","nom":"Station les pres verts","marque":"autre"},{"id":"84160001","commune":"PUYVERT","cp":"84160","adresse":"17 rd 973, domaine de la valette","nom":"SUPER U PUYVERT","marque":"Systeme U"},{"id":"84220003","commune":"ROUSSILLON","cp":"84220","adresse":"Za pied rousset  les devens","nom":"RELAIS DE LA PIOCHE","marque":"Independant sans enseigne"},{"id":"84330004","commune":"SAINT-PIERRE-DE-VASSOLS","cp":"84330","adresse":"Route de bedoin","nom":"MAGASIN U SAINT PIERRE DE VASSOLS","marque":"Systeme U"},{"id":"84110005","commune":"SAINT-ROMAIN-EN-VIENNOIS","cp":"84110","adresse":"Route de nyons","nom":"INTERMARCHE SAINT ROMAIN EN VIENNOIS","marque":"Intermarche"},{"id":"84260001","commune":"SARRIANS","cp":"84260","adresse":"Route de carpentras","nom":"INTERMARCHE SARRIANS","marque":"Intermarche"},{"id":"84390001","commune":"SAULT","cp":"84390","adresse":"Quartier de mougne","nom":"INTERMARCHE CONTACT","marque":"Intermarche Contact"},{"id":"84110006","commune":"SEGURET","cp":"84110","adresse":"2918 route de vaison la romaine","nom":"Avia - PALPACUER Julien","marque":"Avia"},{"id":"84700006","commune":"SORGUES","cp":"84700","adresse":"Autoroute a7","nom":"AVIA Aire de Sorgues","marque":"Avia"},{"id":"84700007","commune":"SORGUES","cp":"84700","adresse":"Place wettenberg","nom":"Carrefour market","marque":"Carrefour Market"},{"id":"84700002","commune":"SORGUES","cp":"84700","adresse":"Route nationale 7","nom":"ESSO L OUVEZE","marque":"Esso Express"},{"id":"84700004","commune":"SORGUES","cp":"84700","adresse":"1238 route d'orange","nom":"INTERMARCHE SORGUES","marque":"Intermarche"},{"id":"84700005","commune":"SORGUES","cp":"84700","adresse":"2232 av. d'orange","nom":"RELAIS DE SORGUES","marque":"TotalEnergies Access"},{"id":"84290001","commune":"STE CECILE LES VIGNES","cp":"84290","adresse":"80 route de travaillan","nom":"STATION U","marque":"Systeme U"},{"id":"84110004","commune":"VAISON-LA-ROMAINE","cp":"84110","adresse":"Avenue marcel pagnol","nom":"La Station U","marque":"Systeme U"},{"id":"84110001","commune":"VAISON-LA-ROMAINE","cp":"84110","adresse":"Avenue victor hugo","nom":"SARL RICHIER","marque":"TotalEnergies Access"},{"id":"84600002","commune":"VALREAS","cp":"84600","adresse":"Route d'orange","nom":"S.A. VALDIS","marque":"Intermarche"},{"id":"84601001","commune":"VALREAS","cp":"84600","adresse":"Route de nyons","nom":"SODIVAL","marque":"Leclerc"},{"id":"84270002","commune":"VEDENE","cp":"84270","adresse":"Avenue pierre de coubertin","nom":"CARREFOUR CONTACT VEDENE","marque":"Carrefour Contact"},{"id":"84740002","commune":"VELLERON","cp":"84740","adresse":"319, route de cavaillon - d31","nom":"SARL AFOGBET","marque":"TotalEnergies"},{"id":"84570002","commune":"VILLES-SUR-AUZON","cp":"84570","adresse":"24 avenue jean jaures","nom":"STATION SERVICE COMMUNALE","marque":"Independant sans enseigne"}]}